ID,Source,Severity,Start_Time,End_Time,Start_Lat,Start_Lng,End_Lat,End_Lng,Distance(mi),Description,Street,City,County,State,Zipcode,Country,Timezone,Airport_Code,Weather_Timestamp,Temperature(F),Wind_Chill(F),Humidity(%),Pressure(in),Visibility(mi),Wind_Direction,Wind_Speed(mph),Precipitation(in),Weather_Condition,Amenity,Bump,Crossing,Give_Way,Junction,No_Exit,Railway,Roundabout,Station,Stop,Traffic_Calming,Traffic_Signal,Turning_Loop,Sunrise_Sunset,Civil_Twilight,Nautical_Twilight,Astronomical_Twilight
SYN-1,Source2,1,2018-03-26 16:57:00.000000000,2018-03-26 20:38:00.000000000,38.599975,-121.508184,,,0.0,Accident on I-95 N at 5th Ave.,I-95 N,Sacramento,Sacramento,CA,95833,US,US/Pacific,KSAC,2018-03-26 16:53:00.000000000,61.7,,68,30.33,10.0,SW,15.4,,Mostly Cloudy,False,False,False,False,False,False,False,False,False,False,False,False,False,Day,Day,Day,Day
SYN-2,Source2,2,2022-07-25 00:06:00,2022-07-25 00:33:00,32.760034,-117.154556,32.779233,-117.153376,2.665,Incident on E Washington Ave near Oak St. Expect delays.,E Washington Ave,San Diego,San Diego,CA,92130-2450,US,US/Pacific,KSAN,2022-07-25 00:04:00,82.1,,76,29.90,10.0,E,2.2,,Thunderstorm,False,False,False,False,False,False,False,False,False,False,False,False,False,Night,Night,Night,Night
SYN-3,Source2,3,2022-05-10 18:42:00,2022-05-11 00:38:00,38.527272,-121.470665,38.529551,-121.479375,0.951,Accident on Highway 99 at Oak St.,Highway 99,Sacramento,Sacramento,CA,95876-3640,US,US/Pacific,KSAC,2022-05-10 18:17:00,65.3,,64,29.66,8.8,SW,11.2,0.05,Heavy Rain,False,False,False,False,False,False,False,False,False,False,False,False,False,Day,Day,Day,Day
SYN-4,Source1,2,2021-01-13 22:45:00.000000000,2021-01-14 01:47:00.000000000,41.556744,-81.670753,41.560948,-81.679524,2.400,"Right lane blocked due to accident on Market St, near Park Rd.",Market St,Cleveland,Cuyahoga,OH,44115,US,US/Eastern,KCLE,2021-01-13 21:57:00.000000000,31.5,22.5,28,30.30,7.1,,24.9,0.15,Light Rain,False,False,False,False,False,False,False,False,False,False,False,False,False,Night,Night,Night,Night
SYN-5,Source1,2,2020-09-28 00:00:00,2020-09-28 03:02:00,32.537613,-84.930477,32.553024,-84.935520,2.796,Incident on Broadway near Exit 108. Expect delays.,Broadway,Columbus,Muscogee,GA,31991,US,US/Eastern,KCSG,2020-09-27 23:58:00,77.2,,36,30.22,10.0,SE,11.7,,Fog,False,False,False,False,False,False,False,False,False,False,False,False,False,Night,Night,Night,Night
SYN-6,Source2,2,2021-07-02 01:07:00,2021-07-02 06:45:00,33.508141,-112.150919,,,0.0,"Right lane blocked due to accident on Main St, near Park Rd.",Main St,Phoenix,Maricopa,AZ,85077-5282,US,US/Mountain,KPHX,2021-07-02 00:52:00,90.8,,22,29.69,10.0,S,8.8,,Fog,False,False,False,False,False,False,False,False,False,False,False,False,False,Night,Night,Night,Night
SYN-7,Source2,3,2021-12-07 21:35:00,2021-12-08 00:30:00,32.656883,-117.103857,32.648726,-117.109794,1.325,Accident on Highway 99 at Oak St.,Highway 99,San Diego,San Diego,CA,92112,US,US/Pacific,KSAN,2021-12-07 21:16:00,54.3,,84,29.60,10.0,SW,12.5,0.21,Rain,False,False,False,False,False,False,False,False,False,False,False,False,False,Night,Night,Night,Night
SYN-8,Source2,2,2018-10-01 19:20:00,2018-10-01 21:10:00,43.133970,-77.582978,,,0.0,Incident on I-10 W near 5th Ave. Expect delays.,I-10 W,Rochester,Monroe,NY,14680-1290,US,US/Eastern,KROC,2018-10-01 19:13:00,58.6,,66,29.39,2.0,,4.9,,Partly Cloudy,False,False,False,False,False,False,False,False,False,False,False,False,False,Night,Day,Day,Day
SYN-9,Source1,2,2019-12-03 07:55:00,2019-12-03 08:22:00,39.954619,-82.987167,39.941399,-82.981562,2.392,"Right lane blocked due to accident on N High St, near Oak St.",N High St,Columbus,Franklin,OH,43201,US,US/Eastern,KCMH,2019-12-03 07:54:00,34.6,25.7,28,29.76,1.7,SW,20.8,0.28,Light Rain,False,False,False,False,False,False,False,False,False,False,False,True,False,Day,Day,Day,Day
SYN-10,Source3,2,2020-04-02 18:33:00.000000000,2020-04-02 19:53:00.000000000,32.449704,-84.988751,32.440465,-85.001873,2.938,Incident on E Washington Ave near Oak St. Expect delays.,E Washington Ave,Columbus,Muscogee,GA,31939,US,US/Eastern,KCSG,2020-04-02 18:03:00.000000000,61.4,,59,30.41,10.0,SE,8.2,0.41,Light Rain,False,False,False,False,False,False,False,False,False,False,False,False,False,Day,Day,Day,Day
SYN-11,Source2,2,2018-12-02 12:02:00,2018-12-02 13:01:00,32.209585,-110.975341,32.228379,-110.955479,2.248,"Right lane blocked due to accident on State Route 4, near 5th Ave.",State Route 4,Tucson,Pima,AZ,85720-5719,US,US/Mountain,KTUS,2018-12-02 11:34:00,61.9,,28,30.02,10.0,CALM,1.4,,Clear,False,False,True,False,False,False,False,False,False,False,False,True,False,Day,Day,Day,Day
SYN-12,Source1,2,2020-10-03 20:45:00,2020-10-04 00:28:00,38.638651,-121.462058,38.645499,-121.477650,3.066,Lane blocked due to accident on I-75 S.,I-75 S,Sacramento,Sacramento,CA,95892-1336,US,US/Pacific,KSAC,2020-10-03 20:09:00,66.0,,41,29.42,10.0,N,12.2,0.0,Clear,False,False,False,False,False,False,False,False,False,False,False,False,False,Night,Night,Night,Day
SYN-13,Source3,2,2018-05-04 04:26:00,2018-05-04 07:09:00,27.873787,-82.536935,27.866771,-82.539342,2.024,Incident on N High St near Park Rd. Expect delays.,N High St,Tampa,Hillsborough,FL,33614,US,US/Eastern,KTPA,2018-05-04 03:59:00,85.0,,90,30.28,10.0,S,24.8,0.36,Heavy Rain,False,False,False,False,False,False,False,False,False,False,False,True,False,Night,Night,Night,Night
SYN-14,Source2,2,2019-09-05 18:25:00.000000000,2019-09-05 20:05:00.000000000,38.652392,-121.498422,,,0.0,Accident on I-5 N at Exit 108.,I-5 N,Sacramento,Sacramento,CA,95883,US,US/Pacific,KSAC,2019-09-05 17:49:00.000000000,66.2,,90,29.43,10.0,W,12.9,,Mostly Cloudy,False,False,True,False,False,False,False,False,False,False,False,True,False,Day,Day,Day,Day
SYN-15,Source3,3,2021-06-14 12:08:00.000000000,2021-06-14 17:27:00.000000000,28.547270,-81.345966,,,0.0,Lane blocked due to accident on I-75 S.,I-75 S,Orlando,Orange,FL,32880-1399,US,US/Eastern,KORL,2021-06-14 12:01:00.000000000,89.4,,60,29.51,10.0,W,2.2,,Mostly Cloudy,False,False,True,False,False,False,False,False,False,False,False,False,False,Day,Day,Day,Day
SYN-16,Source2,3,2018-06-16 01:38:00,2018-06-16 07:22:00,42.879880,-78.844392,42.863221,-78.862629,1.719,Incident on E Washington Ave near Park Rd. Expect delays.,E Washington Ave,Buffalo,Erie,NY,14236,US,US/Eastern,KBUF,2018-06-16 01:26:00,68.7,,25,30.24,10.0,N,,0.0,Partly Cloudy,False,False,False,False,False,False,False,False,False,False,False,False,False,Night,Night,Night,Night
SYN-17,Source1,2,2021-02-24 12:17:00,2021-02-24 12:58:00,28.572105,-81.317706,28.562489,-81.313393,2.695,"Right lane blocked due to accident on I-75 S, near Oak St.",I-75 S,Orlando,Orange,FL,32827,US,US/Eastern,KORL,2021-02-24 12:07:00,72.5,,23,30.12,10.0,CALM,8.3,0.0,Haze,False,False,False,False,False,False,False,False,False,False,False,False,False,Day,Day,Day,Day
SYN-18,Source3,2,2016-06-26 00:26:00,2016-06-26 00:59:00,39.690184,-104.929753,39.679632,-104.947664,0.726,Accident on I-70 E at 5th Ave.,I-70 E,Denver,Denver,CO,80238-6616,US,US/Mountain,KDEN,2016-06-26 00:03:00,75.5,,59,29.33,10.0,NW,1.7,,Partly Cloudy,False,False,False,False,False,False,False,False,False,False,False,True,False,Night,Night,Night,Night
SYN-19,Source2,3,2017-09-09 20:41:00.000000000,2017-09-10 01:06:00.000000000,39.775896,-84.226670,39.795279,-84.224303,3.929,Accident on I-75 S at Park Rd.,I-75 S,Dayton,Montgomery,OH,45418-4474,US,US/Eastern,KDAY,2017-09-09 19:59:00.000000000,68.3,,97,29.29,8.0,NNE,5.4,,Fair,False,False,False,False,False,False,False,False,False,False,False,True,False,Night,Night,Night,Day
SYN-20,Source1,2,2018-01-20 05:49:00,2018-01-20 06:05:00,32.296432,-110.991864,32.301066,-111.006379,3.007,Lane blocked due to accident on State Route 4.,State Route 4,Tucson,Pima,AZ,85770,US,US/Mountain,KTUS,2018-01-20 05:34:00,50.9,,26,29.99,5.4,S,1.7,0.05,Light Rain,False,False,False,False,False,False,False,False,False,False,False,False,False,Night,Night,Night,Day
SYN-21,Source3,2,2022-04-22 11:02:00,2022-04-22 13:45:00,27.968879,-82.503151,,,0.0,Lane blocked due to accident on Broadway.,Broadway,Tampa,Hillsborough,FL,33613,US,US/Eastern,KTPA,2022-04-22 10:56:00,70.2,,66,30.27,10.0,CALM,8.7,0.0,Fair,False,False,False,False,False,False,False,False,False,False,False,False,False,Day,Day,Day,Day
SYN-22,Source1,3,2020-12-29 20:56:00.000000000,2020-12-29 21:25:00.000000000,43.199515,-77.639136,,,0.0,Accident on Highway 99 at Park Rd.,Highway 99,Rochester,Monroe,NY,14649-9373,US,US/Eastern,KROC,2020-12-29 20:22:00.000000000,34.6,24.8,88,30.32,10.0,E,0.1,,Cloudy,False,False,False,False,True,False,False,False,False,False,False,False,False,Night,Night,Night,Day
SYN-23,Source2,2,2018-01-28 02:06:00,2018-01-28 07:41:00,32.784021,-96.752319,,,0.0,Lane blocked due to accident on Market St.,Market St,Dallas,Dallas,TX,75280-3923,US,US/Central,KDAL,2018-01-28 01:49:00,54.8,,88,30.01,10.0,NNE,,,Cloudy,False,False,False,False,False,False,False,False,False,False,False,False,False,Night,Night,Night,Night
SYN-24,Source2,2,2018-06-14 07:44:00.000000000,2018-06-14 11:29:00.000000000,43.130772,-77.552521,,,0.0,Incident on Main St near Exit 12. Expect delays.,Main St,Rochester,Monroe,NY,14644,US,US/Eastern,KROC,2018-06-14 07:16:00.000000000,70.4,,51,29.21,10.0,NNE,6.1,0.0,Overcast,False,False,False,False,False,False,False,False,False,False,False,False,False,Day,Day,Day,Day
SYN-25,Source1,4,2019-01-03 04:00:00,2019-01-03 06:22:00,33.509392,-112.016192,33.491640,-112.016329,2.216,Incident on Market St near 5th Ave. Expect delays.,Market St,Phoenix,Maricopa,AZ,85079,US,US/Mountain,KPHX,2019-01-03 03:19:00,,,96,29.79,10.0,VAR,14.0,0.0,Haze,False,False,False,False,False,False,False,False,False,True,False,False,False,Night,Night,Night,Night
SYN-26,Source1,2,2020-06-13 00:51:00,2020-06-13 02:24:00,47.679157,-122.323219,47.677560,-122.326373,3.356,Accident on Broadway at Park Rd.,Broadway,Seattle,King,WA,98129,US,US/Pacific,KBFI,2020-06-13 00:45:00,72.9,,42,29.38,10.0,S,18.7,,Haze,False,False,False,False,False,False,False,False,False,False,False,False,False,Night,Night,Night,Night
SYN-27,Source1,4,2016-06-09 06:16:00,2016-06-09 12:02:00,28.516486,-81.436444,,,0.0,Incident on I-35 S near Elm St. Expect delays.,I-35 S,Orlando,Orange,FL,32847,US,US/Eastern,KORL,2016-06-09 05:51:00,84.1,,47,30.48,10.0,NNE,6.9,0.0,Cloudy,False,False,False,False,False,False,False,False,False,False,False,False,False,Night,Day,Day,Day
SYN-28,Source1,3,2016-03-25 13:52:00,2016-03-25 19:33:00,43.161331,-77.607898,43.171022,-77.617980,0.640,Lane blocked due to accident on Market St.,Market St,Rochester,Monroe,NY,14661,US,US/Eastern,KROC,,39.6,,78,29.53,10.0,NE,17.9,0.0,Haze,False,False,False,False,False,False,False,False,False,False,False,False,False,Day,Day,Day,Day
SYN-29,Source3,2,2020-12-22 19:38:00,2020-12-22 21:58:00,33.378316,-112.120965,33.374128,-112.123753,1.308,Lane blocked due to accident on I-10 W.,I-10 W,Phoenix,Maricopa,AZ,85039-8641,US,US/Mountain,KPHX,2020-12-22 19:31:00,52.1,,66,29.46,10.0,VAR,3.1,0.0,Fair,False,False,False,False,True,False,False,False,False,False,False,False,False,Night,Day,Day,Day
SYN-30,Source1,2,2020-09-29 22:14:00.000000000,2020-09-30 03:55:00.000000000,33.418025,-112.138665,33.406992,-112.121872,1.400,"Right lane blocked due to accident on Main St, near Elm St.",Main St,Phoenix,Maricopa,AZ,85057,US,US/Mountain,KPHX,2020-09-29 21:38:00.000000000,83.1,,52,29.38,10.0,NNE,7.9,0.0,Clear,False,False,True,False,False,False,False,False,False,False,False,False,False,Night,Night,Night,Night
SYN-31,Source1,3,2021-09-23 19:24:00,2021-09-24 00:44:00,39.926631,-83.055691,,,0.0,Lane blocked due to accident on I-75 S.,I-75 S,Columbus,Franklin,OH,43217,US,US/Eastern,KCMH,2021-09-23 19:05:00,65.4,,50,29.33,10.0,S,7.0,0.0,Mostly Cloudy,False,False,False,False,False,False,False,False,False,False,False,False,False,Night,Day,Day,Day
SYN-32,Source2,2,2017-11-04 08:59:00,2017-11-04 10:17:00,28.472346,-81.415977,28.479853,-81.429609,3.911,Incident on I-90 E near Exit 12. Expect delays.,I-90 E,Orlando,Orange,FL,32853,US,US/Eastern,KORL,,67.2,,65,29.23,10.0,VAR,16.2,0.42,Light Rain,False,False,False,False,False,False,False,False,False,False,False,False,False,Day,Day,Day,Day
SYN-33,Source2,3,2016-10-04 05:54:00,2016-10-04 08:20:00,39.917928,-82.969688,39.928251,-82.968240,3.329,Incident on Main St near Park Rd. Expect delays.,Main St,Columbus,Franklin,OH,43250-5565,US,US/Eastern,KCMH,2016-10-04 05:07:00,49.5,,52,30.08,10.0,SE,12.3,0.0,Fair,False,False,False,True,False,False,False,False,False,False,False,False,False,Night,Night,Night,Day
SYN-34,Source1,2,2017-11-11 08:09:00.000000000,2017-11-11 11:34:00.000000000,34.045773,-118.280514,,,0.0,"Right lane blocked due to accident on I-5 N, near Exit 12.",I-5 N,Los Angeles,Los Angeles,CA,90003,US,US/Pacific,KCQT,2017-11-11 07:47:00.000000000,67.1,,95,29.66,10.0,SE,24.9,0.0,Cloudy,False,False,False,False,True,False,False,False,False,False,False,False,False,Day,Day,Day,Day
SYN-35,Source1,3,2019-05-09 02:45:00,2019-05-09 07:13:00,47.666629,-122.306020,,,0.0,"Right lane blocked due to accident on Broadway, near Elm St.",Broadway,Seattle,King,WA,98112-2864,US,US/Pacific,KBFI,2019-05-09 02:41:00,65.5,,90,30.28,10.0,NE,23.7,0.0,Overcast,False,False,False,False,False,False,False,False,False,False,False,False,False,Night,Night,Night,Night
SYN-36,Source2,1,2019-11-11 00:17:00.000000000,2019-11-11 00:41:00.000000000,42.854961,-78.903219,42.873358,-78.895948,1.281,Lane blocked due to accident on Market St.,Market St,Buffalo,Erie,NY,14209,US,US/Eastern,KBUF,2019-11-10 23:41:00.000000000,38.1,36.4,91,29.96,1.9,NW,,,Thunderstorm,False,False,False,False,False,False,False,False,False,False,False,False,False,Night,Night,Night,Night
SYN-37,Source3,3,2021-12-24 07:14:00,2021-12-24 12:52:00,29.394048,-98.437565,,,0.0,Accident on Highway 99 at Oak St.,Highway 99,San Antonio,Bexar,TX,78232,US,US/Central,KSAT,2021-12-24 07:04:00,58.4,,71,29.74,10.0,NNE,0.1,0.29,Rain,False,False,False,False,False,False,False,False,False,False,False,False,False,Day,Day,Day,Day
SYN-38,Source3,3,2019-04-16 18:37:00.000000000,2019-04-16 20:47:00.000000000,39.926265,-82.928493,39.908105,-82.943484,1.781,Lane blocked due to accident on US-101 S.,US-101 S,Columbus,Franklin,OH,43223,US,US/Eastern,KCMH,2019-04-16 18:16:00.000000000,52.8,,38,29.59,10.0,E,23.6,0.43,Rain,False,False,False,False,False,False,False,False,False,False,False,False,False,Day,Day,Day,Day
SYN-39,Source1,2,2023-02-10 21:21:00,2023-02-11 01:23:00,43.151533,-77.612212,43.160528,-77.605598,3.038,"Right lane blocked due to accident on N High St, near 5th Ave.",N High St,Rochester,Monroe,NY,14669-5148,US,US/Eastern,KROC,2023-02-10 20:55:00,39.9,,76,30.06,10.0,NNE,21.7,,Mostly Cloudy,False,False,False,False,False,False,False,False,False,False,False,False,False,Night,Night,Night,Night
SYN-40,Source3,2,2017-03-01 12:56:00,2017-03-01 13:53:00,38.569490,-121.514118,38.570955,-121.499642,3.776,Incident on I-5 N near Park Rd. Expect delays.,I-5 N,Sacramento,Sacramento,CA,95891-9632,US,US/Pacific,KSAC,2017-03-01 12:08:00,57.8,,48,29.53,10.0,SE,10.5,0.0,Fair,False,False,False,False,False,False,False,False,False,False,False,False,False,Day,Day,Day,Day
SYN-41,Source2,2,2018-10-18 19:34:00,2018-10-18 22:55:00,32.261851,-110.937277,,,0.0,Lane blocked due to accident on US-101 S.,US-101 S,Tucson,Pima,AZ,85719-9025,US,US/Mountain,KTUS,2018-10-18 19:04:00,79.4,,61,30.10,10.0,S,18.5,,Haze,False,False,False,False,False,False,False,False,False,False,False,False,False,Night,Day,Day,Day
SYN-42,Source2,2,2019-08-11 23:22:00,2019-08-12 04:23:00,47.531166,-122.361391,47.524372,-122.351295,0.413,"Right lane blocked due to accident on I-5 N, near Elm St.",I-5 N,Seattle,King,WA,98137,US,US/Pacific,KBFI,2019-08-11 22:56:00,73.5,,26,29.50,10.0,SE,1.7,0.0,Cloudy,False,False,True,False,False,False,False,False,False,False,False,False,False,Night,Night,Night,Night
SYN-43,Source2,2,2017-12-06 09:09:00,2017-12-06 14:26:00,47.564465,-122.299380,47.571442,-122.287030,0.996,Accident on I-5 N at Elm St.,I-5 N,Seattle,King,WA,98132-4486,US,US/Pacific,KBFI,2017-12-06 08:51:00,49.7,,64,30.29,10.0,W,14.9,0.0,Fog,False,False,False,False,False,False,False,False,False,False,False,False,False,Day,Day,Day,Day
SYN-44,Source3,3,2016-08-08 23:18:00,2016-08-09 00:16:00,29.492049,-98.513729,29.503512,-98.511871,1.568,Incident on E Washington Ave near 5th Ave. Expect delays.,E Washington Ave,San Antonio,Bexar,TX,78238,US,US/Central,KSAT,2016-08-08 23:03:00,85.6,,59,30.15,10.0,VAR,9.8,0.0,Overcast,False,False,False,False,False,False,False,False,False,False,False,False,False,Night,Night,Night,Night
SYN-45,Source2,2,2022-05-04 00:30:00,2022-05-04 03:04:00,38.623044,-121.555941,38.638400,-121.546002,0.500,Lane blocked due to accident on I-10 W.,I-10 W,Sacramento,Sacramento,CA,95855,US,US/Pacific,KSAC,2022-05-04 00:00:00,68.2,,37,29.45,10.0,SW,24.4,,Fair,False,False,False,False,True,False,False,False,False,False,False,True,False,Night,Night,Night,Night
SYN-46,Source1,1,2021-08-31 22:45:00,2021-09-01 00:47:00,40.786131,-73.987467,40.801317,-73.993894,0.433,"Right lane blocked due to accident on I-75 S, near Exit 108.",I-75 S,New York,New York,NY,10094-6830,US,US/Eastern,KNYC,2021-08-31 22:42:00,71.0,,30,29.94,10.0,NW,12.3,0.05,Light Rain,False,False,False,False,False,False,False,False,False,False,False,False,False,Night,Night,Night,Night
SYN-47,Source2,2,2023-01-02 10:10:00,2023-01-02 15:17:00,47.579792,-122.384496,,,0.0,Incident on N High St near Exit 12. Expect delays.,N High St,Seattle,King,WA,98110-1696,US,US/Pacific,KBFI,2023-01-02 09:58:00,35.6,27.9,54,30.07,10.0,VAR,24.8,,Overcast,False,False,False,False,True,False,False,False,False,False,False,False,False,Day,Day,Day,Day
SYN-48,Source2,4,2018-09-30 02:47:00.000000000,2018-09-30 07:03:00.000000000,29.748427,-95.403496,,,0.0,Accident on N High St at Park Rd.,N High St,Houston,Harris,TX,77030,US,US/Central,KHOU,2018-09-30 02:41:00.000000000,76.6,,72,30.34,6.1,W,16.8,0.0,Fog,False,False,True,False,False,False,False,False,False,False,False,True,False,Night,Night,Night,Night
SYN-49,Source3,3,2022-02-03 12:51:00,2022-02-03 14:55:00,43.099652,-77.659952,43.100971,-77.660395,2.362,Accident on N High St at Exit 108.,N High St,Rochester,Monroe,NY,14619,US,US/Eastern,KROC,2022-02-03 12:15:00,34.2,,74,30.28,10.0,SE,16.9,0.0,Mostly Cloudy,False,False,False,False,False,False,False,False,False,False,False,False,False,Day,Day,Day,Day
SYN-50,Source3,2,2018-02-27 14:55:00,2018-02-27 17:09:00,42.949486,-78.870713,42.950253,-78.855516,3.589,Lane blocked due to accident on I-10 W.,I-10 W,Buffalo,Erie,NY,14202-8617,US,US/Eastern,KBUF,2018-02-27 14:38:00,38.0,,40,29.79,10.0,N,21.4,,Partly Cloudy,False,False,True,False,False,False,False,False,False,False,False,False,False,Day,Day,Day,Day
SYN-51,Source3,3,2020-12-13 16:23:00,2020-12-13 21:52:00,37.272837,-121.895146,,,0.0,Accident on Market St at Park Rd.,Market St,San Jose,Santa Clara,CA,95123,US,US/Pacific,KSJC,2020-12-13 16:14:00,60.2,,82,30.30,10.0,NE,6.4,,Cloudy,False,False,False,False,False,False,False,False,False,False,False,False,False,Day,Day,Day,Day
SYN-52,Source2,2,2018-07-28 23:55:00.000000000,2018-07-29 05:33:00.000000000,42.856497,-78.866928,42.851833,-78.862706,1.966,Accident on I-70 E at Oak St.,I-70 E,Buffalo,Erie,NY,14219,US,US/Eastern,KBUF,2018-07-28 23:36:00.000000000,67.4,,43,29.67,10.0,VAR,,,Haze,False,False,False,False,False,False,False,False,False,False,False,False,False,Night,Night,Night,Night
SYN-53,Source1,2,2022-04-30 16:37:00,2022-04-30 22:08:00,28.013507,-82.508063,28.017121,-82.504803,3.363,"Right lane blocked due to accident on Broadway, near Exit 12.",Broadway,Tampa,Hillsborough,FL,33690,US,US/Eastern,KTPA,2022-04-30 16:35:00,81.5,,,29.68,10.0,VAR,4.4,,Fog,False,False,False,False,False,False,False,False,False,False,False,False,False,Day,Day,Day,Day
SYN-54,Source1,3,2019-11-13 02:00:00.000000000,2019-11-13 05:01:00.000000000,39.023468,-84.565556,,,0.0,Accident on I-10 W at 5th Ave.,I-10 W,Cincinnati,Hamilton,OH,45275-1627,US,US/Eastern,KLUK,2019-11-13 02:00:00.000000000,38.3,32.3,97,29.86,10.0,SE,15.6,0.19,Rain,False,False,False,False,False,False,False,False,False,False,False,False,False,Night,Night,Night,Night
SYN-55,Source2,2,2019-01-17 21:15:00.000000000,2019-01-17 22:34:00.000000000,39.183057,-84.491562,,,0.0,Incident on Market St near Elm St. Expect delays.,Market St,Cincinnati,Hamilton,OH,45206-7770,US,US/Eastern,KLUK,2019-01-17 20:53:00.000000000,27.0,20.5,94,30.47,10.0,S,22.4,,Cloudy,False,False,False,False,False,False,False,False,False,False,False,True,False,Night,Night,Night,Night
SYN-56,Source1,2,2017-07-28 23:30:00,2017-07-29 04:30:00,30.293909,-97.797337,,,0.0,Lane blocked due to accident on N High St.,N High St,Austin,Travis,TX,78729-1473,US,US/Central,KAUS,2017-07-28 22:57:00,79.8,,84,29.44,10.0,NNE,10.6,,Fog,False,False,False,False,False,False,False,False,False,False,False,False,False,Night,Night,Night,Night
SYN-57,Source1,2,2021-03-27 19:29:00,2021-03-28 00:11:00,32.505877,-84.964594,,,0.0,Incident on Main St near Elm St. Expect delays.,Main St,Columbus,Muscogee,GA,31973,US,US/Eastern,KCSG,2021-03-27 19:21:00,57.5,,63,30.25,10.0,W,0.8,0.0,,False,False,False,False,False,False,False,False,False,False,False,False,False,Night,Day,Day,Day
SYN-58,Source3,2,2021-11-27 19:25:00,2021-11-28 00:55:00,37.303760,-121.959491,,,0.0,"Right lane blocked due to accident on US-101 S, near Elm St.",US-101 S,San Jose,Santa Clara,CA,95159,US,US/Pacific,KSJC,2021-11-27 19:24:00,54.6,,55,30.12,10.0,NNE,24.3,0.0,Cloudy,False,False,True,False,False,False,False,False,False,False,False,False,False,Night,Day,Day,Day
SYN-59,Source3,2,2019-12-12 10:51:00,2019-12-12 11:20:00,38.546973,-121.538278,38.532819,-121.543345,1.499,"Right lane blocked due to accident on I-70 E, near Park Rd.",I-70 E,Sacramento,Sacramento,CA,95893-1238,US,US/Pacific,KSAC,2019-12-12 10:50:00,63.7,,46,29.59,10.0,SE,6.2,,Partly Cloudy,False,False,False,False,False,False,False,False,False,False,False,False,False,Day,Day,Day,Day
SYN-60,Source1,2,2021-08-17 13:40:00.000000000,2021-08-17 15:08:00.000000000,28.568461,-81.311091,,,0.0,Accident on I-71 N at Oak St.,I-71 N,Orlando,Orange,FL,32835,US,US/Eastern,KORL,2021-08-17 13:18:00.000000000,88.4,,75,30.07,5.6,W,4.5,0.49,Rain,False,False,False,False,False,False,False,False,True,False,False,False,False,Day,Day,Day,Day
SYN-61,Source2,3,2023-02-07 23:56:00,2023-02-08 04:08:00,39.797157,-104.920194,,,0.0,Incident on I-75 S near Elm St. Expect delays.,I-75 S,Denver,Denver,CO,80202,US,US/Mountain,,2023-02-07 23:55:00,40.2,33.8,55,29.26,10.0,W,12.2,0.0,Mostly Cloudy,False,False,False,False,False,False,False,False,False,False,False,False,False,Night,Night,Night,Night
SYN-62,Source1,2,2020-11-08 09:45:00,2020-11-08 14:59:00,42.900846,-78.892926,42.916155,-78.901946,1.258,Incident on I-75 S near Elm St. Expect delays.,I-75 S,Buffalo,Erie,NY,14249,US,US/Eastern,KBUF,2020-11-08 09:14:00,48.1,,84,29.21,10.0,NNE,,,Partly Cloudy,False,False,True,False,False,False,False,False,False,False,False,False,False,Day,Day,Day,Day
SYN-63,Source2,2,2017-05-10 04:46:00.000000000,2017-05-10 05:24:00.000000000,40.644025,-74.079114,,,0.0,Incident on Highway 99 near Park Rd. Expect delays.,Highway 99,New York,New York,NY,10031,US,US/Eastern,KNYC,2017-05-10 04:39:00.000000000,60.6,,96,29.82,2.0,,22.0,0.0,Fog,False,False,False,False,False,False,False,True,False,False,False,False,False,Night,Night,Night,Night
SYN-64,Source2,2,2017-07-08 21:23:00,2017-07-09 00:41:00,32.760528,-96.763882,32.771864,-96.759466,0.257,Accident on US-101 S at 5th Ave.,US-101 S,Dallas,Dallas,TX,75297,US,US/Central,KDAL,2017-07-08 21:10:00,77.1,,44,30.20,10.0,E,21.8,,Fair,False,False,False,False,False,False,False,False,False,False,False,False,False,Night,Night,Night,Night
SYN-65,Source1,2,2017-07-14 08:38:00.000000000,2017-07-14 09:14:00.000000000,38.595071,-121.556784,,,0.0,Accident on Highway 99 at Exit 108.,Highway 99,Sacramento,Sacramento,CA,95840,US,US/Pacific,KSAC,2017-07-14 07:53:00.000000000,79.0,,26,30.27,10.0,NNE,22.1,0.0,Thunderstorm,False,False,False,False,False,False,False,False,False,False,False,False,False,Day,Day,Day,Day
SYN-66,Source3,3,2020-10-04 18:04:00,2020-10-04 19:03:00,42.877027,-78.880630,,,0.0,Lane blocked due to accident on I-35 S.,I-35 S,Buffalo,Erie,NY,14293,US,US/Eastern,KBUF,2020-10-04 17:14:00,51.9,,46,29.84,10.0,VAR,4.4,0.18,Light Rain,True,False,False,False,False,False,False,False,True,False,False,True,False,Day,Day,Day,Day
SYN-67,Source1,2,2023-03-21 01:09:00.000000000,2023-03-21 06:26:00.000000000,29.820401,-95.344122,,,0.0,Accident on I-70 E at Exit 12.,I-70 E,Houston,Harris,TX,77063,US,US/Central,KHOU,2023-03-21 00:26:00.000000000,64.9,,75,30.21,4.0,W,12.0,,Cloudy,False,False,False,False,False,False,False,False,False,False,False,False,False,Night,Night,Night,Night
SYN-68,Source2,2,2020-10-24 16:37:00.000000000,2020-10-24 18:23:00.000000000,39.951693,-82.977361,39.941317,-82.958838,2.065,Incident on State Route 4 near Park Rd. Expect delays.,State Route 4,Columbus,Franklin,OH,43229,US,US/Eastern,,2020-10-24 16:13:00.000000000,55.9,,47,30.45,10.0,NNE,21.2,0.42,Heavy Rain,False,False,False,False,False,False,False,False,False,False,False,False,False,Day,Day,,Day
SYN-69,Source3,2,2021-07-29 12:05:00,2021-07-29 17:52:00,39.120849,-84.539726,,,0.0,"Right lane blocked due to accident on I-90 E, near Park Rd.",I-90 E,Cincinnati,Hamilton,OH,45229,US,US/Eastern,KLUK,2021-07-29 12:01:00,75.2,,55,29.28,10.0,CALM,10.2,0.0,Partly Cloudy,False,False,False,False,True,False,False,False,False,False,False,False,False,Day,Day,Day,
SYN-70,Source3,2,2017-01-09 01:33:00,2017-01-09 06:41:00,47.601801,-117.488113,,,0.0,"Right lane blocked due to accident on State Route 4, near Elm St.",State Route 4,Spokane,Spokane,WA,99263,US,US/Pacific,KGEG,2017-01-09 00:59:00,36.7,32.3,93,30.42,10.0,CALM,1.7,,Mostly Cloudy,False,False,False,False,False,False,False,False,False,False,False,False,False,Night,Night,Night,Night
SYN-71,Source2,2,2019-02-11 18:37:00.000000000,2019-02-11 22:36:00.000000000,29.359868,-98.480995,29.372365,-98.473228,1.820,Incident on Broadway near Exit 12. Expect delays.,Broadway,San Antonio,Bexar,TX,78226-6558,US,US/Central,KSAT,2019-02-11 17:52:00.000000000,55.7,,46,30.14,10.0,SW,15.1,,Thunderstorm,False,False,False,False,False,False,False,False,False,False,False,False,False,Day,Day,Day,Day
SYN-72,Source1,2,2020-06-24 12:30:00,2020-06-24 13:03:00,25.748576,-80.176712,,,0.0,Lane blocked due to accident on Main St.,Main St,Miami,Miami-Dade,FL,33163,US,US/Eastern,KMIA,2020-06-24 12:16:00,84.6,,48,29.56,10.0,NNE,10.3,0.10,Light Rain,False,False,False,False,False,False,False,False,False,False,False,False,False,Day,Day,Day,
SYN-73,Source1,2,2016-02-28 14:39:00.000000000,2016-02-28 16:56:00.000000000,29.733143,-95.425093,29.737843,-95.444307,1.232,"Right lane blocked due to accident on I-75 S, near Exit 12.",I-75 S,Houston,Harris,TX,77094,US,US/Central,KHOU,2016-02-28 14:03:00.000000000,49.1,,66,29.97,10.0,NE,14.4,,Haze,False,False,False,False,False,False,False,False,False,False,False,False,False,Day,Day,Day,Day
SYN-74,Source3,2,2021-10-20 03:59:00,2021-10-20 09:46:00,42.868996,-78.901254,,,0.0,Lane blocked due to accident on I-35 S.,I-35 S,Buffalo,Erie,NY,14203,US,US/Eastern,KBUF,2021-10-20 03:47:00,55.0,,22,30.15,10.0,NW,,0.0,Mostly Cloudy,False,False,False,False,False,False,False,False,False,False,False,False,False,Night,Night,Night,Night
SYN-75,Source1,1,2018-03-03 04:32:00.000000000,2018-03-03 08:45:00.000000000,28.022712,-82.416969,,,0.0,Accident on I-90 E at Park Rd.,I-90 E,Tampa,Hillsborough,FL,33616,US,US/Eastern,KTPA,2018-03-03 04:01:00.000000000,72.9,,26,30.49,1.1,CALM,,,Overcast,False,False,False,False,False,False,False,False,False,False,False,False,False,Night,Night,Night,Night
SYN-76,Source1,3,2018-12-02 15:24:00,2018-12-02 16:50:00,27.980811,-82.445353,27.964237,-82.436448,2.574,Incident on I-75 S near Exit 108. Expect delays.,I-75 S,Tampa,Hillsborough,FL,33616,US,US/Eastern,KTPA,2018-12-02 14:57:00,63.4,,67,30.47,10.0,VAR,5.2,0.45,Light Rain,False,False,False,False,False,False,False,False,False,True,False,False,False,Day,Day,Day,Day
SYN-77,Source1,2,2019-03-17 23:36:00,2019-03-18 01:52:00,47.721525,-117.428471,47.728538,-117.424498,0.494,Accident on I-70 E at Elm St.,I-70 E,Spokane,Spokane,WA,99217,US,US/Pacific,KGEG,2019-03-17 23:04:00,52.8,,63,29.59,2.2,SE,14.7,0.46,Light Rain,False,False,False,False,False,False,False,False,False,False,False,False,False,Night,Night,Night,Night
SYN-78,Source2,3,2016-05-30 12:18:00,2016-05-30 13:22:00,43.229350,-77.534493,43.211916,-77.535292,1.860,Incident on I-70 E near Exit 108. Expect delays.,I-70 E,Rochester,Monroe,NY,14659,US,US/Eastern,KROC,2016-05-30 11:59:00,69.2,,23,30.50,8.7,SE,0.2,,Thunderstorm,False,False,False,False,False,False,False,False,False,False,False,False,False,Day,Day,Day,Day
SYN-79,Source2,2,2017-05-17 14:23:00,2017-05-17 20:04:00,32.423823,-84.997563,,,0.0,Lane blocked due to accident on I-5 N.,I-5 N,Columbus,Muscogee,GA,31957,US,US/Eastern,KCSG,2017-05-17 14:21:00,66.6,,96,29.21,10.0,W,17.0,,Fair,False,False,False,False,False,False,False,False,False,False,False,False,False,Day,Day,Day,Day
SYN-80,Source1,3,2017-09-26 01:31:00.000000000,2017-09-26 04:34:00.000000000,25.807293,-80.187442,25.805422,-80.186650,1.142,Incident on I-75 S near 5th Ave. Expect delays.,I-75 S,Miami,Miami-Dade,FL,33146,US,US/Eastern,KMIA,2017-09-26 01:28:00.000000000,72.7,,80,29.70,10.0,E,24.1,0.07,Light Rain,False,False,False,False,False,False,False,False,False,False,False,False,False,Night,Night,Night,Night
SYN-81,Source1,3,2017-02-06 01:00:00,2017-02-06 06:04:00,39.717624,-105.029952,39.719566,-105.013755,0.743,Lane blocked due to accident on Market St.,Market St,Denver,Denver,CO,80286,US,US/Mountain,KDEN,2017-02-06 00:14:00,27.9,26.1,20,29.64,10.0,E,7.7,0.0,Haze,False,False,False,False,False,False,False,False,False,False,False,False,False,Night,Night,Night,Night
SYN-82,Source3,2,2021-09-12 14:00:00.000000000,2021-09-12 18:16:00.000000000,47.649756,-122.265424,47.663601,-122.251848,2.148,"Right lane blocked due to accident on I-35 S, near Exit 108.",I-35 S,Seattle,King,WA,98181-3612,US,US/Pacific,KBFI,2021-09-12 13:32:00.000000000,57.8,,73,29.61,10.0,SE,15.6,0.15,Heavy Rain,False,False,False,False,False,False,False,False,False,False,False,False,False,Day,Day,Day,Day
SYN-83,Source2,2,2022-05-28 02:11:00,2022-05-28 05:06:00,41.480798,-81.657109,41.477574,-81.644304,1.627,Accident on US-101 S at Elm St.,US-101 S,Cleveland,Cuyahoga,OH,44173,US,US/Eastern,KCLE,2022-05-28 01:32:00,70.3,,71,30.08,10.0,CALM,24.8,0.0,Haze,False,False,False,False,True,False,False,False,False,False,False,False,False,Night,Night,Night,Night
SYN-84,Source3,2,2017-04-30 03:21:00,2017-04-30 09:06:00,41.441900,-81.697093,41.424228,-81.677171,2.774,Lane blocked due to accident on I-70 E.,I-70 E,Cleveland,Cuyahoga,OH,44188,US,US/Eastern,KCLE,2017-04-30 02:57:00,45.0,,77,30.38,2.1,SW,21.8,,Mostly Cloudy,False,False,False,False,False,False,False,False,False,False,False,False,False,Night,Night,Night,Night
SYN-85,Source1,2,2022-02-09 01:06:00,2022-02-09 04:59:00,38.842960,-104.859810,,,0.0,"Right lane blocked due to accident on I-75 S, near Exit 12.",I-75 S,Colorado Springs,El Paso,CO,80944-5764,US,US/Mountain,KCOS,2022-02-09 00:48:00,28.7,23.2,87,29.57,10.0,S,6.6,0.12,Heavy Rain,False,False,False,False,False,False,False,False,False,False,False,True,False,Night,Night,Night,Night
SYN-86,Source2,2,2019-09-26 02:29:00,2019-09-26 06:37:00,39.684902,-84.223254,39.674673,-84.220824,0.479,"Right lane blocked due to accident on I-5 N, near 5th Ave.",I-5 N,Dayton,Montgomery,OH,45480,US,US/Eastern,KDAY,2019-09-26 01:52:00,70.7,,47,30.05,10.0,NW,1.0,,Overcast,False,False,False,False,False,False,False,False,False,False,False,True,False,Night,Night,Night,Night
SYN-87,Source1,2,2017-07-01 10:23:00.000000000,2017-07-01 11:00:00.000000000,33.775228,-84.390132,,,0.0,"Right lane blocked due to accident on I-95 N, near Oak St.",I-95 N,Atlanta,Fulton,GA,30306,US,US/Eastern,KATL,2017-07-01 10:08:00.000000000,76.4,,50,29.33,10.0,N,5.9,0.0,Haze,False,False,False,False,False,False,False,False,False,False,False,True,False,Day,Day,Day,Day
SYN-88,Source2,2,2018-02-16 05:41:00.000000000,2018-02-16 10:04:00.000000000,41.466513,-81.773351,41.482693,-81.773754,1.254,Incident on I-90 E near Oak St. Expect delays.,I-90 E,Cleveland,Cuyahoga,OH,44172,US,US/Eastern,KCLE,2018-02-16 05:38:00.000000000,32.3,29.8,24,29.61,10.0,S,0.1,0.28,Snow,False,False,False,False,True,False,False,False,False,False,False,False,False,Night,Night,Night,Day
SYN-89,Source1,3,2020-08-28 13:33:00.000000000,2020-08-28 16:29:00.000000000,47.614663,-122.297940,,,0.0,Incident on Main St near Exit 12. Expect delays.,Main St,Seattle,King,WA,98123,US,US/Pacific,KBFI,2020-08-28 13:17:00.000000000,61.9,,28,29.55,10.0,CALM,19.1,,Haze,False,False,False,False,False,False,False,False,False,False,False,False,False,Day,Day,Day,Day
SYN-90,Source2,3,2021-06-22 08:43:00.000000000,2021-06-22 12:46:00.000000000,43.228894,-77.591925,43.214861,-77.581665,1.190,Accident on US-101 S at 5th Ave.,US-101 S,Rochester,Monroe,NY,14607,US,US/Eastern,KROC,2021-06-22 08:32:00.000000000,77.6,,49,29.46,10.0,NE,8.2,0.0,Haze,False,False,False,False,False,False,False,False,False,False,False,False,False,Day,Day,Day,Day
SYN-91,Source1,2,2020-04-20 09:57:00,2020-04-20 11:21:00,32.763207,-117.238188,32.765336,-117.245808,2.769,Lane blocked due to accident on E Washington Ave.,E Washington Ave,San Diego,San Diego,CA,92123,US,US/Pacific,KSAN,2020-04-20 09:10:00,68.4,,65,29.35,10.0,NW,0.5,0.0,Fog,False,False,False,False,False,False,False,False,True,False,False,False,False,Day,Day,Day,Day
SYN-92,Source2,3,2019-05-02 02:45:00.000000000,2019-05-02 06:50:00.000000000,39.133321,-84.499101,,,0.0,Lane blocked due to accident on I-35 S.,I-35 S,Cincinnati,Hamilton,OH,45209,US,US/Eastern,KLUK,2019-05-02 02:37:00.000000000,61.8,,91,29.73,10.0,NNE,14.5,,Overcast,False,False,False,False,False,False,False,False,False,False,False,False,False,Night,Night,Night,Night
SYN-93,Source1,2,2019-08-08 04:02:00.000000000,2019-08-08 08:55:00.000000000,32.423780,-84.984693,32.417264,-84.968447,2.502,Incident on I-5 N near Exit 12. Expect delays.,I-5 N,Columbus,Muscogee,GA,31997,US,US/Eastern,KCSG,2019-08-08 03:59:00.000000000,87.2,,74,29.87,10.0,SE,,0.37,Light Rain,False,False,False,False,False,False,False,False,True,False,False,True,False,Night,Night,Night,Night
SYN-94,Source1,2,2016-10-31 22:14:00.000000000,2016-11-01 00:17:00.000000000,32.162647,-111.046763,32.161993,-111.055841,0.579,Incident on Market St near Oak St. Expect delays.,Market St,Tucson,Pima,AZ,85713-1684,US,US/Mountain,KTUS,2016-10-31 22:09:00.000000000,72.7,,60,29.64,10.0,NW,,0.0,Overcast,False,False,True,False,False,False,False,False,False,False,False,False,False,Night,Night,Night,Night
SYN-95,Source2,2,2020-12-14 04:27:00.000000000,2020-12-14 10:09:00.000000000,32.782195,-117.140214,,,0.0,Incident on N High St near 5th Ave. Expect delays.,N High St,San Diego,San Diego,CA,92132,US,US/Pacific,KSAN,2020-12-14 04:24:00.000000000,65.3,,56,30.22,10.0,VAR,1.3,,Partly Cloudy,False,False,False,False,False,False,False,False,False,False,False,True,False,Night,Night,Night,Night
SYN-96,Source1,1,2017-06-02 07:34:00,2017-06-02 13:00:00,32.716769,-117.099963,,,0.0,Incident on I-10 W near Exit 12. Expect delays.,I-10 W,San Diego,San Diego,CA,92146,US,US/Pacific,KSAN,2017-06-02 07:17:00,73.3,,62,30.09,0.7,NE,7.2,0.11,Rain,False,False,False,False,False,False,False,False,False,False,False,True,False,Day,Day,Day,Day
SYN-97,Source3,2,2017-09-27 03:50:00,2017-09-27 07:14:00,47.684340,-117.478710,,,0.0,Accident on I-10 W at Oak St.,I-10 W,Spokane,Spokane,WA,99212,US,,KGEG,,58.6,,21,30.28,10.0,VAR,13.8,0.0,Fog,False,False,False,False,False,False,False,False,False,False,False,True,False,Night,Night,Night,Night
SYN-98,Source1,3,2016-08-06 05:37:00.000000000,2016-08-06 09:35:00.000000000,38.555204,-121.414600,,,0.0,Lane blocked due to accident on I-75 S.,I-75 S,Sacramento,Sacramento,CA,95878,US,US/Pacific,KSAC,2016-08-06 05:36:00.000000000,74.3,,92,30.10,3.4,NNE,6.8,0.0,Mostly Cloudy,False,False,False,False,True,False,False,False,False,False,False,False,False,Night,Night,Night,Day
SYN-99,Source1,2,2021-09-17 13:23:00.000000000,2021-09-17 18:31:00.000000000,27.899120,-82.408429,27.918195,-82.404577,3.837,Accident on Broadway at Exit 108.,Broadway,Tampa,Hillsborough,FL,33614-6498,US,US/Eastern,KTPA,2021-09-17 12:47:00.000000000,73.8,,45,29.85,8.9,,,0.12,Heavy Rain,False,False,False,False,False,False,False,False,False,False,False,False,False,Day,Day,Day,Day
SYN-100,Source2,2,2020-09-03 01:14:00,2020-09-03 03:18:00,37.271312,-121.820944,37.288826,-121.809433,2.982,"Right lane blocked due to accident on E Washington Ave, near Exit 12.",E Washington Ave,San Jose,Santa Clara,CA,95154-2306,US,US/Pacific,KSJC,2020-09-03 00:54:00,67.8,,34,30.37,10.0,N,24.2,0.0,,False,False,False,False,False,False,False,False,False,False,False,False,False,Night,Night,Night,Night
SYN-101,Source3,2,2020-07-18 19:48:00,2020-07-18 23:10:00,37.385203,-121.883165,37.402405,-121.877540,2.993,"Right lane blocked due to accident on Main St, near Exit 12.",Main St,San Jose,Santa Clara,CA,95161,US,US/Pacific,KSJC,2020-07-18 19:42:00,82.0,,55,29.81,7.4,,20.0,0.16,Rain,False,False,False,False,False,False,False,True,False,False,False,False,False,Night,Day,Day,Day
SYN-102,Source2,2,2020-01-18 01:52:00.000000000,2020-01-18 06:50:00.000000000,43.079908,-77.568886,43.082519,-77.562889,2.773,"Right lane blocked due to accident on State Route 4, near Elm St.",State Route 4,Rochester,Monroe,NY,14684-6575,US,US/Eastern,KROC,2020-01-18 01:12:00.000000000,28.0,25.9,82,30.20,1.4,N,2.5,0.0,Fog,False,False,False,False,False,False,False,False,False,False,False,True,False,Night,Night,Night,Night
SYN-103,Source3,2,2021-10-13 16:28:00.000000000,2021-10-13 19:48:00.000000000,47.650287,-117.386667,47.641717,-117.386838,2.796,Accident on I-71 N at Exit 108.,I-71 N,Spokane,Spokane,WA,99225,US,US/Pacific,KGEG,2021-10-13 16:10:00.000000000,56.0,,82,30.16,0.5,SW,8.3,,Fog,False,False,False,False,False,False,False,False,False,False,False,False,False,Day,Day,Day,Day
SYN-104,Source1,2,2022-08-22 22:14:00,2022-08-23 00:36:00,39.767590,-104.947963,,,0.0,Lane blocked due to accident on N High St.,N High St,Denver,Denver,CO,80256,US,US/Mountain,KDEN,2022-08-22 21:27:00,70.9,,49,29.32,7.4,NW,17.2,,Cloudy,False,False,False,False,False,False,False,False,False,False,False,False,False,Night,Night,Night,Night
SYN-105,Source3,2,2020-02-17 21:07:00,2020-02-18 00:05:00,32.747777,-117.097198,32.760086,-117.091704,1.215,Lane blocked due to accident on I-71 N.,I-71 N,San Diego,San Diego,CA,92161-1927,US,US/Pacific,KSAN,2020-02-17 20:55:00,,,60,29.83,,SE,3.8,,Fair,False,False,False,False,False,False,False,False,False,False,False,True,False,Night,Night,Night,Night
SYN-106,Source1,2,2017-01-20 06:29:00,2017-01-20 10:28:00,25.733059,-80.213574,,,0.0,"Right lane blocked due to accident on US-101 S, near Elm St.",US-101 S,Miami,Miami-Dade,FL,33118,US,US/Eastern,KMIA,2017-01-20 06:12:00,58.7,,65,29.31,10.0,NE,21.5,0.10,Heavy Rain,False,False,False,False,False,False,False,False,False,False,False,False,False,Night,Day,Day,Day
SYN-107,Source1,2,2018-09-28 01:16:00.000000000,2018-09-28 05:31:00.000000000,28.573763,-81.430585,28.554891,-81.412372,1.220,"Right lane blocked due to accident on Main St, near Exit 108.",Main St,Orlando,Orange,FL,32885,US,US/Eastern,KORL,2018-09-28 00:53:00.000000000,84.1,,,29.65,3.8,CALM,24.8,,Partly Cloudy,False,False,False,False,False,False,False,False,False,False,False,True,False,Night,Night,Night,Night
SYN-108,Source3,4,2023-02-02 18:02:00.000000000,2023-02-02 21:18:00.000000000,32.709954,-117.172532,,,0.0,Accident on I-5 N at Exit 108.,I-5 N,San Diego,San Diego,CA,92168-3628,US,US/Pacific,KSAN,2023-02-02 17:34:00.000000000,52.8,,23,29.62,10.0,,3.4,,Overcast,False,False,False,False,False,False,False,False,False,False,False,True,False,Day,Day,Day,Day
SYN-109,Source1,3,2017-04-26 12:33:00.000000000,2017-04-26 17:35:00.000000000,39.131643,-84.590546,39.142602,-84.607339,3.113,"Right lane blocked due to accident on I-70 E, near 5th Ave.",I-70 E,Cincinnati,Hamilton,OH,45285-8301,US,US/Eastern,KLUK,2017-04-26 12:03:00.000000000,56.1,,72,30.00,9.2,CALM,22.3,,Fair,False,False,False,False,False,False,False,False,False,False,False,False,False,Day,Day,Day,Day
SYN-110,Source2,2,2019-05-11 19:11:00,2019-05-11 19:32:00,29.788911,-95.413357,,,0.0,"Right lane blocked due to accident on I-75 S, near Oak St.",I-75 S,Houston,Harris,TX,77053,US,US/Central,KHOU,2019-05-11 19:04:00,82.6,,55,29.68,10.0,S,20.9,0.0,Cloudy,False,False,False,False,False,False,False,False,False,False,False,False,False,Night,Day,Day,Day
SYN-111,Source1,2,2018-12-16 12:16:00.000000000,2018-12-16 16:23:00.000000000,47.649440,-117.346576,47.658692,-117.332991,1.507,"Right lane blocked due to accident on I-75 S, near Elm St.",I-75 S,Spokane,Spokane,WA,99258-4701,US,US/Pacific,KGEG,2018-12-16 11:49:00.000000000,36.0,,,29.82,10.0,SE,3.1,,Cloudy,False,False,False,False,False,False,False,False,False,True,False,False,False,Day,Day,Day,Day
SYN-112,Source1,2,2022-04-20 12:12:00.000000000,2022-04-20 14:31:00.000000000,32.729092,-117.165672,32.745409,-117.148109,3.489,"Right lane blocked due to accident on I-10 W, near Elm St.",I-10 W,San Diego,San Diego,CA,92158,US,US/Pacific,KSAN,2022-04-20 11:25:00.000000000,62.8,,96,30.49,10.0,N,1.2,0.0,Overcast,False,False,False,False,False,False,False,False,False,False,False,False,False,Day,Day,Day,Day
SYN-113,Source1,2,2022-08-02 12:55:00,2022-08-02 15:04:00,29.381211,-98.452480,,,0.0,Incident on State Route 4 near Exit 108. Expect delays.,State Route 4,San Antonio,Bexar,TX,78298-1627,US,US/Central,KSAT,2022-08-02 12:10:00,88.1,,64,30.45,10.0,E,13.0,0.0,Clear,False,False,False,False,False,False,False,False,False,False,False,False,False,Day,Day,Day,Day
SYN-114,Source1,1,2022-07-01 05:34:00,2022-07-01 08:55:00,42.828436,-78.930522,42.819886,-78.937522,1.046,Accident on I-90 E at Elm St.,I-90 E,Buffalo,Erie,NY,14226-5172,US,US/Eastern,KBUF,2022-07-01 05:30:00,77.1,,60,29.51,10.0,N,16.2,,Cloudy,False,False,False,False,False,False,False,False,False,False,False,False,False,Night,Night,Night,Day
SYN-115,Source3,3,2016-04-16 11:10:00.000000000,2016-04-16 13:17:00.000000000,34.103136,-118.298958,,,0.0,"Right lane blocked due to accident on Market St, near 5th Ave.",Market St,Los Angeles,Los Angeles,CA,90005,US,US/Pacific,KCQT,2016-04-16 10:44:00.000000000,67.0,,92,,10.0,NNE,12.4,0.32,Heavy Rain,False,False,False,False,True,False,False,False,False,False,False,False,False,Day,Day,Day,Day
SYN-116,Source3,2,2022-03-18 13:06:00,2022-03-18 17:23:00,40.718840,-74.024277,40.733896,-74.038053,3.147,Accident on Main St at Exit 12.,Main St,New York,New York,NY,10028,US,US/Eastern,KNYC,2022-03-18 12:46:00,49.1,46.5,73,,10.0,NW,18.4,0.0,Cloudy,False,False,False,False,False,False,False,False,False,False,False,False,False,Day,Day,Day,Day
SYN-117,Source3,3,2021-04-26 14:38:00,2021-04-26 18:23:00,39.800709,-105.022876,,,0.0,Lane blocked due to accident on State Route 4.,State Route 4,Denver,Denver,CO,80228,US,US/Mountain,KDEN,2021-04-26 14:03:00,52.5,,47,29.50,10.0,SE,4.6,,Fair,False,False,False,False,False,False,False,False,False,False,False,False,False,Day,Day,Day,Day
SYN-118,Source3,2,2022-05-20 10:06:00,2022-05-20 10:38:00,47.623294,-122.343178,47.615492,-122.338830,1.841,"Right lane blocked due to accident on Highway 99, near 5th Ave.",Highway 99,Seattle,King,WA,98133,US,US/Pacific,KBFI,2022-05-20 09:29:00,66.3,,66,30.31,10.0,E,21.5,0.33,Light Rain,False,False,False,False,False,False,False,False,False,False,False,False,False,Day,Day,Day,Day
SYN-119,Source1,4,2018-10-18 23:35:00.000000000,2018-10-19 01:15:00.000000000,40.672774,-73.949924,40.687996,-73.962351,1.002,Accident on Main St at Exit 12.,Main St,New York,New York,NY,10090,US,US/Eastern,KNYC,2018-10-18 23:20:00.000000000,57.0,,39,30.13,10.0,W,7.6,,Thunderstorm,False,False,False,False,False,False,False,False,False,False,False,False,False,Night,Night,Night,Night
SYN-120,Source2,2,2018-09-12 05:34:00,2018-09-12 10:50:00,32.672933,-117.092141,,,0.0,Accident on Main St at Exit 108.,Main St,San Diego,San Diego,CA,92166,US,US/Pacific,KSAN,2018-09-12 05:12:00,71.4,,45,30.40,6.5,W,,0.0,Mostly Cloudy,False,False,False,False,False,False,False,False,False,False,False,False,False,Night,Night,Night,Day
SYN-121,Source2,2,2017-03-21 19:55:00,2017-03-22 00:12:00,28.492693,-81.396643,,,0.0,Lane blocked due to accident on Main St.,Main St,Orlando,Orange,FL,32866,US,US/Eastern,KORL,2017-03-21 19:35:00,74.2,,89,29.37,10.0,NNE,6.9,0.27,,False,False,False,False,False,False,False,False,False,False,False,True,False,Night,Day,Day,Day
SYN-122,Source2,3,2016-04-13 03:18:00,2016-04-13 03:36:00,33.440653,-112.065923,33.450885,-112.081659,3.726,"Right lane blocked due to accident on Broadway, near Park Rd.",Broadway,Phoenix,Maricopa,AZ,85058,US,US/Mountain,KPHX,2016-04-13 03:09:00,80.1,,86,30.13,10.0,SE,24.6,,Clear,False,False,False,False,False,False,False,False,False,False,False,False,False,Night,Night,Night,Night
SYN-123,Source1,2,2018-07-28 07:34:00,2018-07-28 10:17:00,27.941456,-82.381516,27.950647,-82.382768,2.073,"Right lane blocked due to accident on N High St, near 5th Ave.",N High St,Tampa,Hillsborough,FL,33609,US,US/Eastern,KTPA,2018-07-28 07:23:00,82.6,,39,30.46,10.0,E,,,Fog,False,False,False,False,False,True,False,False,False,False,False,False,False,Day,Day,Day,Day
SYN-124,Source3,2,2021-09-27 06:49:00,2021-09-27 08:05:00,28.520492,-81.334733,,,0.0,"Right lane blocked due to accident on Highway 99, near Exit 108.",Highway 99,Orlando,Orange,FL,32889,US,US/Eastern,KORL,2021-09-27 06:42:00,76.6,,72,,10.0,N,14.2,,Partly Cloudy,False,False,False,False,False,False,False,False,False,False,False,False,False,Night,Day,Day,Day
SYN-125,Source2,2,2022-04-12 09:04:00,2022-04-12 10:07:00,27.964565,-82.526376,27.972693,-82.508781,3.012,Accident on I-95 N at Exit 12.,I-95 N,Tampa,Hillsborough,FL,33607-4530,US,US/Eastern,KTPA,2022-04-12 08:48:00,,,93,29.64,4.8,W,11.9,,Mostly Cloudy,False,False,False,False,False,False,False,False,False,False,False,True,False,Day,Day,Day,Day
SYN-126,Source3,2,2017-11-13 19:18:00.000000000,2017-11-13 22:56:00.000000000,41.578842,-81.675009,41.584347,-81.688961,2.537,"Right lane blocked due to accident on I-90 E, near Park Rd.",I-90 E,Cleveland,Cuyahoga,OH,44160,US,US/Eastern,KCLE,2017-11-13 18:32:00.000000000,40.5,35.7,90,29.80,10.0,NW,6.6,0.36,Heavy Rain,False,False,False,False,False,False,False,False,False,False,False,False,False,Night,Day,Day,Day
SYN-127,Source2,2,2021-12-21 12:41:00.000000000,2021-12-21 15:38:00.000000000,40.638825,-74.055718,40.653022,-74.037736,2.279,"Right lane blocked due to accident on Main St, near 5th Ave.",Main St,New York,New York,NY,10056,US,US/Eastern,KNYC,2021-12-21 12:30:00.000000000,33.5,26.3,33,30.09,10.0,SE,,0.0,Clear,False,False,False,False,True,False,False,False,False,False,False,False,False,Day,Day,Day,Day
SYN-128,Source3,2,2019-03-16 04:56:00,2019-03-16 10:01:00,37.351815,-121.870527,,,0.0,Lane blocked due to accident on Market St.,Market St,San Jose,Santa Clara,CA,95182,US,US/Pacific,KSJC,2019-03-16 04:36:00,55.4,,26,30.01,10.0,NNE,20.6,,Thunderstorm,False,False,False,False,False,False,False,False,False,False,False,False,False,Night,Night,Night,Night
SYN-129,Source1,2,2017-11-20 09:28:00,2017-11-20 14:52:00,29.352025,-98.487097,,,0.0,"Right lane blocked due to accident on I-71 N, near Exit 12.",I-71 N,San Antonio,Bexar,TX,78203,US,US/Central,KSAT,2017-11-20 09:27:00,60.4,,83,30.34,4.6,NE,6.2,0.0,Fog,False,False,False,False,False,False,False,False,False,False,False,False,False,Day,Day,Day,Day
SYN-130,Source2,2,2020-04-10 03:32:00,2020-04-10 06:10:00,32.228744,-110.913449,32.226158,-110.912969,3.173,"Right lane blocked due to accident on E Washington Ave, near Oak St.",E Washington Ave,Tucson,Pima,AZ,85777,US,US/Mountain,KTUS,2020-04-10 03:28:00,82.2,,99,30.07,10.0,CALM,4.7,,Partly Cloudy,False,False,False,False,False,False,False,False,False,False,False,False,False,Night,Night,Night,
SYN-131,Source1,2,2018-11-08 10:43:00,2018-11-08 11:53:00,33.673533,-84.406058,,,0.0,Accident on I-95 N at Elm St.,I-95 N,Atlanta,Fulton,GA,30366,US,US/Eastern,KATL,2018-11-08 10:42:00,49.7,,77,,10.0,E,6.2,,Mostly Cloudy,False,False,False,False,False,False,False,False,False,False,False,True,False,Day,Day,Day,Day
SYN-132,Source1,1,2019-03-02 11:33:00,2019-03-02 13:36:00,32.778938,-117.098589,32.767427,-117.089644,2.762,Accident on I-5 N at Oak St.,I-5 N,San Diego,San Diego,CA,92194,US,US/Pacific,KSAN,2019-03-02 11:14:00,66.0,,49,29.43,7.8,NE,8.9,,Cloudy,False,False,False,False,False,False,False,False,False,True,False,False,False,Day,Day,Day,Day
SYN-133,Source3,2,2019-02-06 08:41:00,2019-02-06 14:14:00,41.550472,-81.762285,,,0.0,Incident on N High St near Exit 108. Expect delays.,N High St,Cleveland,Cuyahoga,OH,44131-6886,US,US/Eastern,KCLE,2019-02-06 08:06:00,38.6,,23,30.46,10.0,W,6.8,0.0,Fair,False,False,True,False,False,False,False,False,False,False,False,False,False,Day,Day,Day,Day
SYN-134,Source2,2,2016-10-16 07:02:00,2016-10-16 08:45:00,33.738147,-84.347832,33.718621,-84.361033,2.974,Lane blocked due to accident on E Washington Ave.,E Washington Ave,Atlanta,Fulton,GA,30361,US,US/Eastern,KATL,2016-10-16 06:34:00,72.2,,74,30.24,7.8,SE,21.3,0.0,Haze,False,False,True,False,False,False,False,False,False,False,False,False,False,Day,Day,Day,Day
SYN-135,Source2,2,2017-06-04 04:32:00.000000000,2017-06-04 09:30:00.000000000,27.952347,-82.425466,,,0.0,"Right lane blocked due to accident on I-71 N, near Exit 108.",I-71 N,Tampa,Hillsborough,FL,33608-9768,US,US/Eastern,KTPA,2017-06-04 03:43:00.000000000,86.3,,46,29.43,10.0,E,10.5,,Partly Cloudy,False,False,False,False,False,False,False,False,False,False,False,False,False,Night,Night,Night,Night
SYN-136,Source3,2,2017-12-10 10:05:00.000000000,2017-12-10 15:19:00.000000000,34.052365,-118.260031,34.048715,-118.278648,2.131,Incident on I-71 N near Exit 12. Expect delays.,I-71 N,Los Angeles,Los Angeles,CA,90001,US,US/Pacific,KCQT,2017-12-10 09:28:00.000000000,65.0,,57,30.39,10.0,W,18.2,0.05,Light Rain,False,False,False,False,False,False,False,False,False,False,False,False,False,Day,Day,Day,Day
SYN-137,Source1,2,2021-10-08 14:35:00,2021-10-08 15:38:00,39.774587,-84.160643,39.791313,-84.180261,2.696,Accident on US-101 S at Exit 12.,US-101 S,Dayton,Montgomery,OH,45432-1944,US,US/Eastern,KDAY,2021-10-08 14:04:00,57.8,,71,29.39,10.0,SE,17.3,0.0,Cloudy,False,False,False,False,False,False,False,False,False,False,False,False,False,Day,Day,Day,Day
SYN-138,Source3,3,2022-06-27 10:30:00,2022-06-27 14:53:00,29.458839,-98.569122,29.447394,-98.571735,2.113,"Right lane blocked due to accident on I-75 S, near Exit 108.",I-75 S,San Antonio,Bexar,TX,78289,US,US/Central,KSAT,2022-06-27 09:58:00,85.5,,42,29.95,9.1,N,22.9,,Clear,False,False,False,False,False,False,False,False,False,False,False,True,False,Day,Day,Day,Day
SYN-139,Source2,2,2019-10-15 00:38:00,2019-10-15 04:19:00,41.547452,-81.749779,41.538376,-81.749254,1.176,Lane blocked due to accident on Market St.,Market St,Cleveland,Cuyahoga,OH,44108,US,US/Eastern,KCLE,2019-10-15 00:05:00,56.8,,49,29.53,10.0,VAR,24.0,,Cloudy,False,False,True,False,True,False,False,False,False,False,False,False,False,Night,Night,Night,Night
SYN-140,Source2,4,2020-09-17 20:53:00.000000000,2020-09-18 01:44:00.000000000,32.780916,-96.792299,,,0.0,Lane blocked due to accident on Highway 99.,Highway 99,Dallas,Dallas,TX,75244,US,US/Central,KDAL,2020-09-17 20:20:00.000000000,76.6,,35,29.39,10.0,NW,23.8,0.0,Partly Cloudy,False,False,False,False,False,False,False,False,True,False,False,False,False,Night,Night,Night,Day
SYN-141,Source2,2,2018-02-09 17:26:00,2018-02-09 19:05:00,33.506478,-112.009400,,,0.0,Lane blocked due to accident on Market St.,Market St,Phoenix,Maricopa,AZ,85026,US,US/Mountain,KPHX,2018-02-09 17:07:00,61.3,,98,29.60,10.0,SE,6.5,,Overcast,False,False,False,False,False,False,False,False,False,False,False,False,False,Day,Day,Day,Day
SYN-142,Source1,4,2023-02-10 09:51:00,2023-02-10 13:31:00,33.770286,-84.332438,33.765979,-84.339809,1.106,Accident on I-5 N at Park Rd.,I-5 N,Atlanta,Fulton,GA,30310-8395,US,US/Eastern,KATL,,55.9,,,29.30,10.0,NW,4.4,0.34,Rain,False,False,False,False,False,False,False,False,False,False,False,False,False,Day,Day,Day,Day
SYN-143,Source3,2,2020-07-27 22:31:00.000000000,2020-07-28 04:21:00.000000000,39.887595,-82.987684,39.872807,-82.980436,2.734,"Right lane blocked due to accident on I-35 S, near Oak St.",I-35 S,Columbus,Franklin,OH,43241-9828,US,US/Eastern,KCMH,2020-07-27 22:29:00.000000000,80.9,,70,30.12,10.0,CALM,9.1,,Mostly Cloudy,True,False,False,False,False,False,False,False,False,False,False,False,False,Night,Night,Night,Night
SYN-144,Source1,2,2020-09-20 04:03:00,2020-09-20 05:10:00,34.035135,-118.192676,34.051349,-118.183900,0.872,Accident on State Route 4 at Exit 108.,State Route 4,Los Angeles,Los Angeles,CA,90015,US,US/Pacific,KCQT,2020-09-20 04:02:00,62.9,,95,29.57,10.0,N,18.9,,Thunderstorm,False,False,False,False,False,False,False,False,False,False,False,False,False,Night,Night,Night,Night
SYN-145,Source2,3,2019-10-31 23:12:00,2019-11-01 00:59:00,32.437434,-85.059228,32.443505,-85.063099,0.986,Accident on Highway 99 at 5th Ave.,Highway 99,Columbus,Muscogee,GA,31939,US,US/Eastern,KCSG,2019-10-31 22:49:00,67.8,,47,29.45,10.0,E,21.2,,Fog,False,False,False,False,False,False,False,False,False,False,False,False,False,Night,Night,Night,Night
SYN-146,Source2,2,2016-07-23 13:36:00.000000000,2016-07-23 16:54:00.000000000,39.112100,-84.457418,39.129575,-84.442931,1.916,"Right lane blocked due to accident on Market St, near 5th Ave.",Market St,Cincinnati,Hamilton,OH,45271,US,US/Eastern,KLUK,2016-07-23 13:30:00.000000000,77.0,,22,29.65,10.0,NE,17.4,0.45,Rain,False,False,False,False,False,False,False,False,False,False,False,False,False,Day,Day,Day,Day
SYN-147,Source1,3,2022-07-12 01:40:00,2022-07-12 03:47:00,29.428822,-98.425845,29.428530,-98.427237,0.648,Accident on I-90 E at Exit 108.,I-90 E,San Antonio,Bexar,TX,78207,US,US/Central,KSAT,2022-07-12 01:35:00,89.6,,23,29.84,10.0,CALM,23.2,,Overcast,False,False,False,False,False,False,False,False,False,False,False,False,False,Night,Night,Night,Night
SYN-148,Source2,3,2017-01-15 06:33:00,2017-01-15 07:56:00,30.199928,-97.719602,30.192377,-97.727841,3.078,"Right lane blocked due to accident on Main St, near Exit 12.",Main St,Austin,Travis,TX,78740,US,US/Central,KAUS,2017-01-15 06:22:00,57.2,,26,30.10,10.0,NNE,4.4,0.44,Rain,False,False,False,False,False,False,False,False,False,False,False,False,False,Night,Day,Day,Day
SYN-149,Source2,2,2018-05-27 16:41:00,2018-05-27 18:42:00,39.813966,-84.236630,39.826292,-84.226490,3.344,Incident on I-95 N near Park Rd. Expect delays.,I-95 N,Dayton,Montgomery,OH,45493,US,US/Eastern,KDAY,2018-05-27 16:11:00,60.2,,89,29.83,10.0,E,18.7,0.37,Light Rain,False,False,False,False,False,False,False,False,False,False,False,False,False,Day,Day,Day,Day
SYN-150,Source3,2,2018-10-31 11:44:00,2018-10-31 16:25:00,27.928362,-82.507449,27.929505,-82.500100,3.950,"Right lane blocked due to accident on Main St, near 5th Ave.",Main St,Tampa,Hillsborough,FL,33610-8320,US,US/Eastern,KTPA,2018-10-31 11:14:00,72.5,,75,,8.0,NE,6.0,0.28,Rain,False,False,False,False,False,False,False,False,False,False,False,False,False,Day,Day,Day,Day
SYN-151,Source2,3,2016-05-08 00:58:00,2016-05-08 03:36:00,39.087538,-84.545994,,,0.0,Lane blocked due to accident on I-70 E.,I-70 E,Cincinnati,Hamilton,OH,45251,US,US/Eastern,KLUK,2016-05-08 00:42:00,62.2,,38,29.64,10.0,E,17.6,0.0,Thunderstorm,False,False,False,False,True,False,False,False,False,False,False,True,False,Night,Night,Night,Night
SYN-152,Source3,2,2020-06-30 03:01:00,2020-06-30 06:58:00,29.758819,-95.402295,,,0.0,Incident on I-90 E near Exit 12. Expect delays.,I-90 E,Houston,Harris,TX,77040,US,US/Central,KHOU,2020-06-30 02:39:00,82.4,,46,30.10,2.8,NE,1.1,,Thunderstorm,False,False,False,False,False,False,False,False,False,False,False,False,False,Night,Night,Night,Night
SYN-153,Source1,2,2019-03-10 21:25:00.000000000,2019-03-11 03:05:00.000000000,28.006513,-82.471510,28.014790,-82.488642,1.327,Accident on I-71 N at Elm St.,I-71 N,Tampa,Hillsborough,FL,33687,US,US/Eastern,KTPA,2019-03-10 21:24:00.000000000,68.9,,57,29.99,6.4,W,10.1,0.0,Cloudy,False,False,False,False,False,False,False,False,False,False,False,True,False,Night,Night,Night,Night
SYN-154,Source1,1,2021-03-27 01:50:00,2021-03-27 04:52:00,32.471149,-84.910544,32.480124,-84.914916,2.165,Accident on I-75 S at Exit 108.,I-75 S,Columbus,Muscogee,GA,31919-8810,US,US/Eastern,KCSG,2021-03-27 01:46:00,58.4,,72,29.42,10.0,N,14.9,,Clear,False,False,False,False,False,False,False,False,False,False,False,False,False,Night,Night,Night,Night
SYN-155,Source1,2,2016-08-13 10:23:00.000000000,2016-08-13 14:39:00.000000000,39.038251,-84.481783,39.043027,-84.489862,2.361,Accident on E Washington Ave at Exit 12.,E Washington Ave,Cincinnati,Hamilton,OH,45246,US,US/Eastern,KLUK,2016-08-13 10:11:00.000000000,67.1,,88,29.72,10.0,NE,16.9,,Overcast,False,False,False,False,False,False,False,False,False,False,False,False,False,,Day,Day,Day
SYN-156,Source2,2,2020-06-29 11:55:00,2020-06-29 16:25:00,28.572315,-81.456083,28.574213,-81.469951,0.943,Incident on I-35 S near Park Rd. Expect delays.,I-35 S,Orlando,Orange,FL,32831,US,US/Eastern,KORL,2020-06-29 11:23:00,,,48,29.81,10.0,NW,,0.04,Light Rain,False,False,False,False,False,False,False,False,False,False,False,False,False,Day,Day,Day,Day
SYN-157,Source1,2,2021-11-06 14:23:00,2021-11-06 14:50:00,43.085130,-77.628500,,,0.0,Lane blocked due to accident on I-75 S.,I-75 S,Rochester,Monroe,NY,14642-7361,US,US/Eastern,KROC,2021-11-06 13:35:00,36.8,33.5,46,29.49,4.3,E,21.3,,Partly Cloudy,False,False,False,False,False,False,False,False,False,False,False,False,False,Day,Day,Day,Day
SYN-158,Source3,2,2018-09-12 00:20:00,2018-09-12 04:49:00,32.484508,-85.055140,,,0.0,"Right lane blocked due to accident on I-90 E, near Elm St.",I-90 E,Columbus,Muscogee,GA,31935,US,US/Eastern,KCSG,2018-09-12 00:06:00,70.5,,90,30.45,10.0,,9.8,,Partly Cloudy,False,False,False,False,False,False,False,False,False,False,False,False,False,Night,Night,Night,Night
SYN-159,Source2,3,2017-09-09 05:53:00,2017-09-09 11:21:00,39.894694,-82.934829,,,0.0,Lane blocked due to accident on I-95 N.,I-95 N,Columbus,Franklin,OH,43288,US,US/Eastern,KCMH,2017-09-09 05:49:00,68.1,,79,29.58,10.0,CALM,15.6,,Cloudy,False,False,False,False,False,False,False,False,False,False,False,True,False,Night,Night,Night,Day
SYN-160,Source2,4,2018-09-15 00:47:00,2018-09-15 01:46:00,32.734849,-96.756694,32.735877,-96.764899,1.192,Incident on N High St near Exit 108. Expect delays.,N High St,Dallas,Dallas,TX,75291,US,US/Central,KDAL,2018-09-14 23:59:00,76.3,,67,29.22,3.8,N,4.2,0.22,Rain,False,False,True,False,False,False,False,False,False,False,False,False,False,Night,Night,Night,Night
SYN-161,Source3,2,2018-01-23 11:13:00,2018-01-23 16:43:00,47.726234,-117.450901,47.713656,-117.431020,3.735,"Right lane blocked due to accident on Market St, near Exit 12.",Market St,Spokane,Spokane,WA,99245,US,US/Pacific,KGEG,2018-01-23 10:41:00,39.9,,56,30.30,10.0,N,21.3,0.0,Cloudy,False,False,False,False,False,False,False,False,False,False,False,True,False,Day,Day,Day,Day
SYN-162,Source1,3,2022-09-05 19:35:00.000000000,2022-09-06 00:30:00.000000000,33.786832,-84.308693,,,0.0,Lane blocked due to accident on I-5 N.,I-5 N,Atlanta,Fulton,GA,30362,US,US/Eastern,KATL,2022-09-05 19:01:00.000000000,80.8,,67,29.26,2.6,VAR,5.1,0.0,Mostly Cloudy,False,False,False,False,False,False,False,False,False,False,False,False,False,Night,Day,Day,Day
SYN-163,Source1,2,2018-03-07 19:21:00,2018-03-07 21:41:00,28.504899,-81.348009,28.495575,-81.343710,0.770,Lane blocked due to accident on Broadway.,Broadway,Orlando,Orange,FL,32848,US,US/Eastern,KORL,2018-03-07 19:18:00,75.5,,64,29.55,9.3,E,12.1,,Fog,False,False,False,False,False,False,False,False,False,False,False,False,False,Night,Day,Day,Day
SYN-164,Source2,2,2017-09-08 04:26:00.000000000,2017-09-08 09:42:00.000000000,30.195770,-97.758823,30.180586,-97.760099,2.482,Incident on I-35 S near Exit 108. Expect delays.,I-35 S,Austin,Travis,TX,78719,US,US/Central,KAUS,2017-09-08 04:24:00.000000000,75.8,,93,29.55,10.0,CALM,23.1,,Mostly Cloudy,False,False,False,False,False,False,False,False,False,False,False,False,False,Night,Night,Night,Night
SYN-165,Source1,2,2017-09-10 00:32:00,2017-09-10 02:05:00,25.820566,-80.162684,,,0.0,Accident on I-5 N at 5th Ave.,I-5 N,Miami,Miami-Dade,FL,33198,US,US/Eastern,KMIA,2017-09-10 00:02:00,74.2,,42,29.51,8.1,NE,18.0,,Haze,False,False,False,False,False,False,False,False,False,False,False,False,False,Night,Night,Night,Night
SYN-166,Source2,3,2016-02-20 17:06:00,2016-02-20 20:19:00,32.730859,-96.824140,32.734538,-96.844067,3.401,"Right lane blocked due to accident on Market St, near Park Rd.",Market St,Dallas,Dallas,TX,75254,US,US/Central,KDAL,2016-02-20 16:41:00,50.0,,54,29.92,10.0,SE,3.2,,Thunderstorm,False,False,True,False,False,False,False,False,False,False,False,False,False,Day,Day,Day,Day
SYN-167,Source3,3,2023-02-04 04:33:00,2023-02-04 07:19:00,43.093065,-77.619654,43.100824,-77.605333,3.643,Accident on N High St at 5th Ave.,N High St,Rochester,Monroe,NY,14678,US,US/Eastern,KROC,,34.7,25.6,79,30.29,10.0,,,,Haze,False,False,False,False,False,False,False,False,False,False,False,False,False,Night,Night,Night,Night
SYN-168,Source2,2,2021-10-03 10:17:00,2021-10-03 12:19:00,25.790165,-80.225104,25.802492,-80.232575,0.641,Accident on Market St at 5th Ave.,Market St,Miami,Miami-Dade,FL,33110-8606,US,US/Eastern,KMIA,2021-10-03 10:06:00,79.8,,26,30.46,10.0,N,18.1,,Fair,False,False,False,False,False,False,False,False,False,False,False,False,False,Day,Day,Day,Day
SYN-169,Source2,3,2022-03-26 19:38:00.000000000,2022-03-26 20:43:00.000000000,40.760612,-73.984293,,,0.0,Accident on Market St at Oak St.,Market St,New York,New York,NY,10014-1331,US,US/Eastern,KNYC,2022-03-26 18:55:00.000000000,,43.4,54,29.98,10.0,S,10.7,0.0,Thunderstorm,False,False,False,False,False,False,False,False,False,False,False,False,False,Night,Day,Day,Day
SYN-170,Source1,2,2016-04-01 07:05:00,2016-04-01 12:56:00,33.722185,-84.462840,33.724181,-84.480550,0.143,Accident on Market St at Exit 12.,Market St,Atlanta,Fulton,GA,30384,US,US/Eastern,KATL,2016-04-01 06:22:00,71.2,,48,30.40,10.0,NW,3.3,,Partly Cloudy,False,False,False,False,False,False,True,False,False,False,False,False,False,Day,Day,Day,Day
SYN-171,Source1,2,2017-11-09 09:52:00.000000000,2017-11-09 12:32:00.000000000,34.077510,-118.323519,34.067070,-118.314723,3.833,Incident on I-95 N near Exit 108. Expect delays.,I-95 N,Los Angeles,Los Angeles,CA,90087,US,US/Pacific,KCQT,2017-11-09 09:49:00.000000000,63.7,,82,29.70,10.0,NE,23.4,0.0,Cloudy,False,False,False,False,False,False,False,False,False,False,False,False,False,Day,Day,Day,Day
SYN-172,Source1,2,2020-11-04 13:44:00,2020-11-04 18:30:00,40.644956,-73.991697,40.635380,-73.989522,1.324,Incident on I-71 N near Exit 12. Expect delays.,I-71 N,New York,New York,NY,10010,US,US/Eastern,KNYC,2020-11-04 13:34:00,36.4,,100,,10.0,E,11.7,,Fair,False,False,False,False,False,False,False,False,False,True,False,False,False,Day,Day,Day,Day
SYN-173,Source2,2,2021-01-01 16:10:00,2021-01-01 18:57:00,38.502239,-121.540753,,,0.0,Lane blocked due to accident on I-5 N.,I-5 N,Sacramento,Sacramento,CA,95858,US,US/Pacific,KSAC,2021-01-01 15:56:00,55.2,,55,29.67,0.3,W,6.7,0.0,Fog,False,False,False,False,False,False,False,False,False,False,False,False,False,Day,Day,Day,Day
SYN-174,Source1,2,2017-07-20 09:08:00,2017-07-20 11:24:00,27.895217,-82.503937,27.887032,-82.522482,3.063,Incident on Main St near Oak St. Expect delays.,Main St,Tampa,Hillsborough,FL,33618,US,US/Eastern,KTPA,2017-07-20 08:47:00,76.9,,49,30.33,10.0,SE,14.9,0.47,Light Rain,False,False,False,False,False,False,False,False,False,False,False,False,False,Day,Day,Day,Day
SYN-175,Source2,2,2019-10-26 12:33:00.000000000,2019-10-26 16:15:00.000000000,38.770492,-104.813330,38.760827,-104.798934,3.258,Accident on I-35 S at Oak St.,I-35 S,Colorado Springs,El Paso,CO,80997,US,US/Mountain,KCOS,2019-10-26 12:26:00.000000000,57.5,,29,29.24,10.0,W,16.8,,Thunderstorm,False,False,False,False,False,False,False,False,False,False,False,False,False,Day,Day,Day,Day
SYN-176,Source3,3,2017-11-02 19:57:00.000000000,2017-11-02 20:34:00.000000000,27.954286,-82.394545,,,0.0,"Right lane blocked due to accident on Main St, near Exit 12.",Main St,Tampa,Hillsborough,FL,33650-6439,US,US/Eastern,KTPA,2017-11-02 19:14:00.000000000,71.2,,62,30.24,10.0,CALM,5.3,,Partly Cloudy,False,False,False,False,False,False,False,False,True,False,False,False,False,Night,Day,Day,Day
SYN-177,Source2,2,2020-11-18 07:53:00,2020-11-18 12:41:00,40.718131,-73.940049,,,0.0,Incident on US-101 S near Exit 12. Expect delays.,US-101 S,New York,New York,NY,10012,US,US/Eastern,KNYC,,43.3,,49,29.75,10.0,SW,13.2,,Fog,False,False,False,False,False,False,False,False,False,False,False,False,False,Day,Day,Day,Day
SYN-178,Source2,2,2021-12-09 10:51:00.000000000,2021-12-09 15:50:00.000000000,32.432653,-85.057984,32.449715,-85.061686,1.233,Incident on N High St near Exit 12. Expect delays.,N High St,Columbus,Muscogee,GA,31923-7894,US,US/Eastern,KCSG,2021-12-09 10:18:00.000000000,57.8,,57,30.28,10.0,,23.4,,Clear,False,False,False,False,False,False,True,False,False,False,False,False,False,Day,Day,Day,Day
SYN-179,Source1,3,2020-03-12 06:51:00,2020-03-12 10:04:00,37.385087,-121.945556,,,0.0,Lane blocked due to accident on I-10 W.,I-10 W,San Jose,Santa Clara,CA,95175,US,US/Pacific,KSJC,2020-03-12 06:21:00,66.8,,66,30.01,10.0,S,18.7,0.0,Thunderstorm,False,False,False,False,False,False,False,False,False,False,False,False,False,Night,Day,Day,Day
SYN-180,Source2,2,2022-03-01 06:55:00,2022-03-01 12:12:00,41.543441,-81.773497,,,0.0,Incident on Main St near Exit 12. Expect delays.,Main St,Cleveland,Cuyahoga,OH,44166-5587,US,US/Eastern,KCLE,2022-03-01 06:46:00,46.1,,22,29.54,10.0,N,6.9,0.0,Haze,False,False,False,False,False,False,False,False,False,False,False,False,False,Night,Day,Day,Day
SYN-181,Source2,2,2021-12-28 02:44:00.000000000,2021-12-28 04:03:00.000000000,32.768521,-96.841700,32.777648,-96.826005,0.186,"Right lane blocked due to accident on I-35 S, near Park Rd.",I-35 S,Dallas,Dallas,TX,75291,US,US/Central,KDAL,2021-12-28 02:15:00.000000000,56.9,,33,30.27,10.0,SE,12.2,,Thunderstorm,False,False,False,False,False,False,False,False,False,False,False,False,False,Night,Night,Night,Night
SYN-182,Source3,2,2019-11-02 01:24:00,2019-11-02 05:03:00,32.382784,-84.921195,,,0.0,Accident on I-10 W at Exit 108.,I-10 W,Columbus,Muscogee,GA,31977,US,US/Eastern,KCSG,2019-11-02 01:20:00,64.4,,42,29.48,8.4,S,17.4,,Haze,False,False,True,False,False,False,False,False,False,False,False,False,False,Night,Night,Night,Night
SYN-183,Source2,2,2017-04-16 00:45:00,2017-04-16 01:42:00,30.271934,-97.782973,30.263751,-97.772607,3.222,"Right lane blocked due to accident on State Route 4, near Elm St.",State Route 4,Austin,Travis,TX,78783-7851,US,US/Central,KAUS,2017-04-16 00:26:00,66.8,,47,30.36,10.0,NNE,21.2,0.17,Rain,False,False,False,False,False,False,False,False,False,False,False,False,False,Night,Night,Night,Night
SYN-184,Source3,2,2018-02-12 02:05:00,2018-02-12 03:33:00,30.234390,-97.730775,30.245183,-97.729412,1.736,Incident on I-90 E near Exit 12. Expect delays.,I-90 E,Austin,Travis,TX,78716,US,US/Central,KAUS,2018-02-12 01:49:00,59.4,,97,30.32,2.2,SE,1.5,0.0,Partly Cloudy,False,False,False,False,False,False,False,False,False,False,False,True,False,Night,Night,Night,Night
SYN-185,Source1,2,2017-03-10 14:29:00,2017-03-10 20:23:00,39.687483,-84.146579,,,0.0,Incident on I-35 S near Exit 108. Expect delays.,I-35 S,Dayton,Montgomery,OH,45489,US,US/Eastern,KDAY,2017-03-10 13:40:00,42.1,,24,30.24,6.6,N,5.9,0.26,Rain,False,False,False,False,False,False,False,False,False,False,False,False,False,Day,Day,Day,Day
SYN-186,Source2,2,2022-04-05 21:06:00,2022-04-06 00:53:00,33.758462,-84.442844,,,0.0,Incident on I-35 S near 5th Ave. Expect delays.,I-35 S,Atlanta,Fulton,GA,30370,US,US/Eastern,KATL,2022-04-05 20:34:00,,,99,29.83,10.0,NE,20.8,,Mostly Cloudy,False,False,False,False,True,False,False,False,False,False,False,False,False,Night,Night,Night,Night
SYN-187,Source3,2,2017-10-18 09:25:00.000000000,2017-10-18 13:12:00.000000000,39.684730,-105.068974,,,0.0,Accident on E Washington Ave at Oak St.,E Washington Ave,Denver,Denver,CO,80278,US,US/Mountain,KDEN,2017-10-18 08:43:00.000000000,49.7,,70,29.46,10.0,NNE,1.8,0.0,Partly Cloudy,False,False,True,True,False,False,False,False,False,False,False,False,False,Day,Day,Day,Day
SYN-188,Source1,2,2020-04-06 07:48:00,2020-04-06 09:33:00,41.452410,-81.633469,41.457669,-81.642805,2.279,Lane blocked due to accident on I-95 N.,I-95 N,Cleveland,Cuyahoga,OH,44195,US,US/Eastern,,2020-04-06 07:05:00,51.3,,33,29.61,10.0,E,16.1,0.45,Heavy Rain,False,False,False,False,False,False,False,False,False,False,False,False,False,Day,Day,Day,Day
SYN-189,Source3,2,2019-07-27 20:11:00,2019-07-27 23:44:00,39.120181,-84.447364,,,0.0,Lane blocked due to accident on I-35 S.,I-35 S,Cincinnati,Hamilton,OH,45252,US,US/Eastern,KLUK,2019-07-27 20:10:00,80.8,,67,30.22,10.0,S,21.7,,Haze,False,False,False,False,False,False,False,False,True,False,False,False,False,Night,Night,Night,Day
SYN-190,Source2,1,2020-03-08 19:42:00,2020-03-09 00:41:00,39.838738,-84.166065,,,0.0,Accident on I-70 E at Exit 108.,I-70 E,Dayton,Montgomery,OH,45457,US,US/Eastern,KDAY,2020-03-08 19:09:00,34.1,30.9,,30.36,10.0,NW,,0.33,Light Rain,False,False,False,False,False,False,False,False,False,False,False,False,False,Night,Day,Day,Day
SYN-191,Source1,2,2022-05-05 11:47:00,2022-05-05 15:59:00,39.728646,-105.048686,39.737009,-105.048560,2.607,Accident on N High St at Exit 108.,N High St,Denver,Denver,CO,80210-5616,US,US/Mountain,,2022-05-05 11:44:00,63.3,,47,30.22,10.0,CALM,0.9,0.21,Heavy Rain,False,False,False,False,False,False,False,False,False,False,False,False,False,Day,Day,Day,Day
SYN-192,Source1,2,2019-02-03 09:27:00,2019-02-03 11:59:00,37.393414,-121.819776,37.401142,-121.814427,3.412,Lane blocked due to accident on I-70 E.,I-70 E,San Jose,Santa Clara,CA,95196-7486,US,US/Pacific,KSJC,2019-02-03 08:52:00,57.8,,87,30.15,6.8,S,2.4,0.13,Heavy Rain,False,False,False,False,False,False,False,False,False,False,False,False,False,Day,Day,Day,Day
SYN-193,Source2,4,2016-08-09 20:56:00,2016-08-10 01:03:00,30.323508,-97.745479,30.337866,-97.731125,0.690,Accident on Market St at Elm St.,Market St,Austin,Travis,TX,78709,US,US/Central,KAUS,2016-08-09 20:44:00,86.3,,90,29.42,10.0,SW,16.5,,Mostly Cloudy,False,False,True,False,False,False,False,False,False,False,False,False,False,Night,Night,Night,Day
SYN-194,Source1,2,2018-07-02 20:48:00.000000000,2018-07-03 01:08:00.000000000,37.311216,-121.883548,,,0.0,Lane blocked due to accident on State Route 4.,State Route 4,San Jose,Santa Clara,CA,95115,US,,KSJC,2018-07-02 20:20:00.000000000,78.5,,92,30.18,10.0,E,22.3,0.0,Clear,False,False,False,False,False,False,False,False,False,False,False,False,False,Night,Night,Night,Day
SYN-195,Source2,2,2020-02-09 09:17:00,2020-02-09 11:29:00,47.620353,-117.440376,,,0.0,Lane blocked due to accident on I-75 S.,I-75 S,Spokane,Spokane,WA,99224,US,US/Pacific,KGEG,2020-02-09 08:46:00,37.1,,40,29.30,10.0,N,20.5,,Fair,False,False,False,False,False,False,False,False,False,False,False,False,False,Day,Day,Day,Day
SYN-196,Source3,2,2022-10-29 16:11:00.000000000,2022-10-29 21:42:00.000000000,39.824772,-84.180786,39.810051,-84.178166,1.691,Accident on N High St at Exit 108.,N High St,Dayton,Montgomery,OH,45462,US,US/Eastern,,2022-10-29 15:26:00.000000000,53.9,,59,29.67,10.0,VAR,8.0,,Cloudy,False,False,False,False,False,False,False,False,False,False,False,False,False,Day,Day,Day,Day
SYN-197,Source2,2,2017-07-24 06:42:00,2017-07-24 08:23:00,32.747339,-117.182185,,,0.0,Lane blocked due to accident on State Route 4.,State Route 4,San Diego,San Diego,CA,92117-2350,US,US/Pacific,KSAN,2017-07-24 06:05:00,78.0,,73,29.94,10.0,E,,0.39,Rain,False,False,False,False,False,False,False,False,False,False,False,False,False,Night,Day,Day,Day
SYN-198,Source1,2,2020-11-18 15:28:00.000000000,2020-11-18 21:24:00.000000000,38.647159,-121.526110,,,0.0,Accident on Highway 99 at Park Rd.,Highway 99,Sacramento,Sacramento,CA,95867,US,US/Pacific,KSAC,2020-11-18 15:18:00.000000000,65.0,,85,30.34,10.0,W,2.4,0.0,Overcast,False,False,True,False,False,False,False,False,False,False,False,False,False,Day,Day,Day,Day
SYN-199,Source1,2,2019-02-12 11:32:00,2019-02-12 15:38:00,39.820554,-84.217514,,,0.0,Lane blocked due to accident on I-35 S.,I-35 S,Dayton,Montgomery,OH,45426,US,US/Eastern,KDAY,2019-02-12 11:00:00,32.3,25.6,69,30.13,10.0,S,3.4,0.0,Haze,False,False,False,False,False,False,False,False,False,False,False,False,False,Day,Day,Day,Day
SYN-200,Source3,2,2017-06-17 00:57:00,2017-06-17 03:35:00,38.787027,-104.770670,38.796036,-104.781390,3.219,Incident on Main St near Oak St. Expect delays.,Main St,Colorado Springs,El Paso,CO,80990-8763,US,US/Mountain,KCOS,2017-06-17 00:15:00,67.0,,82,29.94,10.0,W,15.6,0.0,Fog,False,False,False,False,False,False,False,False,False,False,False,False,False,Night,Night,Night,Night
SYN-201,Source1,2,2021-05-18 18:06:00.000000000,2021-05-18 21:39:00.000000000,28.535727,-81.375023,,,0.0,Lane blocked due to accident on US-101 S.,US-101 S,Orlando,Orange,FL,32848-3443,US,US/Eastern,KORL,2021-05-18 17:42:00.000000000,80.4,,47,29.96,10.0,VAR,11.2,0.47,Heavy Rain,False,False,False,False,False,False,False,False,False,False,False,False,False,Day,Day,Day,Day
SYN-202,Source1,2,2017-07-15 21:59:00,2017-07-15 23:54:00,37.279570,-121.928874,37.283913,-121.928407,1.421,Incident on Broadway near Exit 12. Expect delays.,Broadway,San Jose,Santa Clara,CA,95163,US,US/Pacific,KSJC,2017-07-15 21:14:00,75.4,,,29.70,10.0,E,2.2,,Haze,False,False,False,False,False,False,False,False,False,False,False,False,False,Night,Night,Night,Night
SYN-203,Source1,3,2019-08-05 09:01:00.000000000,2019-08-05 13:12:00.000000000,32.460775,-84.983457,,,0.0,Lane blocked due to accident on State Route 4.,State Route 4,Columbus,Muscogee,GA,31991,US,US/Eastern,KCSG,2019-08-05 08:19:00.000000000,86.3,,86,29.38,10.0,CALM,,0.0,Overcast,False,False,False,False,False,False,False,False,False,False,False,False,False,Day,Day,Day,Day
SYN-204,Source1,2,2022-02-16 17:17:00.000000000,2022-02-16 22:38:00.000000000,32.713736,-96.864718,32.714791,-96.879345,1.261,"Right lane blocked due to accident on I-70 E, near 5th Ave.",I-70 E,Dallas,Dallas,TX,75258-4314,US,US/Central,KDAL,2022-02-16 16:55:00.000000000,47.5,46.7,95,29.44,10.0,NE,14.3,0.16,Light Rain,False,False,False,False,True,False,False,False,False,False,False,False,False,Day,Day,Day,Day
SYN-205,Source2,3,2021-06-24 02:54:00,2021-06-24 05:55:00,29.400147,-98.479196,29.396663,-98.490385,1.044,Lane blocked due to accident on I-35 S.,I-35 S,San Antonio,Bexar,TX,78265-7768,US,US/Central,KSAT,2021-06-24 02:43:00,82.7,,35,29.25,10.0,N,23.3,0.30,Light Rain,False,False,False,False,False,False,False,False,False,False,False,False,False,Night,Night,Night,Night
SYN-206,Source1,2,2019-03-14 22:01:00,2019-03-15 01:10:00,39.734443,-104.917371,39.753185,-104.925722,3.556,Incident on I-10 W near Oak St. Expect delays.,I-10 W,Denver,Denver,CO,80271,US,US/Mountain,KDEN,2019-03-14 21:20:00,41.3,38.4,23,29.35,4.9,SW,9.9,,Haze,False,False,False,False,False,False,False,False,False,False,False,True,False,Night,Night,Night,Night
SYN-207,Source2,2,2021-02-05 22:07:00,2021-02-06 03:10:00,40.685529,-73.933639,,,0.0,Incident on US-101 S near Exit 108. Expect delays.,US-101 S,New York,New York,NY,10091-2163,US,US/Eastern,KNYC,2021-02-05 21:19:00,32.8,30.6,78,30.46,10.0,NNE,12.0,,Cloudy,False,False,False,False,False,False,False,False,False,False,False,False,False,Night,Night,Night,Night
SYN-208,Source1,2,2021-07-12 06:25:00,2021-07-12 08:41:00,39.785123,-105.037194,39.774555,-105.028163,0.241,Accident on State Route 4 at 5th Ave.,State Route 4,Denver,Denver,CO,80239,US,US/Mountain,KDEN,2021-07-12 05:38:00,72.7,,96,29.99,10.0,NNE,7.3,0.0,Partly Cloudy,False,False,True,False,False,False,False,False,False,False,False,False,False,Night,Day,Day,Day
SYN-209,Source1,2,2019-10-31 01:13:00,2019-10-31 06:41:00,42.959210,-78.868580,42.957651,-78.868907,2.546,Accident on I-35 S at Exit 108.,I-35 S,Buffalo,Erie,NY,14258-2939,US,US/Eastern,KBUF,2019-10-31 00:53:00,46.4,43.7,24,30.12,10.0,NNE,22.2,,Partly Cloudy,False,False,False,False,False,False,False,False,False,False,False,False,False,Night,Night,Night,Night
SYN-210,Source1,3,2018-11-09 04:20:00,2018-11-09 08:07:00,47.586692,-117.359921,47.586394,-117.341291,1.579,Accident on State Route 4 at Exit 108.,State Route 4,Spokane,Spokane,WA,99233,US,US/Pacific,KGEG,2018-11-09 04:15:00,41.5,36.0,61,30.09,10.0,NNE,13.1,0.0,Thunderstorm,False,False,True,False,False,False,False,False,False,False,False,False,False,Night,Night,Night,Night
SYN-211,Source1,2,2019-08-09 03:06:00,2019-08-09 06:16:00,25.706322,-80.226413,25.722650,-80.208679,1.703,"Right lane blocked due to accident on I-5 N, near 5th Ave.",I-5 N,Miami,Miami-Dade,FL,33103-9591,US,US/Eastern,KMIA,2019-08-09 02:27:00,79.1,,69,29.21,10.0,SW,24.9,0.04,Rain,False,False,False,False,False,False,False,False,False,False,False,False,False,Night,Night,Night,Night
SYN-212,Source1,2,2018-01-18 19:00:00,2018-01-18 19:59:00,32.812675,-96.870172,32.805428,-96.889022,1.106,"Right lane blocked due to accident on N High St, near Elm St.",N High St,Dallas,Dallas,TX,75289-5028,US,US/Central,KDAL,2018-01-18 18:44:00,56.4,,62,29.71,10.0,E,12.6,,Clear,False,False,False,False,False,False,False,False,False,False,False,False,False,Night,Day,Day,Day
SYN-213,Source3,2,2023-02-05 12:55:00,2023-02-05 15:06:00,38.618552,-121.567932,38.627247,-121.580592,1.960,Lane blocked due to accident on E Washington Ave.,E Washington Ave,Sacramento,Sacramento,CA,95840-2455,US,US/Pacific,KSAC,2023-02-05 12:30:00,58.9,,85,29.31,10.0,VAR,7.5,,Partly Cloudy,False,False,True,False,False,False,False,False,False,False,False,False,False,Day,Day,Day,Day
SYN-214,Source3,3,2022-07-12 22:28:00.000000000,2022-07-12 23:54:00.000000000,32.175632,-111.036291,32.184219,-111.054158,1.112,Incident on N High St near Elm St. Expect delays.,N High St,Tucson,Pima,AZ,85798-3359,US,US/Mountain,KTUS,2022-07-12 21:44:00.000000000,101.1,,33,30.15,10.0,CALM,23.8,0.44,Light Rain,False,False,False,False,False,False,False,False,False,False,False,False,False,Night,Night,Night,Night
SYN-215,Source2,2,2022-02-15 14:02:00,2022-02-15 16:48:00,42.932847,-78.948547,,,0.0,Accident on Highway 99 at Elm St.,Highway 99,Buffalo,Erie,NY,14218,US,US/Eastern,KBUF,2022-02-15 13:56:00,34.2,,49,29.84,10.0,N,5.1,,Cloudy,False,False,False,False,False,False,False,False,False,False,False,True,False,Day,Day,Day,Day
SYN-216,Source2,2,2018-05-05 18:09:00,2018-05-05 19:05:00,33.450872,-112.137073,33.459791,-112.149953,1.579,Lane blocked due to accident on State Route 4.,State Route 4,Phoenix,Maricopa,AZ,85086,US,US/Mountain,KPHX,2018-05-05 18:01:00,91.9,,41,29.84,10.0,S,8.7,,Haze,False,False,True,False,False,False,False,False,False,False,False,False,False,Day,Day,Day,Day
SYN-217,Source2,2,2016-06-18 06:41:00,2016-06-18 10:58:00,39.803444,-84.188899,39.820669,-84.198918,3.934,Accident on I-71 N at Exit 108.,I-71 N,Dayton,Montgomery,OH,45406-9517,US,US/Eastern,KDAY,2016-06-18 06:17:00,64.8,,68,29.91,10.0,NE,15.2,,Cloudy,False,False,False,False,False,False,False,False,False,False,False,False,False,Night,Day,Day,Day
SYN-218,Source3,4,2016-02-26 00:09:00.000000000,2016-02-26 06:06:00.000000000,41.485926,-81.765260,,,0.0,Accident on N High St at Park Rd.,N High St,Cleveland,Cuyahoga,OH,44186,US,US/Eastern,KCLE,2016-02-25 23:32:00.000000000,,34.2,44,29.70,3.0,NNE,16.9,0.0,Cloudy,False,False,True,False,False,False,False,False,False,False,False,False,False,Night,Night,Night,Night
SYN-219,Source2,2,2016-02-13 15:09:00,2016-02-13 17:31:00,41.487962,-81.627822,41.469623,-81.627938,1.582,Lane blocked due to accident on Market St.,Market St,Cleveland,Cuyahoga,OH,44148,US,US/Eastern,KCLE,2016-02-13 14:20:00,29.2,24.9,80,29.22,10.0,CALM,12.9,0.20,Rain,False,False,False,False,False,False,False,False,False,False,False,True,False,Day,Day,Day,Day
SYN-220,Source2,2,2016-09-15 15:01:00.000000000,2016-09-15 16:53:00.000000000,39.768932,-84.220749,,,0.0,Lane blocked due to accident on I-90 E.,I-90 E,Dayton,Montgomery,OH,45466-7779,US,US/Eastern,KDAY,2016-09-15 14:20:00.000000000,,,99,29.68,10.0,CALM,,0.37,Heavy Rain,False,False,False,False,False,False,False,False,False,False,False,True,False,Day,Day,Day,Day
SYN-221,Source2,2,2020-04-15 05:46:00,2020-04-15 07:35:00,38.598422,-121.422460,38.614865,-121.419998,3.977,Incident on Broadway near Park Rd. Expect delays.,Broadway,Sacramento,Sacramento,CA,95804,US,US/Pacific,KSAC,2020-04-15 05:12:00,70.0,,42,29.23,10.0,SW,23.6,0.00,Light Rain,False,False,False,False,False,False,False,False,False,False,False,False,False,Night,Night,Night,
SYN-222,Source1,3,2016-08-17 03:32:00.000000000,2016-08-17 08:30:00.000000000,25.830068,-80.116772,,,0.0,Lane blocked due to accident on E Washington Ave.,E Washington Ave,Miami,Miami-Dade,FL,33179-9599,US,US/Eastern,KMIA,2016-08-17 02:43:00.000000000,77.2,,25,30.12,10.0,N,9.4,,Fair,False,False,False,False,False,False,False,False,False,False,False,False,False,Night,Night,Night,Night
SYN-223,Source2,2,2019-01-23 03:26:00.000000000,2019-01-23 06:05:00.000000000,38.793932,-104.830457,,,0.0,Incident on Broadway near Exit 12. Expect delays.,Broadway,Colorado Springs,El Paso,CO,80982-5208,US,US/Mountain,,2019-01-23 02:38:00.000000000,,22.1,71,29.72,8.4,W,9.0,,Haze,False,False,False,False,False,False,False,False,False,False,False,False,False,Night,Night,Night,Night
SYN-224,Source3,3,2022-08-15 20:23:00.000000000,2022-08-16 01:17:00.000000000,30.238601,-97.816432,,,0.0,Accident on I-10 W at Oak St.,I-10 W,Austin,Travis,TX,78797,US,US/Central,KAUS,2022-08-15 19:42:00.000000000,84.7,,21,30.16,10.0,W,8.6,0.44,Heavy Rain,False,False,False,False,False,False,False,False,False,False,False,False,False,Night,Night,Night,Day
SYN-225,Source1,2,2017-08-14 22:08:00,2017-08-14 23:53:00,32.252687,-110.963206,32.265926,-110.948680,2.216,Accident on State Route 4 at Elm St.,State Route 4,Tucson,Pima,AZ,85727-7987,US,US/Mountain,KTUS,2017-08-14 21:58:00,91.3,,23,29.42,10.0,N,11.1,,Thunderstorm,False,False,False,False,False,False,False,False,False,False,False,False,False,Night,Night,Night,Night
SYN-226,Source1,2,2018-12-21 17:18:00,2018-12-21 18:11:00,32.193577,-110.897580,32.181371,-110.895311,2.050,Incident on I-70 E near Exit 12. Expect delays.,I-70 E,Tucson,Pima,AZ,85715,US,US/Mountain,KTUS,2018-12-21 16:56:00,61.1,,95,29.64,3.0,CALM,,,Mostly Cloudy,False,False,False,False,False,False,False,False,False,False,False,False,False,Day,Day,Day,Day
SYN-227,Source3,2,2018-05-26 18:25:00,2018-05-26 20:42:00,42.962513,-78.889228,,,0.0,Lane blocked due to accident on I-70 E.,I-70 E,Buffalo,Erie,NY,14216-3574,US,US/Eastern,KBUF,2018-05-26 17:43:00,70.8,,29,29.35,10.0,SE,15.9,0.0,Overcast,False,False,False,False,False,False,False,False,False,False,False,True,False,Day,Day,Day,Day
SYN-228,Source3,1,2021-12-04 06:22:00,2021-12-04 11:37:00,47.680810,-117.451496,47.666590,-117.452786,3.240,"Right lane blocked due to accident on Broadway, near Park Rd.",Broadway,Spokane,Spokane,WA,99238,US,US/Pacific,KGEG,2021-12-04 05:48:00,41.9,36.0,38,30.01,10.0,SE,,0.0,Fair,False,False,False,False,False,False,False,False,False,False,False,False,False,Night,Day,Day,Day
SYN-229,Source2,2,2019-03-29 19:19:00.000000000,2019-03-29 20:57:00.000000000,27.905924,-82.489219,,,0.0,Incident on I-5 N near 5th Ave. Expect delays.,I-5 N,Tampa,Hillsborough,FL,33697-2752,US,US/Eastern,KTPA,2019-03-29 18:56:00.000000000,72.1,,44,29.29,10.0,,11.0,,Haze,False,False,False,False,False,False,False,False,False,False,False,False,False,Night,Day,Day,Day
SYN-230,Source2,2,2021-12-22 03:32:00,2021-12-22 05:02:00,41.561747,-81.696738,41.556475,-81.690190,3.350,"Right lane blocked due to accident on I-95 N, near Exit 108.",I-95 N,Cleveland,Cuyahoga,OH,44139,US,US/Eastern,KCLE,2021-12-22 02:53:00,34.9,33.3,34,29.42,10.0,NE,3.8,,Mostly Cloudy,False,False,False,False,False,False,False,False,False,False,False,False,False,Night,Night,Night,Night
SYN-231,Source1,2,2020-03-04 13:08:00,2020-03-04 15:40:00,27.988025,-82.434806,27.969613,-82.438510,0.120,Incident on State Route 4 near 5th Ave. Expect delays.,State Route 4,Tampa,Hillsborough,FL,33682,US,US/Eastern,KTPA,2020-03-04 13:00:00,76.6,,49,30.16,10.0,S,,,Mostly Cloudy,False,False,False,False,False,False,False,False,False,False,False,False,False,Day,Day,Day,Day
SYN-232,Source1,2,2018-09-04 15:55:00,2018-09-04 20:28:00,27.917598,-82.474600,27.921235,-82.464597,1.766,Incident on Main St near Elm St. Expect delays.,Main St,Tampa,Hillsborough,FL,33696,US,US/Eastern,KTPA,2018-09-04 15:41:00,72.1,,38,30.30,1.2,VAR,7.9,,Cloudy,False,False,True,False,False,False,False,False,False,False,False,False,False,Day,Day,Day,Day
SYN-233,Source3,2,2023-02-27 08:48:00.000000000,2023-02-27 09:24:00.000000000,33.434074,-112.081786,33.426453,-112.067311,3.027,"Right lane blocked due to accident on I-71 N, near Exit 108.",I-71 N,Phoenix,Maricopa,AZ,85064,US,US/Mountain,KPHX,2023-02-27 08:34:00.000000000,60.1,,35,29.75,10.0,SE,0.5,,Fair,False,False,False,False,False,False,False,False,False,False,False,False,False,Day,Day,Day,Day
SYN-234,Source2,2,2018-07-15 13:18:00,2018-07-15 19:05:00,41.578273,-81.739967,41.582099,-81.726604,2.790,"Right lane blocked due to accident on State Route 4, near Park Rd.",State Route 4,Cleveland,Cuyahoga,OH,44177,US,US/Eastern,KCLE,2018-07-15 12:46:00,81.7,,20,29.78,1.1,SW,,,Clear,False,False,False,False,False,False,False,False,False,False,False,False,False,Day,Day,Day,Day
SYN-235,Source1,2,2017-02-08 09:24:00,2017-02-08 10:12:00,37.335527,-121.841929,,,0.0,Lane blocked due to accident on I-10 W.,I-10 W,San Jose,Santa Clara,CA,95161,US,US/Pacific,KSJC,2017-02-08 09:22:00,57.7,,65,30.15,10.0,CALM,,0.0,Thunderstorm,False,False,True,False,False,False,False,False,False,False,False,True,False,Day,Day,Day,Day
SYN-236,Source1,2,2017-11-02 12:40:00.000000000,2017-11-02 13:18:00.000000000,39.678159,-105.020135,39.658820,-105.020250,3.424,Lane blocked due to accident on I-35 S.,I-35 S,Denver,Denver,CO,80237,US,US/Mountain,KDEN,2017-11-02 12:19:00.000000000,48.1,46.0,36,30.07,2.5,SE,16.6,0.13,Heavy Rain,False,False,False,False,False,False,False,False,False,False,False,False,False,Day,Day,Day,Day
SYN-237,Source1,2,2017-12-14 01:27:00,2017-12-14 06:59:00,39.040635,-84.501878,39.039199,-84.490341,3.559,"Right lane blocked due to accident on I-95 N, near Oak St.",I-95 N,Cincinnati,Hamilton,OH,45231-2685,US,US/Eastern,KLUK,2017-12-14 01:07:00,31.6,,73,30.38,10.0,SE,18.0,0.0,Overcast,False,False,False,False,False,False,False,False,False,False,False,False,False,Night,Night,Night,Night
SYN-238,Source1,2,2016-03-04 23:17:00,2016-03-05 02:06:00,39.181897,-84.522258,,,0.0,Incident on US-101 S near Park Rd. Expect delays.,US-101 S,Cincinnati,Hamilton,OH,45254,US,US/Eastern,KLUK,2016-03-04 22:43:00,41.3,35.9,27,30.31,10.0,E,21.3,,Mostly Cloudy,False,False,False,False,False,False,False,False,False,False,False,False,False,Night,Night,Night,Night
SYN-239,Source1,2,2020-03-15 14:43:00,2020-03-15 15:53:00,42.936274,-78.836686,42.933036,-78.819797,0.612,Accident on Main St at Exit 12.,Main St,Buffalo,Erie,NY,14223,US,US/Eastern,KBUF,2020-03-15 13:58:00,36.2,,78,30.44,10.0,S,,0.10,Rain,False,False,False,False,False,False,False,False,False,False,False,True,False,Day,Day,Day,Day
SYN-240,Source2,2,2020-01-18 02:14:00,2020-01-18 03:33:00,38.590155,-121.449044,38.607818,-121.455171,3.558,Incident on Main St near Exit 12. Expect delays.,Main St,Sacramento,Sacramento,CA,95870,US,US/Pacific,KSAC,2020-01-18 01:55:00,59.5,,76,30.20,10.0,NNE,19.4,,Cloudy,False,False,False,False,False,False,False,False,False,False,False,False,False,Night,Night,Night,Night
SYN-241,Source2,2,2021-05-22 21:46:00,2021-05-23 00:18:00,29.490559,-98.507695,29.490119,-98.515273,1.504,"Right lane blocked due to accident on I-75 S, near Park Rd.",I-75 S,San Antonio,Bexar,TX,78284,US,US/Central,KSAT,2021-05-22 20:57:00,71.3,,39,30.12,8.7,VAR,6.9,0.0,Cloudy,False,False,False,False,False,False,False,False,False,False,False,True,False,Night,Night,Night,Night
SYN-242,Source1,2,2019-02-12 06:44:00.000000000,2019-02-12 08:31:00.000000000,32.701909,-96.814868,32.685963,-96.797162,3.767,Incident on I-95 N near Park Rd. Expect delays.,I-95 N,Dallas,Dallas,TX,75231,US,US/Central,,2019-02-12 05:54:00.000000000,52.3,,64,30.13,10.0,NW,6.8,0.24,Light Rain,False,False,False,False,False,False,False,False,False,False,False,False,False,Night,Day,Day,Day
SYN-243,Source2,3,2018-09-09 21:16:00,2018-09-10 02:10:00,30.224060,-97.783055,,,0.0,"Right lane blocked due to accident on US-101 S, near Oak St.",US-101 S,Austin,Travis,TX,78795,US,US/Central,KAUS,2018-09-09 20:49:00,77.4,,53,29.47,5.2,CALM,16.7,,Overcast,False,False,False,False,False,False,False,False,False,False,False,False,False,Night,Night,Night,Night
SYN-244,Source2,2,2020-01-07 21:41:00.000000000,2020-01-08 03:39:00.000000000,33.811907,-84.338215,33.829261,-84.354325,0.473,Lane blocked due to accident on I-90 E.,I-90 E,Atlanta,Fulton,GA,30388,US,US/Eastern,KATL,2020-01-07 21:06:00.000000000,41.7,40.7,36,30.03,5.3,NE,1.6,0.0,Mostly Cloudy,False,False,False,False,False,False,False,False,False,False,False,False,False,Night,Night,Night,Night
SYN-245,Source1,2,2018-11-07 10:44:00,2018-11-07 14:57:00,38.640030,-121.548209,,,0.0,"Right lane blocked due to accident on I-5 N, near Exit 12.",I-5 N,Sacramento,Sacramento,CA,95848,US,US/Pacific,KSAC,2018-11-07 10:28:00,63.2,,37,29.63,6.3,NW,17.0,,Cloudy,False,False,False,False,False,False,False,False,False,False,False,False,False,Day,Day,Day,Day
SYN-246,Source1,3,2016-06-21 05:01:00,2016-06-21 08:00:00,43.077959,-77.670885,,,0.0,Accident on Market St at 5th Ave.,Market St,Rochester,Monroe,NY,14674-5273,US,US/Eastern,KROC,2016-06-21 04:52:00,74.4,,91,29.73,10.0,W,19.3,0.0,Mostly Cloudy,False,False,False,False,False,False,False,False,False,False,False,False,False,Night,Night,Night,Day
SYN-247,Source3,3,2019-08-29 02:28:00.000000000,2019-08-29 04:16:00.000000000,39.059992,-84.475070,39.076882,-84.481661,1.219,"Right lane blocked due to accident on Broadway, near Exit 12.",Broadway,Cincinnati,Hamilton,OH,45231,US,US/Eastern,KLUK,2019-08-29 02:12:00.000000000,72.5,,51,30.46,10.0,N,0.3,0.03,Rain,False,False,False,False,False,False,False,False,False,False,False,False,False,Night,Night,Night,Night
SYN-248,Source1,2,2017-11-15 12:29:00,2017-11-15 13:33:00,29.480360,-98.436993,,,0.0,"Right lane blocked due to accident on I-90 E, near Exit 12.",I-90 E,San Antonio,Bexar,TX,78281,US,US/Central,KSAT,2017-11-15 12:02:00,58.7,,43,30.22,10.0,SE,6.8,,Fair,False,False,False,False,False,False,False,False,False,False,False,True,False,Day,Day,Day,Day
SYN-249,Source3,3,2019-09-17 19:37:00,2019-09-17 20:04:00,33.452329,-111.996097,,,0.0,"Right lane blocked due to accident on I-90 E, near Elm St.",I-90 E,Phoenix,Maricopa,AZ,85046,US,US/Mountain,KPHX,2019-09-17 19:30:00,88.1,,98,29.37,10.0,N,24.1,,Clear,False,False,False,False,False,False,False,False,False,False,False,False,False,Night,Day,Day,Day
SYN-250,Source2,3,2016-07-25 05:37:00,2016-07-25 07:18:00,29.770826,-95.390044,,,0.0,Incident on Highway 99 near Exit 108. Expect delays.,Highway 99,,Harris,TX,77063,US,US/Central,KHOU,2016-07-25 05:24:00,91.1,,97,30.03,10.0,SW,11.8,0.31,Heavy Rain,False,False,False,False,False,False,False,False,False,False,False,True,False,Night,Night,Night,Day
SYN-251,Source3,3,2016-12-08 10:17:00.000000000,2016-12-08 10:35:00.000000000,47.680662,-117.369293,,,0.0,Lane blocked due to accident on I-71 N.,I-71 N,Spokane,Spokane,WA,99219-3505,US,US/Pacific,KGEG,2016-12-08 09:56:00.000000000,44.2,42.1,79,30.26,3.0,VAR,17.8,,Cloudy,False,False,False,False,False,False,False,False,False,False,False,False,False,Day,Day,Day,Day
SYN-252,Source1,1,2021-10-09 06:26:00,2021-10-09 06:47:00,29.705893,-95.431298,29.710039,-95.416128,0.694,Lane blocked due to accident on I-10 W.,I-10 W,Houston,Harris,TX,77011,US,US/Central,KHOU,2021-10-09 06:15:00,62.1,,56,,10.0,NE,10.4,0.35,Light Rain,False,False,False,False,True,False,False,False,False,False,False,True,False,Night,Day,Day,Day
SYN-253,Source2,3,2016-09-16 07:57:00,2016-09-16 13:14:00,27.998280,-82.466369,,,0.0,Lane blocked due to accident on State Route 4.,State Route 4,Tampa,Hillsborough,FL,33628,US,US/Eastern,KTPA,2016-09-16 07:29:00,73.3,,89,29.37,7.6,SW,3.4,,Cloudy,False,False,False,False,False,False,False,False,False,False,False,True,False,Day,Day,Day,Day
SYN-254,Source2,1,2022-05-15 23:28:00,2022-05-15 23:55:00,39.816990,-104.951868,,,0.0,Lane blocked due to accident on State Route 4.,State Route 4,Denver,Denver,CO,80207,US,US/Mountain,KDEN,2022-05-15 23:07:00,69.3,,27,29.26,10.0,SE,14.5,,Fair,False,False,True,False,False,False,False,False,False,False,False,False,False,Night,Night,Night,Night
SYN-255,Source1,3,2022-07-18 22:36:00,2022-07-19 03:56:00,32.189683,-110.986353,,,0.0,Lane blocked due to accident on I-5 N.,I-5 N,Tucson,Pima,AZ,85779,US,US/Mountain,KTUS,2022-07-18 22:34:00,93.3,,33,30.45,10.0,SE,,,Haze,True,False,False,False,False,False,False,False,False,False,False,False,False,Night,Night,Night,Night
SYN-256,Source2,2,2022-08-20 07:11:00.000000000,2022-08-20 12:58:00.000000000,32.259016,-110.994050,,,0.0,Accident on I-90 E at 5th Ave.,I-90 E,Tucson,Pima,AZ,85789-6234,US,US/Mountain,KTUS,2022-08-20 06:29:00.000000000,87.3,,50,30.01,10.0,E,0.5,,Fog,False,False,False,False,False,False,False,True,False,False,False,True,False,Day,Day,Day,Day
SYN-257,Source1,4,2017-12-20 19:17:00,2017-12-21 00:15:00,38.636468,-121.461470,38.629985,-121.455947,2.264,Accident on Highway 99 at Exit 12.,Highway 99,Sacramento,Sacramento,CA,95876-9524,US,US/Pacific,KSAC,2017-12-20 19:16:00,56.3,,,29.35,10.0,S,6.9,,Fog,False,False,False,False,False,False,False,False,False,False,False,False,False,Night,Day,Day,Day
SYN-258,Source1,2,2022-08-06 04:22:00,2022-08-06 09:54:00,43.162579,-77.604603,,,0.0,Lane blocked due to accident on Broadway.,Broadway,Rochester,Monroe,NY,14610,US,US/Eastern,KROC,2022-08-06 03:46:00,77.9,,54,30.23,10.0,NW,9.9,0.0,Fair,False,False,False,False,False,False,False,False,False,False,False,False,False,Night,Night,Night,Night
SYN-259,Source2,2,2021-09-11 07:02:00,2021-09-11 07:35:00,39.793138,-105.037609,39.794439,-105.023795,2.343,Accident on Market St at Park Rd.,Market St,Denver,Denver,CO,80296,US,US/Mountain,KDEN,2021-09-11 06:32:00,62.8,,90,30.41,10.0,E,24.9,0.47,Heavy Rain,False,False,False,False,False,False,False,False,False,False,False,False,False,Day,Day,Day,Day
SYN-260,Source2,2,2022-11-20 04:18:00.000000000,2022-11-20 05:31:00.000000000,39.047127,-84.432229,39.052824,-84.418449,2.529,Lane blocked due to accident on I-75 S.,I-75 S,Cincinnati,Hamilton,OH,45240,US,US/Eastern,KLUK,2022-11-20 03:46:00.000000000,40.6,30.6,61,30.34,10.0,SE,9.9,,Cloudy,False,False,False,False,False,False,False,False,False,False,False,True,False,Night,Night,Night,Night
SYN-261,Source1,3,2023-03-05 00:23:00.000000000,2023-03-05 01:25:00.000000000,25.695150,-80.121783,,,0.0,Incident on US-101 S near Elm St. Expect delays.,US-101 S,Miami,Miami-Dade,FL,33163,US,US/Eastern,KMIA,2023-03-05 00:19:00.000000000,66.9,,64,29.30,10.0,W,1.8,,Fair,False,False,False,False,False,False,False,False,True,False,False,False,False,Night,Night,Night,Night
SYN-262,Source1,2,2021-05-24 22:31:00,2021-05-25 01:59:00,29.700613,-95.350286,,,0.0,Lane blocked due to accident on I-70 E.,I-70 E,Houston,Harris,TX,77002,US,US/Central,KHOU,2021-05-24 22:09:00,81.2,,92,29.31,3.4,NNE,4.0,,Fair,False,False,False,False,False,False,False,False,False,False,False,False,False,Night,Night,Night,Night
SYN-263,Source2,3,2020-08-15 06:24:00.000000000,2020-08-15 09:09:00.000000000,32.720982,-117.147663,,,0.0,Accident on US-101 S at 5th Ave.,US-101 S,San Diego,San Diego,CA,92170,US,US/Pacific,KSAN,2020-08-15 05:49:00.000000000,76.3,,74,29.78,10.0,SW,17.7,,Partly Cloudy,False,False,False,False,False,False,False,False,True,False,False,False,False,Night,Day,Day,Day
SYN-264,Source2,2,2022-12-14 12:44:00.000000000,2022-12-14 15:33:00.000000000,33.707011,-84.436895,33.707142,-84.433767,3.409,Accident on I-95 N at Exit 12.,I-95 N,Atlanta,Fulton,GA,30352,US,US/Eastern,KATL,2022-12-14 11:57:00.000000000,55.5,,66,29.71,7.9,NNE,14.3,0.0,Haze,False,False,True,False,False,False,False,False,False,False,False,False,False,Day,Day,Day,Day
SYN-265,Source2,2,2018-08-27 23:11:00,2018-08-28 04:20:00,33.804818,-84.353981,,,0.0,Accident on I-75 S at Exit 12.,I-75 S,Atlanta,Fulton,GA,30311-8048,US,US/Eastern,KATL,2018-08-27 22:38:00,72.3,,21,30.48,10.0,SE,10.6,0.0,Clear,False,False,False,False,False,False,False,False,False,False,False,True,False,Night,Night,Night,Night
SYN-266,Source1,2,2021-12-22 20:17:00,2021-12-23 00:55:00,30.276337,-97.775151,,,0.0,Accident on I-95 N at 5th Ave.,I-95 N,Austin,Travis,TX,78797-5043,US,US/Central,KAUS,2021-12-22 19:48:00,57.7,,51,29.95,10.0,E,,0.0,Fair,False,False,False,False,False,False,False,False,False,False,False,False,False,Night,Night,Night,Day
SYN-267,Source2,2,2019-01-04 03:37:00,2019-01-04 06:01:00,32.681507,-117.231082,,,0.0,Lane blocked due to accident on E Washington Ave.,E Washington Ave,San Diego,San Diego,CA,92193,US,US/Pacific,KSAN,2019-01-04 03:08:00,51.3,,79,29.33,10.0,,11.3,,Partly Cloudy,False,False,False,False,False,False,False,False,False,True,False,False,False,Night,Night,Night,Night
SYN-268,Source1,2,2017-10-10 04:46:00,2017-10-10 08:56:00,33.508076,-112.040644,,,0.0,Accident on I-10 W at Park Rd.,I-10 W,Phoenix,Maricopa,AZ,85087,US,US/Mountain,KPHX,2017-10-10 04:34:00,78.5,,28,30.29,10.0,CALM,2.9,0.0,Fair,False,False,False,False,False,False,False,False,False,False,False,True,False,Night,Night,Night,Night
SYN-269,Source3,3,2020-02-01 13:00:00.000000000,2020-02-01 16:56:00.000000000,39.699706,-104.932157,39.701580,-104.947582,0.844,Accident on I-70 E at Exit 108.,I-70 E,Denver,Denver,CO,80240,US,US/Mountain,KDEN,2020-02-01 12:25:00.000000000,29.6,,83,30.41,10.0,W,3.6,,Clear,False,False,False,False,False,False,False,False,False,False,False,False,False,Day,Day,Day,Day
SYN-270,Source1,3,2017-01-16 10:24:00,2017-01-16 16:18:00,47.618310,-122.264553,,,0.0,Accident on US-101 S at Exit 108.,US-101 S,Seattle,King,WA,98183-2185,US,US/Pacific,KBFI,2017-01-16 10:21:00,37.1,,97,29.43,,NW,9.0,,Partly Cloudy,False,False,True,False,False,False,False,False,False,False,False,True,False,Day,Day,Day,Day
SYN-271,Source1,2,2017-02-13 04:18:00,2017-02-13 08:17:00,29.433480,-98.505188,,,0.0,Lane blocked due to accident on State Route 4.,State Route 4,San Antonio,Bexar,TX,78221,US,US/Central,KSAT,2017-02-13 04:13:00,58.5,,87,29.85,10.0,N,1.2,,Fog,False,False,False,False,False,False,False,False,False,False,False,False,False,Night,Night,Night,Night
SYN-272,Source1,2,2020-10-08 02:26:00,2020-10-08 06:36:00,41.430789,-81.695599,41.428268,-81.710835,3.412,"Right lane blocked due to accident on State Route 4, near Exit 12.",State Route 4,Cleveland,Cuyahoga,OH,44186,US,US/Eastern,KCLE,2020-10-08 02:25:00,57.3,,56,29.96,10.0,SW,,0.0,Clear,False,False,False,False,False,False,False,False,False,False,False,False,False,Night,Night,Night,Night
SYN-273,Source1,3,2018-05-25 04:55:00.000000000,2018-05-25 08:39:00.000000000,39.168739,-84.479662,39.155046,-84.467700,1.125,Lane blocked due to accident on E Washington Ave.,E Washington Ave,Cincinnati,Hamilton,OH,45278,US,US/Eastern,KLUK,2018-05-25 04:41:00.000000000,70.7,,57,30.24,10.0,N,3.0,0.0,Clear,False,False,False,False,False,False,False,False,False,False,False,False,False,Night,Night,Night,
SYN-274,Source1,1,2019-09-27 12:03:00,2019-09-27 13:06:00,38.607175,-121.510373,,,0.0,Incident on E Washington Ave near Oak St. Expect delays.,E Washington Ave,Sacramento,Sacramento,CA,95857,US,US/Pacific,KSAC,2019-09-27 11:26:00,70.2,,91,29.48,10.0,VAR,19.5,,Haze,False,False,False,False,False,False,False,False,False,False,False,False,False,Day,Day,Day,Day
SYN-275,Source2,2,2021-04-05 12:41:00,2021-04-05 13:17:00,38.533139,-121.483055,,,0.0,"Right lane blocked due to accident on I-75 S, near Park Rd.",I-75 S,Sacramento,Sacramento,CA,95807,US,US/Pacific,KSAC,2021-04-05 11:54:00,59.8,,88,29.88,10.0,NW,1.9,0.0,Mostly Cloudy,False,False,False,False,False,False,False,False,False,False,False,False,False,Day,Day,Day,Day
SYN-276,Source2,2,2017-05-26 20:38:00,2017-05-26 22:37:00,43.232220,-77.625096,43.214142,-77.635909,3.121,Accident on I-70 E at 5th Ave.,I-70 E,Rochester,Monroe,NY,14616,US,US/Eastern,KROC,2017-05-26 20:05:00,63.7,,50,30.02,10.0,SE,19.0,0.0,Fog,False,False,False,False,True,False,False,False,False,False,False,False,False,Night,Night,Night,Day
SYN-277,Source2,2,2019-07-31 02:12:00,2019-07-31 03:25:00,38.647531,-121.561865,38.654409,-121.544211,1.309,"Right lane blocked due to accident on State Route 4, near Exit 12.",State Route 4,Sacramento,Sacramento,CA,95859,US,US/Pacific,KSAC,2019-07-31 01:48:00,72.3,,33,30.35,10.0,VAR,10.6,,Partly Cloudy,False,False,False,False,False,False,False,False,False,False,False,False,False,Night,Night,Night,Night
SYN-278,Source2,3,2016-08-16 06:51:00.000000000,2016-08-16 10:27:00.000000000,32.383198,-84.924823,,,0.0,Lane blocked due to accident on N High St.,N High St,Columbus,Muscogee,GA,31991,US,US/Eastern,KCSG,2016-08-16 06:31:00.000000000,76.4,,96,30.48,10.0,S,20.7,0.0,Partly Cloudy,False,False,False,False,False,False,False,False,False,False,False,False,False,Night,Day,Day,Day
SYN-279,Source1,2,2017-06-15 10:21:00.000000000,2017-06-15 15:04:00.000000000,39.982328,-82.990358,39.977757,-82.999516,1.307,Incident on N High St near Park Rd. Expect delays.,N High St,Columbus,Franklin,OH,43218-6568,US,US/Eastern,KCMH,2017-06-15 09:44:00.000000000,65.1,,29,29.39,7.1,S,15.9,0.21,Rain,False,False,False,False,False,False,False,False,False,False,False,False,False,Day,Day,Day,Day
SYN-280,Source3,1,2021-02-25 13:55:00.000000000,2021-02-25 15:14:00.000000000,37.265556,-121.844117,,,0.0,Incident on I-35 S near Oak St. Expect delays.,I-35 S,San Jose,Santa Clara,CA,95145-3834,US,US/Pacific,KSJC,2021-02-25 13:06:00.000000000,65.1,,85,30.23,10.0,VAR,15.8,,Clear,False,False,True,False,False,False,False,False,False,False,False,False,False,Day,Day,Day,Day
SYN-281,Source2,3,2023-01-26 20:47:00,2023-01-26 23:15:00,39.709618,-105.064756,,,0.0,Accident on I-5 N at Oak St.,I-5 N,Denver,Denver,CO,80256,US,US/Mountain,KDEN,2023-01-26 20:17:00,37.0,27.2,85,29.41,6.8,SE,16.4,,Haze,False,False,False,False,False,False,False,False,False,False,False,False,False,Night,Night,Night,Day
SYN-282,Source2,1,2017-09-29 19:45:00.000000000,2017-09-29 23:41:00.000000000,43.180910,-77.558958,,,0.0,Lane blocked due to accident on Highway 99.,Highway 99,Rochester,Monroe,NY,14669-4218,US,US/Eastern,KROC,2017-09-29 19:39:00.000000000,59.1,,73,29.32,4.1,NW,1.1,0.0,Fog,False,False,False,False,False,False,False,False,False,False,False,False,False,Night,Day,Day,Day
SYN-283,Source1,1,2022-06-04 21:39:00.000000000,2022-06-04 22:24:00.000000000,40.724362,-74.048534,40.733189,-74.036141,1.739,Incident on US-101 S near 5th Ave. Expect delays.,US-101 S,New York,New York,NY,10072-3715,US,US/Eastern,KNYC,2022-06-04 21:27:00.000000000,78.6,,87,30.50,10.0,CALM,13.6,0.0,Clear,False,False,False,False,False,False,False,False,False,False,False,False,False,Night,Night,Night,Night
SYN-284,Source1,2,2021-07-26 10:32:00,2021-07-26 12:36:00,32.446716,-85.065342,32.451372,-85.047477,1.992,Accident on I-10 W at Elm St.,I-10 W,Columbus,Muscogee,GA,31958,US,US/Eastern,KCSG,2021-07-26 09:53:00,84.9,,86,29.99,10.0,E,18.8,0.0,Fog,False,False,False,False,False,False,False,False,False,False,False,False,False,Day,Day,Day,Day
SYN-285,Source3,2,2016-06-28 02:49:00,2016-06-28 05:05:00,32.776317,-117.240705,,,0.0,Lane blocked due to accident on I-10 W.,I-10 W,San Diego,San Diego,CA,92183,US,US/Pacific,KSAN,2016-06-28 02:36:00,81.8,,,29.35,10.0,NE,4.5,0.0,Cloudy,False,False,False,False,True,False,False,False,False,False,False,False,False,Night,Night,Night,Night
SYN-286,Source1,2,2020-05-21 22:22:00,2020-05-22 03:09:00,39.939854,-82.937485,,,0.0,"Right lane blocked due to accident on E Washington Ave, near Oak St.",E Washington Ave,Columbus,Franklin,OH,43273-4733,US,US/Eastern,KCMH,2020-05-21 22:21:00,55.7,,90,29.71,10.0,SW,,,Overcast,False,False,False,False,False,False,False,False,False,False,False,True,False,Night,Night,Night,Night
SYN-287,Source2,2,2020-01-18 04:54:00.000000000,2020-01-18 08:39:00.000000000,33.808866,-84.419637,,,0.0,Accident on I-71 N at Exit 12.,I-71 N,Atlanta,Fulton,GA,30396,US,US/Eastern,KATL,2020-01-18 04:21:00.000000000,50.2,,32,30.42,10.0,S,3.3,0.07,Heavy Rain,False,False,True,False,False,False,False,False,False,False,False,False,False,Night,Night,Night,Night
SYN-288,Source2,3,2017-06-11 22:01:00,2017-06-12 02:19:00,30.275491,-97.672576,,,0.0,Incident on Market St near Oak St. Expect delays.,Market St,Austin,Travis,TX,78781,US,US/Central,KAUS,,86.9,,98,29.61,10.0,CALM,7.0,0.0,Haze,False,False,False,False,False,False,False,False,False,False,False,True,False,Night,Night,Night,Night
SYN-289,Source2,2,2022-01-11 07:17:00,2022-01-11 13:11:00,32.178243,-111.017808,32.160033,-111.004810,3.612,Incident on E Washington Ave near 5th Ave. Expect delays.,E Washington Ave,Tucson,Pima,AZ,85766,US,US/Mountain,KTUS,2022-01-11 07:04:00,,,38,30.16,10.0,N,21.9,,Thunderstorm,False,False,False,False,False,True,False,False,False,False,False,False,False,Day,Day,Day,Day
SYN-290,Source2,3,2023-02-16 01:43:00,2023-02-16 07:16:00,41.503456,-81.653882,41.517413,-81.673680,1.836,"Right lane blocked due to accident on US-101 S, near Exit 12.",US-101 S,Cleveland,Cuyahoga,OH,44119,US,US/Eastern,KCLE,2023-02-16 01:33:00,,31.5,67,29.44,6.4,CALM,20.9,0.0,Haze,False,False,False,False,False,False,False,False,False,False,False,False,False,Night,Night,Night,Night
SYN-291,Source2,4,2021-06-27 09:14:00,2021-06-27 11:06:00,29.494752,-98.469230,29.477948,-98.451892,1.359,"Right lane blocked due to accident on Broadway, near Oak St.",Broadway,San Antonio,Bexar,TX,78254,US,,KSAT,2021-06-27 08:26:00,78.9,,58,29.23,10.0,W,18.5,0.0,Fair,False,False,True,False,False,False,False,False,False,False,False,True,False,Day,Day,Day,Day
SYN-292,Source3,2,2018-07-19 07:50:00,2018-07-19 09:49:00,34.008586,-118.200387,34.013378,-118.191894,3.716,Incident on Highway 99 near Oak St. Expect delays.,Highway 99,Los Angeles,Los Angeles,CA,90003,US,US/Pacific,KCQT,2018-07-19 07:45:00,74.2,,71,29.99,10.0,SW,13.8,,Haze,False,False,False,False,False,False,False,False,False,False,False,False,False,Day,Day,Day,Day
SYN-293,Source1,2,2021-11-12 07:21:00,2021-11-12 08:10:00,39.692293,-84.247122,,,0.0,Incident on I-95 N near Park Rd. Expect delays.,I-95 N,Dayton,Montgomery,OH,45453,US,US/Eastern,KDAY,2021-11-12 07:11:00,41.2,32.2,53,29.26,10.0,N,11.1,,Haze,False,False,False,False,False,False,False,False,False,False,False,False,False,Day,Day,Day,Day
SYN-294,Source1,3,2016-05-08 05:27:00,2016-05-08 11:07:00,39.751039,-84.212056,,,0.0,"Right lane blocked due to accident on I-10 W, near Park Rd.",I-10 W,Dayton,Montgomery,OH,45465,US,US/Eastern,KDAY,,65.7,,39,30.39,,S,12.9,,Thunderstorm,False,False,False,False,False,False,False,False,False,False,False,False,False,Night,Night,Night,Day
SYN-295,Source1,2,2021-07-30 12:31:00,2021-07-30 13:06:00,28.574389,-81.412330,,,0.0,"Right lane blocked due to accident on I-5 N, near Oak St.",I-5 N,Orlando,Orange,FL,32843-2218,US,US/Eastern,KORL,2021-07-30 11:47:00,86.9,,68,30.45,10.0,S,9.1,,Partly Cloudy,False,False,True,False,False,False,False,False,True,False,False,False,False,Day,Day,Day,Day
SYN-296,Source1,2,2020-08-13 20:18:00,2020-08-13 21:52:00,41.523356,-81.719711,41.533256,-81.724054,0.236,Incident on Highway 99 near Park Rd. Expect delays.,Highway 99,Cleveland,Cuyahoga,OH,44164,US,US/Eastern,KCLE,2020-08-13 20:10:00,75.3,,90,29.54,10.0,N,14.9,0.41,Light Rain,False,False,False,False,False,False,False,False,False,False,False,False,False,Night,Night,Night,Day
SYN-297,Source3,2,2019-01-27 12:22:00,2019-01-27 17:30:00,30.309584,-97.784011,30.317753,-97.783683,3.261,Lane blocked due to accident on Market St.,Market St,Austin,Travis,TX,78793,US,US/Central,KAUS,2019-01-27 11:57:00,45.7,40.2,60,29.91,10.0,E,13.3,0.0,Partly Cloudy,False,False,False,False,False,False,False,False,False,False,True,False,False,Day,Day,Day,Day
SYN-298,Source2,3,2020-02-12 20:50:00,2020-02-13 02:32:00,42.818701,-78.872200,,,0.0,Lane blocked due to accident on I-95 N.,I-95 N,Buffalo,Erie,NY,14270,US,US/Eastern,KBUF,2020-02-12 20:13:00,39.3,,89,,10.0,N,2.1,0.12,Rain,False,False,False,False,False,False,False,False,False,False,False,False,False,Night,Night,Night,Day
SYN-299,Source2,3,2023-01-23 04:14:00.000000000,2023-01-23 04:29:00.000000000,32.428362,-84.965023,32.410880,-84.965190,1.264,Incident on I-70 E near Elm St. Expect delays.,I-70 E,Columbus,Muscogee,GA,31964,US,US/Eastern,KCSG,2023-01-23 03:41:00.000000000,47.3,37.5,73,30.49,10.0,VAR,12.5,,Mostly Cloudy,False,False,False,False,False,False,False,False,False,False,False,False,False,Night,Night,Night,Night
SYN-300,Source3,2,2022-07-24 23:06:00,2022-07-25 00:16:00,32.812660,-96.720291,,,0.0,Lane blocked due to accident on US-101 S.,US-101 S,Dallas,Dallas,TX,75223,US,US/Central,,2022-07-24 22:46:00,86.8,,72,30.10,10.0,NNE,16.8,0.0,Mostly Cloudy,False,False,False,False,False,False,False,False,False,False,False,False,False,Night,Night,Night,Night
SYN-301,Source2,2,2018-09-30 23:21:00,2018-10-01 03:23:00,47.583728,-122.276853,,,0.0,Accident on I-70 E at Exit 108.,I-70 E,Seattle,King,WA,98189,US,US/Pacific,,2018-09-30 23:06:00,56.2,,100,29.41,10.0,S,8.7,0.0,Fair,False,False,False,False,False,False,False,False,False,False,False,False,False,Night,Night,Night,Night
SYN-302,Source1,3,2022-08-03 10:15:00,2022-08-03 12:21:00,28.545340,-81.310982,28.564008,-81.313925,2.230,Incident on I-5 N near Park Rd. Expect delays.,I-5 N,Orlando,Orange,FL,32807,US,US/Eastern,KORL,2022-08-03 09:27:00,76.7,,69,29.66,10.0,SE,12.1,,Clear,False,False,False,False,False,False,False,False,False,False,False,False,False,Day,Day,Day,Day
SYN-303,Source3,2,2020-11-04 10:24:00.000000000,2020-11-04 15:30:00.000000000,28.614730,-81.322262,,,0.0,Lane blocked due to accident on Main St.,Main St,Orlando,Orange,FL,32812,US,US/Eastern,KORL,2020-11-04 10:13:00.000000000,77.4,,80,30.43,10.0,SW,20.7,,Overcast,False,False,False,False,False,False,False,False,False,False,False,False,False,Day,Day,Day,Day
SYN-304,Source2,2,2020-03-06 15:37:00,2020-03-06 17:26:00,40.773041,-74.000249,40.764104,-73.995651,2.575,Incident on I-90 E near Exit 12. Expect delays.,I-90 E,New York,New York,NY,10094,US,US/Eastern,KNYC,2020-03-06 15:35:00,42.0,,84,29.23,10.0,W,6.1,0.28,Heavy Rain,False,False,False,False,False,False,False,False,False,False,False,False,False,,,Day,Day
SYN-305,Source3,2,2016-12-23 23:28:00,2016-12-24 02:48:00,47.585669,-122.298968,,,0.0,Accident on I-10 W at Exit 12.,I-10 W,Seattle,King,WA,98153,US,US/Pacific,KBFI,2016-12-23 22:40:00,44.8,,70,29.85,10.0,W,11.3,0.15,Rain,False,False,False,False,False,False,False,False,False,False,False,False,False,Night,Night,Night,Night
SYN-306,Source2,2,2018-01-24 10:01:00,2018-01-24 14:33:00,41.551512,-81.732119,,,0.0,"Right lane blocked due to accident on State Route 4, near Exit 108.",State Route 4,Cleveland,Cuyahoga,OH,44124,US,US/Eastern,KCLE,2018-01-24 10:01:00,21.6,19.8,29,29.82,3.7,E,4.2,0.0,Cloudy,False,False,False,False,False,False,False,False,False,False,False,False,False,Day,Day,Day,Day
SYN-307,Source2,3,2021-08-06 15:42:00,2021-08-06 17:01:00,33.990839,-118.225428,34.005523,-118.206115,1.721,Lane blocked due to accident on I-70 E.,I-70 E,Los Angeles,Los Angeles,CA,90004,US,US/Pacific,KCQT,2021-08-06 15:27:00,71.1,,34,30.47,10.0,NE,14.3,,Overcast,False,False,False,False,False,False,False,False,False,False,False,False,False,Day,Day,Day,Day
SYN-308,Source1,2,2020-12-12 03:02:00.000000000,2020-12-12 08:38:00.000000000,39.756236,-104.964546,,,0.0,Incident on I-90 E near 5th Ave. Expect delays.,I-90 E,Denver,Denver,CO,80204-2468,US,US/Mountain,KDEN,2020-12-12 02:55:00.000000000,37.3,29.9,94,30.45,10.0,W,4.9,0.0,Cloudy,False,False,False,False,False,False,False,False,False,False,False,False,False,Night,Night,Night,Night
SYN-309,Source2,2,2020-06-12 16:46:00.000000000,2020-06-12 22:28:00.000000000,25.816201,-80.161124,25.799714,-80.147287,1.470,Incident on I-5 N near 5th Ave. Expect delays.,I-5 N,Miami,Miami-Dade,FL,33180,US,US/Eastern,KMIA,2020-06-12 16:37:00.000000000,77.8,,94,29.58,10.0,CALM,20.0,0.0,Fog,False,False,True,False,True,False,False,False,False,False,False,False,False,Day,Day,Day,Day
SYN-310,Source2,1,2018-10-20 05:08:00,2018-10-20 08:37:00,29.722434,-95.290024,29.706200,-95.270884,2.092,Incident on N High St near Park Rd. Expect delays.,N High St,Houston,Harris,TX,77089,US,US/Central,KHOU,2018-10-20 04:55:00,70.0,,24,29.38,10.0,N,,0.0,Partly Cloudy,False,False,False,False,False,False,False,False,False,False,False,False,False,Night,Night,Night,Day
SYN-311,Source1,3,2019-07-05 01:22:00,2019-07-05 02:35:00,39.884659,-83.040272,39.879242,-83.049686,2.018,Accident on I-90 E at Exit 12.,I-90 E,Columbus,Franklin,OH,43270,US,US/Eastern,KCMH,2019-07-05 01:09:00,78.2,,92,30.49,10.0,S,4.4,,Overcast,False,False,True,False,False,False,False,False,False,False,False,False,False,Night,Night,Night,Night
SYN-312,Source2,2,2018-11-12 17:01:00,2018-11-12 18:33:00,40.780195,-73.952019,40.776385,-73.969702,1.676,"Right lane blocked due to accident on I-70 E, near Oak St.",I-70 E,New York,New York,NY,10020-6651,US,US/Eastern,KNYC,2018-11-12 17:00:00,42.6,,90,29.99,10.0,NE,21.8,0.0,Haze,False,False,False,False,False,False,False,False,False,False,False,False,False,Day,Day,Day,Day
SYN-313,Source1,2,2018-07-01 12:30:00,2018-07-01 14:12:00,32.412878,-84.957833,32.411962,-84.970974,2.213,Incident on N High St near Oak St. Expect delays.,N High St,Columbus,Muscogee,GA,31926-7542,US,US/Eastern,KCSG,2018-07-01 11:57:00,88.8,,,29.60,10.0,W,6.4,0.24,Light Rain,False,False,True,False,False,False,False,False,False,False,False,False,False,Day,Day,Day,Day
SYN-314,Source2,2,2020-10-21 15:24:00,2020-10-21 17:31:00,32.651849,-117.215857,32.665945,-117.209257,1.609,Incident on I-95 N near Exit 108. Expect delays.,I-95 N,San Diego,San Diego,CA,92153-6599,US,US/Pacific,KSAN,2020-10-21 14:52:00,64.6,,22,30.22,10.0,S,19.8,,Overcast,False,False,False,False,False,False,False,False,False,False,False,False,False,Day,Day,Day,Day
SYN-315,Source2,2,2017-06-24 17:00:00,2017-06-24 20:59:00,40.712602,-74.015881,40.713962,-74.003085,1.202,Incident on Broadway near Exit 12. Expect delays.,Broadway,New York,New York,NY,10015,US,US/Eastern,KNYC,2017-06-24 17:00:00,77.6,,92,29.82,10.0,SE,,,Cloudy,False,False,False,False,False,False,False,False,False,False,False,False,False,Day,Day,Day,Day
SYN-316,Source1,2,2023-02-22 01:17:00,2023-02-22 04:41:00,38.827270,-104.795138,,,0.0,Lane blocked due to accident on Highway 99.,Highway 99,Colorado Springs,El Paso,CO,80987,US,US/Mountain,KCOS,2023-02-22 00:55:00,38.5,34.3,100,30.25,10.0,E,15.3,,Mostly Cloudy,False,False,False,False,False,False,False,False,False,False,False,False,False,Night,Night,Night,Night
SYN-317,Source3,2,2020-03-26 02:58:00,2020-03-26 07:44:00,42.934601,-78.856714,,,0.0,Incident on I-5 N near Exit 12. Expect delays.,I-5 N,Buffalo,Erie,NY,14245,US,US/Eastern,KBUF,2020-03-26 02:11:00,39.1,33.0,46,30.48,10.0,SE,8.5,,Cloudy,False,False,False,False,False,False,False,False,False,False,False,False,False,Night,Night,Night,Night
SYN-318,Source1,2,2017-01-04 13:14:00,2017-01-04 16:59:00,32.735812,-96.747931,32.734205,-96.736768,3.877,Accident on N High St at 5th Ave.,N High St,Dallas,Dallas,TX,75267-2970,US,US/Central,KDAL,2017-01-04 13:12:00,57.6,,98,30.22,9.5,SE,11.5,,Clear,False,False,False,False,False,False,False,False,False,False,False,False,False,Day,Day,Day,Day
SYN-319,Source2,2,2017-01-02 06:00:00.000000000,2017-01-02 09:43:00.000000000,38.507746,-121.520156,38.499853,-121.501065,0.962,"Right lane blocked due to accident on I-90 E, near Exit 108.",I-90 E,Sacramento,Sacramento,CA,95848-5287,US,US/Pacific,KSAC,2017-01-02 05:10:00.000000000,59.4,,22,30.36,10.0,NE,18.9,,Partly Cloudy,False,False,False,False,False,False,False,False,False,False,False,False,False,Night,Day,Day,Day
SYN-320,Source1,1,2018-08-07 21:42:00.000000000,2018-08-08 02:47:00.000000000,32.437894,-84.979437,32.455646,-84.968708,1.432,"Right lane blocked due to accident on I-71 N, near Oak St.",I-71 N,Columbus,Muscogee,GA,31929,US,US/Eastern,KCSG,2018-08-07 21:03:00.000000000,83.4,,65,29.31,10.0,VAR,21.2,,Thunderstorm,False,False,False,False,False,False,False,False,False,False,False,False,False,Night,Night,Night,Night
SYN-321,Source3,2,2020-08-14 07:57:00,2020-08-14 13:48:00,32.775311,-96.859251,,,0.0,Accident on I-75 S at 5th Ave.,I-75 S,Dallas,Dallas,TX,75279-5872,US,US/Central,KDAL,,78.0,,56,29.50,10.0,S,7.1,,Mostly Cloudy,False,False,False,False,False,False,False,False,False,False,False,False,False,Day,Day,Day,Day
SYN-322,Source2,3,2016-06-02 14:52:00,2016-06-02 20:15:00,32.281834,-111.035379,,,0.0,"Right lane blocked due to accident on N High St, near Park Rd.",N High St,Tucson,Pima,AZ,85795,US,US/Mountain,KTUS,2016-06-02 14:21:00,98.0,,38,,10.0,SE,2.2,0.0,Mostly Cloudy,False,False,False,False,False,False,False,False,False,False,False,True,False,Day,Day,Day,Day
SYN-323,Source3,2,2018-10-17 19:35:00,2018-10-17 20:16:00,32.453943,-84.986213,,,0.0,Lane blocked due to accident on E Washington Ave.,E Washington Ave,Columbus,Muscogee,GA,31985,US,US/Eastern,KCSG,2018-10-17 19:04:00,71.7,,44,29.26,10.0,SW,12.9,,Overcast,False,False,False,False,False,False,False,False,False,False,False,False,False,Night,Day,Day,Day
SYN-324,Source1,2,2022-10-25 14:59:00.000000000,2022-10-25 17:43:00.000000000,38.535687,-121.459248,,,0.0,"Right lane blocked due to accident on E Washington Ave, near Oak St.",E Washington Ave,Sacramento,Sacramento,CA,95878,US,US/Pacific,KSAC,2022-10-25 14:19:00.000000000,67.1,,51,29.58,3.7,CALM,18.5,0.0,Haze,False,False,False,False,False,False,False,False,False,False,False,False,False,Day,Day,Day,Day
SYN-325,Source1,2,2022-03-11 00:33:00.000000000,2022-03-11 06:27:00.000000000,41.494472,-81.695382,,,0.0,Lane blocked due to accident on I-35 S.,I-35 S,Cleveland,Cuyahoga,OH,44108,US,US/Eastern,KCLE,2022-03-11 00:26:00.000000000,42.1,41.1,53,30.29,10.0,NNE,6.8,,Mostly Cloudy,False,False,False,False,False,False,False,False,False,False,False,False,False,Night,Night,Night,Night
SYN-326,Source3,3,2019-04-21 13:44:00,2019-04-21 14:17:00,38.503049,-121.556430,,,0.0,Lane blocked due to accident on I-5 N.,I-5 N,Sacramento,Sacramento,CA,95871,US,US/Pacific,KSAC,2019-04-21 13:08:00,61.3,,41,30.16,10.0,VAR,15.0,,Fog,False,False,False,False,False,False,False,False,False,False,False,False,False,Day,Day,Day,Day
SYN-327,Source2,2,2021-07-05 03:37:00.000000000,2021-07-05 06:23:00.000000000,47.616922,-117.451573,47.627171,-117.453024,2.164,Incident on I-75 S near 5th Ave. Expect delays.,I-75 S,Spokane,Spokane,WA,99209,US,US/Pacific,KGEG,2021-07-05 03:12:00.000000000,67.7,,60,29.41,10.0,VAR,18.8,,Thunderstorm,False,False,False,False,False,False,False,False,False,False,False,False,False,Night,Night,Night,Night
SYN-328,Source1,2,2017-06-13 12:50:00,2017-06-13 13:50:00,47.553907,-122.262715,,,0.0,"Right lane blocked due to accident on Market St, near 5th Ave.",Market St,Seattle,King,WA,98142-8075,US,US/Pacific,KBFI,2017-06-13 12:00:00,65.1,,85,30.46,10.0,SE,14.7,0.25,Light Rain,False,False,False,False,False,False,False,False,False,False,False,True,False,Day,Day,Day,Day
SYN-329,Source3,2,2017-04-20 04:57:00,2017-04-20 05:15:00,47.724803,-117.478426,,,0.0,Accident on US-101 S at Oak St.,US-101 S,Spokane,Spokane,WA,99260-9796,US,US/Pacific,KGEG,2017-04-20 04:09:00,,,34,29.57,10.0,VAR,18.2,,Clear,False,False,False,False,False,False,False,False,False,False,False,False,False,Night,Night,Night,Night
SYN-330,Source1,2,2019-10-23 11:49:00.000000000,2019-10-23 14:48:00.000000000,32.448007,-84.971778,,,0.0,"Right lane blocked due to accident on Highway 99, near 5th Ave.",Highway 99,Columbus,Muscogee,GA,31903,US,US/Eastern,KCSG,2019-10-23 11:47:00.000000000,65.0,,42,29.97,10.0,VAR,15.8,,Thunderstorm,False,False,False,False,False,False,False,False,False,False,False,True,False,Day,Day,Day,Day
SYN-331,Source2,2,2021-11-12 23:12:00,2021-11-13 04:07:00,32.416225,-84.941035,,,0.0,"Right lane blocked due to accident on State Route 4, near Exit 12.",State Route 4,Columbus,Muscogee,GA,31995,US,US/Eastern,KCSG,,54.8,,,30.44,10.0,VAR,13.6,0.0,Mostly Cloudy,False,False,False,False,False,False,False,False,False,False,False,True,False,Night,Night,Night,Night
SYN-332,Source3,2,2016-02-12 06:01:00,2016-02-12 11:28:00,29.709834,-95.311951,,,0.0,Accident on E Washington Ave at Park Rd.,E Washington Ave,Houston,Harris,TX,77069,US,US/Central,KHOU,2016-02-12 05:48:00,47.4,,26,30.50,2.7,NNE,8.6,,Partly Cloudy,False,False,False,False,False,False,False,False,False,False,False,False,False,Night,Day,Day,Day
SYN-333,Source1,3,2022-06-28 09:45:00.000000000,2022-06-28 13:06:00.000000000,39.704519,-84.172279,39.711405,-84.189202,1.182,Lane blocked due to accident on I-10 W.,I-10 W,Dayton,Montgomery,OH,45476,US,US/Eastern,KDAY,2022-06-28 09:18:00.000000000,69.4,,98,29.39,4.3,CALM,17.0,0.0,Thunderstorm,False,False,False,False,False,False,False,False,False,False,False,True,False,Day,Day,Day,Day
SYN-334,Source1,2,2016-06-15 22:38:00,2016-06-16 01:08:00,39.081288,-84.491192,39.078076,-84.481621,1.233,Lane blocked due to accident on I-35 S.,I-35 S,Cincinnati,Hamilton,OH,45222-1577,US,US/Eastern,KLUK,2016-06-15 21:51:00,78.9,,44,29.27,10.0,W,8.5,0.0,Mostly Cloudy,False,False,False,False,False,False,False,False,False,True,False,True,False,Night,Night,Night,Night
SYN-335,Source2,2,2017-05-15 11:01:00.000000000,2017-05-15 11:38:00.000000000,39.686832,-105.023417,,,0.0,Incident on N High St near Oak St. Expect delays.,N High St,Denver,Denver,CO,80276-7282,US,US/Mountain,KDEN,2017-05-15 10:11:00.000000000,60.5,,90,29.83,10.0,SE,24.8,0.0,Partly Cloudy,False,False,False,False,False,False,False,False,False,False,False,False,False,Day,Day,Day,Day
SYN-336,Source2,2,2020-07-15 20:12:00,2020-07-16 00:20:00,29.834038,-95.432962,,,0.0,Incident on I-70 E near Park Rd. Expect delays.,I-70 E,Houston,Harris,TX,77045-2752,US,US/Central,KHOU,2020-07-15 19:44:00,81.3,,59,29.22,10.0,NW,9.0,,Fog,False,False,False,False,False,False,False,False,False,False,False,False,False,Night,Night,Night,Day
SYN-337,Source3,2,2022-12-01 19:24:00,2022-12-01 20:49:00,39.798372,-84.182546,,,0.0,"Right lane blocked due to accident on Highway 99, near Park Rd.",Highway 99,Dayton,Montgomery,OH,45425,US,US/Eastern,KDAY,2022-12-01 18:53:00,35.1,25.1,59,30.24,10.0,CALM,10.5,,Mostly Cloudy,False,False,False,False,False,False,False,False,False,False,False,False,False,Night,Day,Day,Day
SYN-338,Source1,2,2020-08-20 21:17:00.000000000,2020-08-20 22:49:00.000000000,39.920722,-82.992971,,,0.0,Incident on Market St near Oak St. Expect delays.,Market St,Columbus,Franklin,OH,43224-6500,US,US/Eastern,KCMH,2020-08-20 21:05:00.000000000,67.1,,48,30.49,10.0,VAR,5.3,,Thunderstorm,False,False,False,False,False,False,False,False,False,False,False,False,False,Night,Night,Night,Night
SYN-339,Source3,2,2018-02-09 18:04:00.000000000,2018-02-09 21:39:00.000000000,43.087099,-77.565848,,,0.0,"Right lane blocked due to accident on Broadway, near 5th Ave.",Broadway,Rochester,Monroe,NY,14643,US,US/Eastern,KROC,2018-02-09 17:42:00.000000000,39.0,38.0,64,29.57,0.6,N,9.8,,Thunderstorm,False,False,False,False,False,False,False,False,True,False,False,False,False,Day,Day,Day,Day
SYN-340,Source1,2,2018-10-19 12:22:00,2018-10-19 12:44:00,29.791883,-95.338522,,,0.0,Lane blocked due to accident on I-75 S.,I-75 S,Houston,Harris,TX,77023,US,US/Central,KHOU,2018-10-19 12:04:00,75.8,,88,29.97,10.0,S,7.2,,Fog,False,False,False,False,False,False,False,False,False,False,False,False,False,Day,Day,Day,Day
SYN-341,Source3,2,2018-10-06 16:24:00.000000000,2018-10-06 17:25:00.000000000,47.666277,-122.356558,,,0.0,Incident on Highway 99 near 5th Ave. Expect delays.,Highway 99,Seattle,King,WA,98144-6129,US,US/Pacific,KBFI,2018-10-06 15:51:00.000000000,62.8,,95,29.94,10.0,E,17.0,0.36,Rain,False,False,False,False,False,False,False,False,False,False,False,False,False,Day,Day,Day,Day
SYN-342,Source2,2,2023-02-13 14:26:00,2023-02-13 20:04:00,33.400992,-112.091025,,,0.0,Accident on US-101 S at 5th Ave.,US-101 S,Phoenix,Maricopa,AZ,85025,US,US/Mountain,KPHX,2023-02-13 13:40:00,64.5,,63,29.58,6.9,NE,,,Thunderstorm,False,False,False,False,False,False,False,False,False,False,False,False,False,Day,Day,Day,Day
SYN-343,Source1,1,2016-09-30 22:44:00,2016-10-01 03:53:00,34.130663,-118.261721,34.126284,-118.245189,3.090,Incident on State Route 4 near Elm St. Expect delays.,State Route 4,Los Angeles,Los Angeles,CA,90041,US,US/Pacific,KCQT,2016-09-30 22:00:00,77.3,,55,,0.4,VAR,,0.39,Heavy Rain,False,False,False,False,False,False,False,False,False,False,False,False,False,Night,Night,Night,Night
SYN-344,Source1,2,2023-01-28 00:50:00.000000000,2023-01-28 01:40:00.000000000,40.652712,-74.023761,,,0.0,Accident on I-35 S at Exit 12.,I-35 S,New York,New York,NY,10073,US,US/Eastern,KNYC,2023-01-28 00:31:00.000000000,24.6,16.8,96,29.36,10.0,,24.4,,Partly Cloudy,False,False,False,False,False,False,False,False,False,False,False,False,False,Night,Night,Night,Night
SYN-345,Source1,2,2017-06-23 01:55:00,2017-06-23 03:22:00,27.913198,-82.408344,27.915056,-82.416447,0.565,"Right lane blocked due to accident on I-35 S, near Park Rd.",I-35 S,Tampa,Hillsborough,FL,33661-7210,US,US/Eastern,KTPA,2017-06-23 01:42:00,76.5,,78,29.42,10.0,SW,,,Haze,False,False,False,False,False,False,False,False,False,False,False,False,False,Night,Night,Night,Night
SYN-346,Source2,4,2017-11-19 20:22:00.000000000,2017-11-20 00:25:00.000000000,25.768024,-80.200172,25.751048,-80.217640,0.212,Accident on Market St at Elm St.,Market St,Miami,Miami-Dade,FL,33189-3504,US,US/Eastern,KMIA,2017-11-19 20:16:00.000000000,77.1,,36,30.47,10.0,E,9.9,,Fair,False,False,False,False,False,False,True,False,False,False,False,False,False,Night,Night,Night,Day
SYN-347,Source2,2,2022-01-02 04:29:00,2022-01-02 05:35:00,47.684883,-117.485800,47.670939,-117.493180,0.107,Incident on I-10 W near Elm St. Expect delays.,I-10 W,Spokane,Spokane,WA,99266-2182,US,US/Pacific,KGEG,2022-01-02 04:06:00,38.1,,34,30.24,10.0,W,5.3,,Overcast,False,False,False,False,False,False,False,False,False,False,False,True,False,Night,Night,Night,Night
SYN-348,Source1,2,2022-12-23 19:01:00,2022-12-23 20:17:00,39.824133,-84.241173,,,0.0,Accident on Broadway at Oak St.,Broadway,Dayton,Montgomery,OH,45401,US,US/Eastern,KDAY,2022-12-23 18:35:00,25.3,23.8,67,29.27,10.0,SE,1.2,0.44,,False,False,False,False,False,False,False,False,False,False,False,False,False,Night,Day,Day,Day
SYN-349,Source1,2,2019-07-12 03:06:00,2019-07-12 04:04:00,33.828988,-84.361855,,,0.0,Incident on E Washington Ave near Exit 108. Expect delays.,E Washington Ave,Atlanta,Fulton,GA,30367,US,US/Eastern,KATL,2019-07-12 02:32:00,80.5,,53,30.04,10.0,CALM,21.5,,Mostly Cloudy,False,False,False,False,False,False,False,False,False,False,False,False,False,Night,Night,Night,Night
SYN-350,Source1,2,2017-11-30 15:49:00,2017-11-30 20:07:00,33.371766,-112.076278,33.352918,-112.088512,3.541,Incident on N High St near Park Rd. Expect delays.,N High St,Phoenix,Maricopa,AZ,85030,US,US/Mountain,KPHX,2017-11-30 15:48:00,66.7,,72,30.36,10.0,E,5.6,,Mostly Cloudy,False,False,False,False,False,False,False,False,False,False,False,False,False,Day,Day,Day,Day
SYN-351,Source2,3,2022-02-25 09:34:00,2022-02-25 14:10:00,39.810978,-84.187000,,,0.0,Lane blocked due to accident on I-5 N.,I-5 N,Dayton,Montgomery,OH,45461,US,US/Eastern,KDAY,2022-02-25 08:59:00,29.4,,87,29.20,10.0,VAR,4.1,,Cloudy,False,False,False,False,False,False,False,False,False,False,False,True,False,Day,Day,Day,Day
SYN-352,Source2,2,2019-11-29 23:50:00,2019-11-30 01:31:00,32.278303,-111.021897,,,0.0,Accident on E Washington Ave at 5th Ave.,E Washington Ave,Tucson,Pima,AZ,85750,US,US/Mountain,KTUS,2019-11-29 23:15:00,64.7,,46,29.95,4.2,S,20.7,0.14,Rain,False,False,False,False,False,False,False,False,False,False,False,False,False,Night,Night,Night,Night
SYN-353,Source1,2,2022-05-31 08:30:00,2022-05-31 10:58:00,38.604035,-121.426693,,,0.0,Lane blocked due to accident on Market St.,Market St,Sacramento,Sacramento,CA,95893,US,US/Pacific,KSAC,2022-05-31 07:41:00,77.4,,,29.29,10.0,NW,8.8,0.0,Fair,False,False,False,False,False,False,False,False,False,False,False,False,False,Day,Day,Day,Day
SYN-354,Source1,2,2023-02-11 19:31:00,2023-02-11 21:49:00,40.788941,-74.053570,,,0.0,Incident on Broadway near Exit 12. Expect delays.,Broadway,New York,New York,NY,10053,US,US/Eastern,KNYC,2023-02-11 18:43:00,26.8,19.7,95,30.44,10.0,SE,,,Mostly Cloudy,False,False,False,False,False,False,False,False,False,False,False,False,False,Night,Day,Day,Day
SYN-355,Source2,3,2022-03-20 13:18:00.000000000,2022-03-20 16:00:00.000000000,42.964055,-78.923240,42.960197,-78.903970,0.823,Lane blocked due to accident on I-95 N.,I-95 N,Buffalo,Erie,NY,14253-9053,US,US/Eastern,KBUF,2022-03-20 13:12:00.000000000,47.0,,66,30.35,10.0,SE,21.0,0.0,Fog,False,False,False,False,False,False,False,False,False,False,False,True,False,Day,Day,Day,Day
SYN-356,Source1,1,2022-02-02 11:10:00,2022-02-02 13:58:00,37.282950,-121.810459,,,0.0,Lane blocked due to accident on Market St.,Market St,San Jose,Santa Clara,CA,95107-3483,US,US/Pacific,KSJC,2022-02-02 10:33:00,62.9,,90,30.04,10.0,NNE,21.8,0.0,Partly Cloudy,False,False,False,False,False,False,False,False,False,False,False,False,False,Day,Day,Day,Day
SYN-357,Source1,2,2022-02-10 10:01:00.000000000,2022-02-10 15:33:00.000000000,32.276762,-110.933438,,,0.0,Accident on US-101 S at Elm St.,US-101 S,Tucson,Pima,AZ,85785-3413,US,US/Mountain,KTUS,2022-02-10 09:50:00.000000000,63.4,,51,30.45,10.0,W,,,Clear,False,False,False,False,False,False,False,False,False,False,False,False,False,Day,Day,Day,Day
SYN-358,Source2,4,2016-04-13 10:52:00,2016-04-13 16:32:00,38.652272,-121.469181,,,0.0,Lane blocked due to accident on I-95 N.,I-95 N,Sacramento,Sacramento,CA,95882-1540,US,US/Pacific,KSAC,2016-04-13 10:38:00,60.0,,59,29.61,10.0,N,9.2,,Overcast,False,False,False,False,False,False,False,False,False,False,False,False,False,Day,Day,Day,Day
SYN-359,Source1,1,2016-06-26 09:55:00,2016-06-26 12:03:00,47.672390,-122.366031,47.657149,-122.350208,2.884,Accident on I-90 E at 5th Ave.,I-90 E,Seattle,King,WA,98128,US,US/Pacific,KBFI,2016-06-26 09:44:00,64.9,,76,29.81,,NNE,14.5,0.0,Fair,False,False,False,False,False,False,False,False,False,False,False,False,False,Day,Day,Day,Day
SYN-360,Source3,2,2020-02-12 02:23:00,2020-02-12 04:07:00,28.020998,-82.471037,28.001877,-82.484392,3.278,"Right lane blocked due to accident on I-5 N, near Elm St.",I-5 N,Tampa,Hillsborough,FL,33601,US,US/Eastern,KTPA,2020-02-12 01:58:00,70.5,,45,29.31,10.0,,0.4,0.0,Mostly Cloudy,False,False,False,False,True,False,False,False,False,False,False,False,False,Night,Night,Night,Night
SYN-361,Source1,4,2022-08-23 22:25:00.000000000,2022-08-23 23:32:00.000000000,37.354694,-121.836924,37.359568,-121.830598,2.618,Lane blocked due to accident on E Washington Ave.,E Washington Ave,San Jose,Santa Clara,CA,95158,US,US/Pacific,KSJC,2022-08-23 21:58:00.000000000,73.3,,82,29.63,10.0,S,21.7,,Cloudy,False,False,False,False,False,False,False,False,False,False,False,False,False,Night,Night,Night,Night
SYN-362,Source2,2,2016-03-15 19:54:00.000000000,2016-03-15 21:31:00.000000000,37.317703,-121.842376,,,0.0,"Right lane blocked due to accident on I-10 W, near Exit 12.",I-10 W,San Jose,Santa Clara,CA,95131,US,US/Pacific,KSJC,2016-03-15 19:31:00.000000000,62.8,,29,30.43,10.0,NW,20.8,0.0,Overcast,False,False,False,False,False,False,False,False,False,False,False,False,False,Night,Day,Day,Day
SYN-363,Source2,3,2020-09-27 14:01:00,2020-09-27 18:05:00,29.817785,-95.319497,29.799314,-95.303965,3.932,Accident on N High St at 5th Ave.,N High St,Houston,Harris,TX,77074-9802,US,US/Central,KHOU,2020-09-27 13:15:00,78.8,,43,30.15,10.0,W,6.4,,Fair,False,False,False,False,False,False,False,False,False,False,False,False,False,Day,Day,Day,Day
SYN-364,Source2,2,2019-05-19 20:09:00,2019-05-19 21:28:00,33.720603,-84.422633,33.715799,-84.433389,2.522,Accident on State Route 4 at Elm St.,State Route 4,Atlanta,Fulton,GA,30340,US,US/Eastern,KATL,2019-05-19 19:55:00,73.3,,47,30.23,10.0,N,20.4,,Mostly Cloudy,False,False,True,False,False,False,False,False,False,False,False,False,False,Night,Night,Night,Day
SYN-365,Source3,2,2022-08-15 06:27:00,2022-08-15 08:20:00,41.448367,-81.721935,,,0.0,Lane blocked due to accident on I-90 E.,I-90 E,Cleveland,Cuyahoga,OH,44179,US,US/Eastern,KCLE,2022-08-15 06:03:00,64.7,,,29.33,10.0,SW,16.6,,Fair,False,False,False,False,False,False,False,False,False,False,False,False,False,Night,Day,Day,Day
SYN-366,Source3,3,2018-04-20 03:29:00,2018-04-20 03:54:00,39.801402,-84.221996,,,0.0,Lane blocked due to accident on State Route 4.,State Route 4,Dayton,Montgomery,OH,45405-2148,US,US/Eastern,KDAY,2018-04-20 03:25:00,45.7,39.9,33,29.39,10.0,S,17.4,0.02,Heavy Rain,False,False,False,False,False,False,False,False,False,True,False,True,False,Night,Night,Night,Night
SYN-367,Source2,2,2020-03-01 21:16:00,2020-03-01 23:20:00,29.753292,-95.357157,29.738860,-95.353639,0.304,Accident on I-90 E at Exit 12.,I-90 E,Houston,Harris,TX,77013,US,US/Central,KHOU,2020-03-01 21:14:00,60.9,,98,30.12,10.0,N,2.4,,Fog,False,False,False,False,False,False,False,False,False,False,False,False,False,Night,Night,Night,Night
SYN-368,Source2,4,2021-01-13 00:53:00,2021-01-13 02:03:00,29.715820,-95.301866,29.705986,-95.300048,1.278,Accident on N High St at Elm St.,N High St,Houston,Harris,TX,77038,US,US/Central,KHOU,2021-01-13 00:37:00,54.8,,33,29.76,6.4,NNE,1.3,,Haze,False,False,False,False,False,False,False,False,False,False,False,False,False,Night,Night,Night,Night
SYN-369,Source1,2,2022-08-08 22:38:00,2022-08-09 04:06:00,33.786133,-84.364187,,,0.0,Incident on I-90 E near 5th Ave. Expect delays.,I-90 E,Atlanta,Fulton,GA,30310,US,US/Eastern,KATL,2022-08-08 22:09:00,73.9,,26,30.36,7.4,NW,5.7,0.0,Fog,False,False,False,False,False,False,False,False,False,False,False,False,False,Night,Night,Night,Night
SYN-370,Source1,4,2016-07-03 18:36:00,2016-07-03 22:40:00,39.812112,-105.017458,,,0.0,"Right lane blocked due to accident on Highway 99, near Oak St.",Highway 99,Denver,Denver,CO,80249,US,US/Mountain,KDEN,2016-07-03 18:06:00,75.5,,80,29.22,10.0,VAR,10.2,,Partly Cloudy,False,False,True,False,False,False,False,False,False,False,False,False,False,Day,Day,Day,Day
SYN-371,Source1,2,2016-04-04 19:44:00,2016-04-04 23:08:00,39.690009,-104.996241,39.685883,-105.015443,2.708,"Right lane blocked due to accident on I-75 S, near Exit 12.",I-75 S,Denver,Denver,CO,80264,US,US/Mountain,KDEN,2016-04-04 19:21:00,46.6,40.0,65,29.47,10.0,SW,5.4,0.0,Haze,False,False,False,False,True,False,False,False,False,False,False,False,False,Night,Day,Day,Day
SYN-372,Source1,3,2022-11-25 11:02:00,2022-11-25 13:32:00,39.901488,-82.932507,,,0.0,Incident on I-95 N near Exit 12. Expect delays.,I-95 N,Columbus,Franklin,OH,43246,US,US/Eastern,KCMH,2022-11-25 11:00:00,35.0,25.5,36,30.20,10.0,NNE,21.7,,Cloudy,False,False,False,False,False,False,False,False,False,False,False,False,False,Day,Day,Day,Day
SYN-373,Source3,1,2021-12-14 03:00:00,2021-12-14 08:16:00,34.095363,-118.195101,34.094430,-118.202567,2.901,Incident on Broadway near Exit 12. Expect delays.,Broadway,Los Angeles,Los Angeles,CA,90029,US,US/Pacific,KCQT,2021-12-14 03:00:00,59.8,,25,29.87,10.0,N,15.1,0.0,Haze,False,False,True,False,False,False,False,False,False,False,False,False,False,Night,Night,Night,Night
SYN-374,Source3,4,2019-10-20 23:52:00,2019-10-21 03:09:00,42.827547,-78.939487,42.818906,-78.934472,1.872,Incident on Broadway near Exit 12. Expect delays.,Broadway,Buffalo,Erie,NY,14255,US,US/Eastern,KBUF,2019-10-20 23:30:00,51.7,,31,29.31,1.1,SW,18.3,0.0,Fair,False,False,False,False,False,False,False,False,False,False,False,False,False,Night,Night,Night,Night
SYN-375,Source1,3,2019-02-10 14:58:00,2019-02-10 18:56:00,33.821474,-84.453760,,,0.0,Accident on I-90 E at 5th Ave.,I-90 E,Atlanta,Fulton,GA,30348,US,US/Eastern,KATL,2019-02-10 14:51:00,47.3,46.8,25,29.98,10.0,VAR,12.2,,Overcast,False,False,False,False,False,False,False,False,True,False,False,False,False,Day,Day,Day,Day
SYN-376,Source1,1,2017-12-14 12:58:00,2017-12-14 15:33:00,33.515308,-112.072132,33.496832,-112.077264,1.123,Lane blocked due to accident on I-71 N.,I-71 N,Phoenix,Maricopa,AZ,85090-4651,US,US/Mountain,KPHX,2017-12-14 12:36:00,59.8,,36,29.97,2.3,W,,0.0,Fair,False,False,True,False,False,False,False,False,False,False,False,False,False,Day,Day,Day,Day
SYN-377,Source1,2,2019-10-19 22:19:00,2019-10-20 02:58:00,33.692506,-84.371858,,,0.0,Lane blocked due to accident on I-35 S.,I-35 S,Atlanta,Fulton,GA,30319,US,US/Eastern,KATL,2019-10-19 21:48:00,57.4,,63,29.90,10.0,W,7.4,,Fair,False,False,False,False,False,False,False,False,False,False,False,False,False,Night,Night,Night,Night
SYN-378,Source1,2,2021-08-10 23:17:00,2021-08-11 01:52:00,39.148835,-84.565866,,,0.0,Lane blocked due to accident on Highway 99.,Highway 99,Cincinnati,Hamilton,OH,45276,US,US/Eastern,KLUK,2021-08-10 22:38:00,72.1,,,29.24,10.0,VAR,14.6,0.32,Heavy Rain,False,False,False,False,False,False,False,False,False,True,False,False,False,Night,Night,Night,Night
SYN-379,Source2,1,2018-07-13 04:07:00,2018-07-13 04:36:00,39.956076,-83.042859,,,0.0,"Right lane blocked due to accident on I-75 S, near Elm St.",I-75 S,Columbus,Franklin,OH,43241,US,US/Eastern,KCMH,2018-07-13 03:48:00,71.6,,68,,3.1,N,7.3,,Partly Cloudy,False,False,False,False,False,False,False,False,False,False,False,False,False,Night,Night,Night,Night
SYN-380,Source1,2,2020-03-10 02:55:00,2020-03-10 05:41:00,32.168169,-110.921054,32.177277,-110.937428,0.370,"Right lane blocked due to accident on I-90 E, near Park Rd.",I-90 E,Tucson,Pima,AZ,85794-9342,US,US/Mountain,KTUS,2020-03-10 02:30:00,68.9,,44,,0.6,N,6.9,0.45,Rain,False,False,False,False,True,False,False,False,False,False,False,False,False,Night,Night,Night,Night
SYN-381,Source3,2,2023-01-04 12:46:00.000000000,2023-01-04 13:55:00.000000000,40.699243,-74.002420,40.696651,-73.987157,1.922,Accident on Highway 99 at Exit 12.,Highway 99,New York,New York,NY,10072,US,US/Eastern,,2023-01-04 12:04:00.000000000,28.4,20.1,61,29.57,7.5,NW,1.8,,Fog,False,False,False,False,False,False,False,False,False,False,False,False,False,Day,Day,Day,Day
SYN-382,Source1,2,2021-09-14 03:00:00,2021-09-14 06:04:00,42.857122,-78.943218,,,0.0,"Right lane blocked due to accident on Market St, near 5th Ave.",Market St,Buffalo,Erie,NY,14297-8037,US,US/Eastern,KBUF,2021-09-14 02:22:00,71.7,,64,29.26,7.9,SW,19.0,0.0,Mostly Cloudy,False,False,False,False,False,False,False,False,False,False,False,False,False,Night,Night,Night,Night
SYN-383,Source2,2,2016-07-09 20:56:00,2016-07-09 22:05:00,40.779916,-74.060213,,,0.0,"Right lane blocked due to accident on Broadway, near Oak St.",Broadway,New York,New York,NY,10077-2682,US,US/Eastern,,2016-07-09 20:47:00,73.0,,27,30.14,7.8,NNE,9.5,,Partly Cloudy,False,False,False,False,False,False,False,False,False,False,False,False,False,Night,Night,Night,Day
SYN-384,Source1,3,2016-03-19 02:07:00.000000000,2016-03-19 02:32:00.000000000,37.354035,-121.949180,,,0.0,Incident on Highway 99 near Oak St. Expect delays.,Highway 99,San Jose,Santa Clara,CA,95176,US,US/Pacific,KSJC,2016-03-19 01:53:00.000000000,68.3,,20,30.02,10.0,SE,9.1,0.0,Cloudy,False,False,False,False,False,False,False,False,False,False,False,True,False,Night,Night,Night,Night
SYN-385,Source3,2,2018-11-28 09:49:00,2018-11-28 10:33:00,32.276752,-110.928761,,,0.0,Incident on I-70 E near Oak St. Expect delays.,I-70 E,Tucson,Pima,AZ,85774,US,US/Mountain,KTUS,2018-11-28 09:45:00,59.7,,79,29.71,10.0,NE,20.4,,Mostly Cloudy,False,False,False,False,False,False,False,False,False,False,False,False,False,Day,Day,Day,Day
SYN-386,Source1,3,2016-10-19 08:29:00,2016-10-19 09:34:00,29.759461,-95.347701,29.745312,-95.358630,0.977,"Right lane blocked due to accident on Main St, near 5th Ave.",Main St,Houston,Harris,TX,77061-6539,US,US/Central,KHOU,2016-10-19 07:49:00,64.0,,89,29.92,10.0,SW,13.4,0.0,Clear,False,False,False,False,False,False,False,False,False,False,False,False,False,Day,Day,Day,Day
SYN-387,Source2,2,2016-10-10 18:43:00.000000000,2016-10-10 19:05:00.000000000,40.006714,-82.967177,,,0.0,Lane blocked due to accident on E Washington Ave.,E Washington Ave,Columbus,Franklin,OH,43239,US,US/Eastern,KCMH,2016-10-10 18:16:00.000000000,49.8,49.1,30,30.25,10.0,SW,17.5,,Cloudy,False,False,False,False,False,False,False,False,False,False,False,False,False,Day,Day,Day,Day
SYN-388,Source3,4,2016-05-11 23:59:00,2016-05-12 04:53:00,39.753391,-105.042992,39.735238,-105.056520,3.630,Lane blocked due to accident on I-75 S.,I-75 S,Denver,Denver,CO,80226,US,,KDEN,2016-05-11 23:50:00,63.5,,50,29.70,10.0,NW,13.9,,Fair,False,False,False,False,False,False,False,False,False,False,False,False,False,Night,Night,,Night
SYN-389,Source1,2,2021-09-12 17:36:00.000000000,2021-09-12 23:35:00.000000000,28.578184,-81.311945,,,0.0,Accident on I-95 N at 5th Ave.,I-95 N,Orlando,Orange,FL,32833-1227,US,US/Eastern,KORL,2021-09-12 16:52:00.000000000,75.0,,55,29.44,10.0,W,13.8,0.01,Light Rain,False,False,False,False,False,False,False,False,False,False,False,False,False,Day,Day,Day,Day
SYN-390,Source3,2,2017-02-17 22:16:00,2017-02-18 00:32:00,47.624788,-122.405889,,,0.0,Accident on I-71 N at Exit 12.,I-71 N,Seattle,King,WA,98115-5073,US,US/Pacific,KBFI,2017-02-17 21:56:00,44.3,38.0,58,29.55,10.0,NNE,3.7,,Fair,False,False,False,False,False,False,False,False,False,False,False,False,False,Night,Night,Night,Night
SYN-391,Source1,2,2020-05-08 09:48:00.000000000,2020-05-08 10:58:00.000000000,32.434645,-85.030726,,,0.0,"Right lane blocked due to accident on I-71 N, near Oak St.",I-71 N,Columbus,Muscogee,GA,31918,US,US/Eastern,KCSG,2020-05-08 09:37:00.000000000,70.1,,24,30.25,6.0,SE,8.1,0.0,Haze,False,False,False,False,False,False,False,False,False,False,False,False,False,Day,Day,Day,Day
SYN-392,Source3,2,2019-03-06 07:15:00,2019-03-06 12:49:00,38.509244,-121.479483,,,0.0,Accident on State Route 4 at Exit 108.,State Route 4,Sacramento,Sacramento,CA,95850-3040,US,US/Pacific,KSAC,2019-03-06 07:06:00,69.3,,65,30.38,10.0,NE,,0.33,Rain,False,False,False,False,False,False,False,False,False,False,False,True,False,Day,Day,Day,Day
SYN-393,Source1,2,2018-10-16 03:02:00.000000000,2018-10-16 07:00:00.000000000,32.788995,-96.810906,32.789565,-96.816650,1.581,Lane blocked due to accident on I-90 E.,I-90 E,Dallas,Dallas,TX,75259-7233,US,US/Central,KDAL,2018-10-16 02:22:00.000000000,68.4,,52,29.85,5.9,NNE,17.5,,Cloudy,False,False,False,False,False,False,False,False,True,False,False,False,False,Night,Night,Night,Night
SYN-394,Source2,3,2019-12-06 10:27:00,2019-12-06 11:48:00,29.461179,-98.567174,,,0.0,"Right lane blocked due to accident on N High St, near Park Rd.",N High St,San Antonio,Bexar,TX,78257,US,US/Central,KSAT,2019-12-06 10:17:00,51.5,,47,30.48,10.0,N,8.8,0.20,Light Rain,False,False,False,False,True,False,False,False,False,False,False,False,False,Day,Day,Day,Day
SYN-395,Source2,2,2023-01-01 01:29:00.000000000,2023-01-01 02:09:00.000000000,30.256872,-97.675378,30.250267,-97.670125,2.629,Incident on I-95 N near Exit 12. Expect delays.,I-95 N,Austin,Travis,TX,78719-7354,US,US/Central,KAUS,2023-01-01 01:22:00.000000000,45.5,,48,29.24,10.0,NW,17.4,0.0,Partly Cloudy,False,False,False,False,False,False,False,False,False,False,False,True,False,Night,Night,Night,Night
SYN-396,Source3,2,2016-10-22 19:47:00,2016-10-22 22:44:00,47.725781,-117.443202,47.722991,-117.423368,3.437,Incident on I-75 S near Oak St. Expect delays.,I-75 S,Spokane,Spokane,WA,99274,US,US/Pacific,KGEG,2016-10-22 19:22:00,60.9,,29,29.87,10.0,CALM,11.0,0.27,Rain,False,False,False,False,True,False,False,False,False,False,False,False,False,Night,Day,Day,Day
SYN-397,Source3,3,2018-01-01 01:04:00,2018-01-01 01:29:00,34.097406,-118.230183,34.104360,-118.242122,2.734,Accident on Main St at Elm St.,Main St,Los Angeles,Los Angeles,CA,90082-7914,US,US/Pacific,KCQT,2018-01-01 00:18:00,63.6,,29,29.78,10.0,SW,15.3,,Fog,False,False,False,False,False,False,False,False,False,False,False,False,False,Night,Night,Night,Night
SYN-398,Source2,1,2016-10-21 03:50:00,2016-10-21 07:40:00,34.026033,-118.321177,34.027692,-118.310366,0.117,Lane blocked due to accident on I-75 S.,I-75 S,Los Angeles,Los Angeles,CA,90034-4583,US,US/Pacific,KCQT,2016-10-21 03:35:00,71.3,,43,30.33,10.0,W,0.8,,Fog,False,False,False,False,False,False,False,False,False,False,False,False,False,Night,Night,Night,Night
SYN-399,Source1,2,2022-01-10 21:41:00,2022-01-11 02:54:00,39.806981,-84.146881,39.787613,-84.131151,1.153,Incident on Broadway near Exit 12. Expect delays.,Broadway,Dayton,Montgomery,OH,45464-9589,US,US/Eastern,KDAY,2022-01-10 21:20:00,36.3,,63,29.52,10.0,CALM,15.3,,Overcast,False,False,False,False,False,False,False,False,False,False,False,False,False,Night,Night,Night,Night
SYN-400,Source1,2,2019-03-07 23:15:00,2019-03-08 04:46:00,41.453789,-81.642934,,,0.0,Incident on Highway 99 near Oak St. Expect delays.,Highway 99,Cleveland,Cuyahoga,OH,44119,US,US/Eastern,KCLE,2019-03-07 22:29:00,45.8,44.7,79,29.53,10.0,NE,15.3,0.18,Rain,False,False,False,False,False,False,False,False,False,False,False,False,False,Night,Night,Night,
SYN-401,Source1,2,2020-10-22 07:13:00,2020-10-22 11:58:00,38.513619,-121.543803,38.500328,-121.542261,0.941,Accident on I-75 S at Oak St.,I-75 S,Sacramento,Sacramento,CA,95820-5269,US,US/Pacific,KSAC,2020-10-22 07:06:00,71.9,,52,30.18,10.0,CALM,14.6,0.19,Rain,False,False,False,False,False,False,False,False,False,True,False,True,False,Day,Day,Day,Day
SYN-402,Source1,2,2019-04-13 19:20:00.000000000,2019-04-14 00:19:00.000000000,29.449374,-98.556178,29.446119,-98.556998,3.250,Accident on State Route 4 at Exit 108.,State Route 4,San Antonio,Bexar,TX,78230,US,US/Central,KSAT,2019-04-13 18:41:00.000000000,61.7,,89,29.25,5.3,VAR,7.0,,Fog,False,False,False,False,False,False,False,False,False,False,False,False,False,Night,Day,Day,Day
SYN-403,Source2,4,2020-11-05 01:07:00.000000000,2020-11-05 05:13:00.000000000,47.692376,-117.435874,47.704232,-117.447719,0.705,Lane blocked due to accident on State Route 4.,State Route 4,Spokane,Spokane,WA,99250,US,US/Pacific,KGEG,2020-11-05 01:01:00.000000000,40.4,,57,30.16,3.9,W,17.5,0.0,Partly Cloudy,False,False,False,False,False,False,False,False,False,False,False,False,False,Night,Night,Night,Night
SYN-404,Source1,3,2022-10-28 06:07:00,2022-10-28 09:35:00,25.747207,-80.144475,25.731703,-80.148370,2.754,"Right lane blocked due to accident on Highway 99, near Elm St.",Highway 99,Miami,Miami-Dade,FL,33119,US,US/Eastern,KMIA,2022-10-28 05:17:00,79.3,,28,29.43,10.0,S,18.5,0.49,Light Rain,False,False,False,False,False,False,False,False,False,False,False,True,False,Night,Day,Day,Day
SYN-405,Source3,2,2021-04-22 00:21:00,2021-04-22 04:53:00,33.473200,-112.049944,33.471097,-112.056704,0.754,"Right lane blocked due to accident on N High St, near Elm St.",N High St,Phoenix,Maricopa,AZ,85032,US,US/Mountain,KPHX,2021-04-21 23:32:00,70.5,,59,29.62,10.0,NNE,3.9,,Fog,False,False,False,False,False,False,False,False,False,False,False,False,False,Night,Night,Night,Night
SYN-406,Source2,3,2017-12-16 22:21:00,2017-12-17 03:40:00,29.777704,-95.353752,29.778779,-95.352966,3.566,Incident on I-95 N near Oak St. Expect delays.,I-95 N,Houston,Harris,TX,77053,US,US/Central,KHOU,2017-12-16 21:59:00,53.3,,21,30.36,10.0,VAR,21.4,,Fair,False,False,True,False,False,False,False,False,False,False,False,False,False,Night,Night,Night,Night
SYN-407,Source2,2,2019-12-20 04:45:00,2019-12-20 10:28:00,39.882997,-82.990476,,,0.0,Lane blocked due to accident on Main St.,Main St,Columbus,Franklin,OH,43263-4233,US,US/Eastern,KCMH,2019-12-20 04:42:00,28.9,26.8,76,29.62,10.0,W,,,Haze,False,False,False,False,False,False,False,False,False,False,False,False,False,Night,Night,Night,Night
SYN-408,Source1,2,2018-12-18 08:47:00,2018-12-18 14:03:00,29.361035,-98.572498,,,0.0,Incident on I-5 N near Park Rd. Expect delays.,I-5 N,San Antonio,Bexar,TX,78267,US,US/Central,KSAT,2018-12-18 08:36:00,51.4,,51,29.86,10.0,W,3.8,,Mostly Cloudy,False,False,False,False,False,False,False,False,False,False,False,False,False,Day,Day,Day,Day
SYN-409,Source1,2,2019-06-06 07:28:00,2019-06-06 10:13:00,29.410495,-98.514036,,,0.0,Incident on I-35 S near Park Rd. Expect delays.,I-35 S,San Antonio,Bexar,TX,78276,US,US/Central,KSAT,2019-06-06 06:55:00,90.3,,27,29.25,10.0,NW,8.8,0.0,Fair,False,False,False,False,False,False,False,False,False,False,False,False,False,Day,Day,Day,Day
SYN-410,Source2,2,2018-11-07 03:19:00,2018-11-07 06:35:00,33.699978,-84.418543,33.697195,-84.427159,1.907,Accident on E Washington Ave at 5th Ave.,E Washington Ave,Atlanta,Fulton,GA,30360,US,US/Eastern,KATL,2018-11-07 02:44:00,56.7,,50,30.24,10.0,W,4.4,0.18,Light Rain,False,False,False,False,False,False,False,False,False,False,False,True,False,Night,Night,Night,Night
SYN-411,Source1,2,2021-10-26 05:47:00.000000000,2021-10-26 08:29:00.000000000,29.730469,-95.351055,,,0.0,"Right lane blocked due to accident on I-90 E, near Exit 108.",I-90 E,Houston,Harris,TX,77002-2538,US,US/Central,KHOU,2021-10-26 05:18:00.000000000,73.5,,61,30.12,10.0,N,21.2,0.0,Overcast,False,False,False,False,False,False,False,False,False,False,False,False,False,Night,Night,Night,Day
SYN-412,Source2,2,2016-12-29 08:58:00,2016-12-29 10:00:00,29.766471,-95.413859,29.767278,-95.417766,2.927,Lane blocked due to accident on I-71 N.,I-71 N,Houston,Harris,TX,77084,US,US/Central,,2016-12-29 08:16:00,58.5,,73,30.49,10.0,NNE,8.0,,Thunderstorm,False,False,False,False,False,False,False,False,False,False,False,False,False,Day,Day,Day,Day
SYN-413,Source2,1,2019-07-08 14:16:00,2019-07-08 16:46:00,33.517300,-112.055229,33.520725,-112.045841,0.537,Lane blocked due to accident on I-71 N.,I-71 N,Phoenix,Maricopa,AZ,85014-7923,US,US/Mountain,KPHX,2019-07-08 13:38:00,88.2,,82,,10.0,CALM,,,Mostly Cloudy,False,False,False,False,False,False,False,False,False,False,False,True,False,Day,Day,Day,Day
SYN-414,Source3,2,2021-06-29 14:32:00,2021-06-29 17:23:00,40.011378,-82.939879,40.007740,-82.941926,0.184,Incident on US-101 S near Elm St. Expect delays.,US-101 S,Columbus,Franklin,OH,43210-2634,US,US/Eastern,KCMH,,68.7,,96,29.86,10.0,N,,,Mostly Cloudy,False,False,False,False,False,False,False,False,False,False,False,True,False,Day,Day,Day,Day
SYN-415,Source3,2,2016-08-20 22:27:00.000000000,2016-08-21 03:18:00.000000000,33.449561,-111.998616,,,0.0,Accident on Main St at Exit 108.,Main St,Phoenix,Maricopa,AZ,85003,US,US/Mountain,KPHX,2016-08-20 21:40:00.000000000,91.1,,82,30.42,10.0,SE,15.3,0.36,Light Rain,False,False,False,False,False,False,False,False,False,False,False,False,False,Night,Night,Night,Night
SYN-416,Source1,2,2021-09-18 13:13:00,2021-09-18 14:00:00,40.759036,-74.079375,40.746371,-74.081847,0.250,Lane blocked due to accident on I-35 S.,I-35 S,New York,New York,NY,10082,US,US/Eastern,KNYC,,,,80,29.77,10.0,SW,22.0,0.0,Fair,False,False,False,False,False,False,False,False,False,False,False,False,False,Day,Day,Day,Day
SYN-417,Source1,2,2017-04-11 12:18:00,2017-04-11 13:49:00,27.880127,-82.503595,27.896522,-82.504122,3.234,Lane blocked due to accident on N High St.,N High St,Tampa,Hillsborough,FL,33680-1984,US,US/Eastern,KTPA,2017-04-11 11:44:00,67.6,,65,29.77,10.0,SW,16.6,,Partly Cloudy,False,False,False,False,False,False,False,False,False,False,False,False,False,Day,Day,Day,Day
SYN-418,Source3,2,2019-06-14 14:11:00,2019-06-14 18:39:00,38.824286,-104.834120,,,0.0,"Right lane blocked due to accident on I-71 N, near 5th Ave.",I-71 N,Colorado Springs,El Paso,CO,80904,US,US/Mountain,KCOS,2019-06-14 13:35:00,75.4,,45,29.49,10.0,SW,,0.43,Heavy Rain,False,False,False,False,False,False,False,False,False,False,False,False,False,Day,Day,Day,Day
SYN-419,Source3,2,2018-12-19 16:06:00,2018-12-19 22:00:00,42.929778,-78.802262,,,0.0,Accident on I-71 N at Exit 12.,I-71 N,Buffalo,Erie,NY,14207,US,US/Eastern,KBUF,2018-12-19 15:32:00,40.7,37.2,59,30.01,10.0,E,10.6,,Cloudy,False,False,False,False,False,False,False,False,False,False,False,False,False,Day,Day,Day,Day
SYN-420,Source2,2,2023-01-22 16:47:00,2023-01-22 22:06:00,41.499554,-81.744830,,,0.0,"Right lane blocked due to accident on Broadway, near 5th Ave.",Broadway,Cleveland,Cuyahoga,OH,44154,US,US/Eastern,KCLE,2023-01-22 16:26:00,34.3,29.4,74,29.42,10.0,SW,16.8,,Fog,False,False,False,False,False,False,False,False,False,False,False,False,False,Day,Day,Day,Day
SYN-421,Source1,2,2017-12-18 10:30:00,2017-12-18 11:18:00,39.107550,-84.556019,,,0.0,Incident on I-95 N near 5th Ave. Expect delays.,I-95 N,Cincinnati,Hamilton,OH,45229-5580,US,US/Eastern,KLUK,2017-12-18 10:27:00,32.5,27.6,50,29.46,10.0,N,3.9,0.0,Clear,False,False,True,False,False,False,False,False,False,False,False,False,False,Day,Day,Day,Day
SYN-422,Source2,2,2021-05-11 02:15:00.000000000,2021-05-11 03:39:00.000000000,32.701851,-96.861566,32.701904,-96.853794,1.341,Accident on I-10 W at Exit 108.,I-10 W,Dallas,Dallas,TX,75229-8310,US,US/Central,KDAL,2021-05-11 01:44:00.000000000,79.7,,68,29.40,10.0,NNE,20.0,,Partly Cloudy,False,False,False,False,False,False,False,False,False,False,False,True,False,Night,Night,Night,Night
SYN-423,Source3,2,2019-11-27 12:22:00.000000000,2019-11-27 15:41:00.000000000,47.656283,-122.316930,47.672915,-122.321172,0.337,Accident on I-5 N at Exit 108.,I-5 N,Seattle,King,WA,98101,US,US/Pacific,KBFI,2019-11-27 11:48:00.000000000,41.1,33.1,81,29.35,10.0,W,10.8,,,False,False,False,False,False,False,False,False,False,False,False,False,False,Day,Day,Day,Day
SYN-424,Source2,2,2021-12-30 13:52:00.000000000,2021-12-30 19:24:00.000000000,39.750410,-105.011107,39.750518,-105.027165,2.628,"Right lane blocked due to accident on Highway 99, near Exit 12.",Highway 99,Denver,Denver,CO,80208,US,US/Mountain,KDEN,2021-12-30 13:28:00.000000000,40.5,,95,29.58,10.0,VAR,23.4,0.12,Heavy Rain,False,False,False,False,False,False,False,False,False,False,False,False,False,Day,Day,Day,Day
SYN-425,Source1,4,2019-06-20 05:26:00,2019-06-20 06:24:00,27.988447,-82.462415,27.992356,-82.448777,2.736,Lane blocked due to accident on Market St.,Market St,Tampa,Hillsborough,FL,33673,US,US/Eastern,KTPA,2019-06-20 04:39:00,78.0,,82,30.11,10.0,,10.9,0.45,Light Rain,False,False,False,False,False,False,False,False,False,False,False,False,False,Night,Night,Night,Day
SYN-426,Source2,2,2019-06-09 21:23:00,2019-06-10 01:36:00,25.839904,-80.245109,25.855798,-80.237833,1.859,Accident on E Washington Ave at Oak St.,E Washington Ave,Miami,Miami-Dade,FL,33170,US,US/Eastern,KMIA,2019-06-09 21:23:00,78.3,,99,29.97,10.0,NNE,24.2,0.0,Clear,False,False,True,False,False,False,False,False,False,False,False,False,False,Night,Night,Night,Night
SYN-427,Source3,2,2021-06-25 04:52:00.000000000,2021-06-25 09:38:00.000000000,33.678833,-84.366241,33.664516,-84.380869,0.207,Accident on I-95 N at Exit 12.,I-95 N,Atlanta,Fulton,GA,30385,US,US/Eastern,KATL,2021-06-25 04:43:00.000000000,75.2,,55,29.40,3.4,NNE,1.8,0.21,Rain,True,False,False,False,False,False,False,False,False,False,False,True,False,Night,Night,Night,Night
SYN-428,Source2,2,2016-10-09 09:27:00.000000000,2016-10-09 14:29:00.000000000,28.601657,-81.437818,28.619086,-81.438668,2.550,Accident on I-35 S at Exit 108.,I-35 S,Orlando,Orange,FL,32848-3018,US,US/Eastern,KORL,2016-10-09 09:26:00.000000000,71.6,,41,29.87,10.0,E,22.5,0.0,Clear,False,False,False,False,False,False,False,False,False,False,False,False,False,Day,Day,Day,Day
SYN-429,Source2,2,2017-04-04 12:49:00,2017-04-04 18:25:00,43.181240,-77.578815,,,0.0,Accident on I-71 N at Exit 12.,I-71 N,Rochester,Monroe,NY,14662,US,US/Eastern,KROC,2017-04-04 12:46:00,49.9,,58,29.34,10.0,NW,11.3,0.0,Mostly Cloudy,False,False,False,False,False,False,False,False,False,False,False,False,False,Day,Day,Day,Day
SYN-430,Source3,1,2023-01-11 07:04:00.000000000,2023-01-11 12:41:00.000000000,34.085749,-118.263694,34.089828,-118.258561,2.133,"Right lane blocked due to accident on N High St, near Park Rd.",N High St,Los Angeles,Los Angeles,CA,90002,US,US/Pacific,KCQT,2023-01-11 06:52:00.000000000,58.8,,74,29.49,10.0,E,3.9,0.0,Fog,False,False,False,False,False,False,False,False,False,False,False,True,False,Day,Day,Day,Day
SYN-431,Source2,2,2017-03-17 19:34:00,2017-03-18 00:17:00,25.781551,-80.141661,,,0.0,Accident on US-101 S at Park Rd.,US-101 S,Miami,Miami-Dade,FL,33152,US,US/Eastern,KMIA,2017-03-17 19:11:00,70.2,,21,29.68,10.0,VAR,,0.20,Heavy Rain,False,False,False,False,False,False,False,False,False,False,False,False,False,Night,Day,Day,Day
SYN-432,Source2,2,2016-07-20 10:47:00,2016-07-20 13:09:00,34.122877,-118.215094,34.138289,-118.200756,2.357,Incident on I-5 N near 5th Ave. Expect delays.,I-5 N,Los Angeles,Los Angeles,CA,90018-6723,US,US/Pacific,KCQT,2016-07-20 10:05:00,67.2,,48,29.46,10.0,NE,8.3,,Haze,False,False,True,False,False,False,False,False,False,False,False,False,False,Day,Day,Day,Day
SYN-433,Source2,3,2019-08-19 01:30:00,2019-08-19 04:12:00,32.642163,-117.158482,32.628276,-117.150057,2.449,Accident on I-90 E at Oak St.,I-90 E,San Diego,San Diego,CA,92106,US,US/Pacific,KSAN,2019-08-19 01:13:00,77.8,,82,29.93,10.0,SE,3.9,0.0,Mostly Cloudy,False,False,False,False,False,False,False,False,True,False,False,False,False,Night,Night,Night,Night
SYN-434,Source1,2,2019-01-07 08:52:00,2019-01-07 14:05:00,34.110461,-118.271955,34.112578,-118.268102,3.655,"Right lane blocked due to accident on State Route 4, near Oak St.",State Route 4,Los Angeles,Los Angeles,CA,90073-8855,US,US/Pacific,KCQT,2019-01-07 08:28:00,50.8,,53,29.22,10.0,NE,7.8,,Thunderstorm,False,False,False,False,False,False,False,False,False,False,False,False,False,Day,Day,Day,Day
SYN-435,Source1,3,2021-09-16 03:34:00,2021-09-16 04:30:00,32.185956,-110.939443,,,0.0,Lane blocked due to accident on I-95 N.,I-95 N,Tucson,Pima,AZ,85726-2712,US,US/Mountain,KTUS,2021-09-16 03:31:00,85.2,,95,29.67,10.0,SW,11.9,0.26,Rain,False,False,False,False,False,False,False,False,False,False,False,False,False,Night,Night,Night,Night
SYN-436,Source2,2,2021-07-12 10:00:00,2021-07-12 14:33:00,33.678851,-84.327178,,,0.0,Lane blocked due to accident on I-10 W.,I-10 W,Atlanta,Fulton,GA,30346,US,US/Eastern,KATL,2021-07-12 09:29:00,82.2,,39,29.48,10.0,E,1.7,0.44,,False,False,False,False,False,False,False,False,False,False,False,False,False,Day,Day,Day,Day
SYN-437,Source2,2,2022-07-31 04:42:00.000000000,2022-07-31 07:48:00.000000000,40.756274,-74.049965,,,0.0,"Right lane blocked due to accident on I-70 E, near Elm St.",I-70 E,New York,New York,NY,10042,US,US/Eastern,KNYC,2022-07-31 04:41:00.000000000,72.7,,87,30.44,10.0,N,19.6,0.0,Fair,False,False,False,False,False,False,False,False,False,False,False,False,False,Night,Night,Night,Night
SYN-438,Source3,2,2017-10-19 07:25:00,2017-10-19 09:13:00,28.525888,-81.438619,28.545763,-81.448497,0.684,Accident on State Route 4 at 5th Ave.,State Route 4,Orlando,Orange,FL,32869-1182,US,US/Eastern,KORL,2017-10-19 07:23:00,70.5,,98,29.64,10.0,E,22.7,0.0,Cloudy,False,False,False,False,False,False,False,False,False,False,False,False,False,Day,Day,Day,Day
SYN-439,Source2,2,2017-08-19 19:12:00,2017-08-19 21:28:00,32.699814,-117.113158,,,0.0,Accident on US-101 S at Exit 12.,US-101 S,San Diego,San Diego,CA,92122,US,US/Pacific,KSAN,2017-08-19 19:05:00,73.5,,78,30.05,10.0,S,3.7,0.26,Heavy Rain,False,False,False,False,False,False,False,False,False,False,False,False,False,Night,Day,Day,Day
SYN-440,Source1,1,2016-12-05 15:55:00.000000000,2016-12-05 21:01:00.000000000,33.746156,-84.309552,33.765978,-84.328354,1.270,Accident on E Washington Ave at Exit 108.,E Washington Ave,Atlanta,Fulton,GA,30319,US,US/Eastern,KATL,2016-12-05 15:25:00.000000000,43.8,,80,29.41,10.0,NE,,,Mostly Cloudy,False,False,False,False,False,False,False,False,False,False,False,False,False,Day,Day,Day,Day
SYN-441,Source2,2,2020-09-29 17:23:00,2020-09-29 21:36:00,28.022731,-82.499167,,,0.0,Lane blocked due to accident on N High St.,N High St,Tampa,Hillsborough,FL,33682,US,US/Eastern,KTPA,2020-09-29 17:03:00,83.7,,46,29.87,10.0,N,10.7,,Fog,False,False,False,False,False,False,False,False,False,False,False,False,False,Day,Day,Day,Day
SYN-442,Source1,2,2021-09-03 01:47:00,2021-09-03 07:16:00,39.723743,-84.265213,39.720067,-84.271020,2.165,Incident on I-90 E near Park Rd. Expect delays.,I-90 E,Dayton,Montgomery,OH,45449,US,US/Eastern,KDAY,2021-09-03 01:43:00,64.9,,43,29.60,10.0,E,21.3,0.08,Rain,False,False,False,False,False,False,False,False,False,False,False,False,False,Night,Night,Night,Night
SYN-443,Source2,2,2020-11-27 16:32:00.000000000,2020-11-27 19:35:00.000000000,34.062064,-118.280855,,,0.0,Incident on E Washington Ave near Exit 12. Expect delays.,E Washington Ave,Los Angeles,Los Angeles,CA,90078-1029,US,US/Pacific,KCQT,2020-11-27 16:13:00.000000000,58.7,,65,30.07,8.8,NE,12.1,,Fog,False,False,False,False,False,False,False,False,False,False,False,True,False,Day,Day,Day,Day
SYN-444,Source1,3,2020-12-03 10:04:00.000000000,2020-12-03 14:15:00.000000000,32.652708,-117.141586,32.655687,-117.144323,1.482,"Right lane blocked due to accident on I-70 E, near Exit 12.",I-70 E,San Diego,San Diego,CA,92103,US,US/Pacific,KSAN,2020-12-03 09:31:00.000000000,55.3,,39,,6.3,N,,,Haze,False,False,False,False,False,False,False,False,False,False,False,False,False,Day,Day,Day,Day
SYN-445,Source2,3,2020-10-26 16:16:00,2020-10-26 18:08:00,40.640634,-74.069126,40.627424,-74.058000,3.868,Accident on Highway 99 at Exit 108.,Highway 99,New York,New York,NY,10002-9381,US,US/Eastern,KNYC,2020-10-26 16:04:00,57.3,,52,30.29,10.0,E,0.7,0.0,,False,False,True,False,False,False,False,False,False,False,False,False,False,Day,Day,Day,Day
SYN-446,Source1,2,2021-03-19 00:42:00,2021-03-19 03:24:00,32.170442,-111.033939,,,0.0,"Right lane blocked due to accident on I-5 N, near 5th Ave.",I-5 N,Tucson,Pima,AZ,85719,US,US/Mountain,KTUS,2021-03-18 23:54:00,70.0,,21,30.27,3.4,NE,16.6,0.0,Fair,False,False,False,False,False,False,False,False,True,False,False,False,False,Night,Night,Night,Night
SYN-447,Source1,3,2017-09-16 15:49:00,2017-09-16 19:17:00,39.935706,-83.075191,,,0.0,Lane blocked due to accident on US-101 S.,US-101 S,Columbus,Franklin,OH,43222,US,US/Eastern,KCMH,2017-09-16 15:08:00,69.1,,85,29.63,5.3,E,11.1,0.0,Haze,False,False,True,True,False,False,False,False,False,False,False,False,False,Day,Day,Day,Day
SYN-448,Source2,2,2022-11-06 03:55:00.000000000,2022-11-06 08:27:00.000000000,42.933451,-78.881975,42.944235,-78.899296,2.098,Accident on Main St at Exit 12.,Main St,Buffalo,Erie,NY,14234,US,US/Eastern,KBUF,2022-11-06 03:17:00.000000000,36.8,,70,30.50,10.0,NNE,12.0,,Fog,False,False,False,False,False,False,False,False,False,False,False,False,False,Night,Night,Night,Night
SYN-449,Source2,2,2022-02-06 19:29:00.000000000,2022-02-06 22:18:00.000000000,32.653938,-117.124949,32.653951,-117.120506,1.011,Lane blocked due to accident on I-90 E.,I-90 E,San Diego,San Diego,CA,92195,US,US/Pacific,KSAN,2022-02-06 18:51:00.000000000,63.9,,78,29.90,10.0,N,2.2,,Partly Cloudy,False,False,True,False,False,False,False,False,False,False,False,True,False,Night,Day,Day,Day
SYN-450,Source1,3,2020-11-16 16:07:00.000000000,2020-11-16 21:41:00.000000000,38.584670,-121.463806,,,0.0,Incident on E Washington Ave near 5th Ave. Expect delays.,E Washington Ave,Sacramento,Sacramento,CA,95808,US,US/Pacific,,2020-11-16 15:18:00.000000000,68.5,,91,30.06,10.0,NE,20.0,0.10,Light Rain,False,False,False,False,False,False,False,False,False,False,False,False,False,Day,Day,Day,Day
SYN-451,Source3,2,2016-08-14 19:47:00,2016-08-14 22:03:00,38.590458,-121.495059,,,0.0,"Right lane blocked due to accident on N High St, near Oak St.",N High St,Sacramento,Sacramento,CA,95871,US,US/Pacific,KSAC,2016-08-14 19:18:00,73.7,,,30.46,10.0,SE,12.7,0.0,Thunderstorm,False,False,False,False,False,False,False,False,False,False,False,False,False,Night,,Day,Day
SYN-452,Source2,2,2021-12-15 16:37:00.000000000,2021-12-15 19:01:00.000000000,34.119605,-118.275021,,,0.0,"Right lane blocked due to accident on N High St, near Exit 12.",N High St,Los Angeles,Los Angeles,CA,90088-2425,US,US/Pacific,KCQT,2021-12-15 16:23:00.000000000,62.6,,,30.11,10.0,S,22.7,0.30,Rain,False,False,False,False,False,False,False,False,False,False,False,False,False,Day,Day,,Day
SYN-453,Source3,2,2022-02-15 17:28:00.000000000,2022-02-15 18:58:00.000000000,38.635695,-121.526063,38.627617,-121.533231,1.884,"Right lane blocked due to accident on I-5 N, near Elm St.",I-5 N,Sacramento,Sacramento,CA,95828-8221,US,US/Pacific,KSAC,2022-02-15 16:58:00.000000000,63.7,,95,30.42,,SE,0.1,0.14,Rain,False,False,False,False,True,False,False,False,False,False,False,False,False,Day,Day,Day,Day
SYN-454,Source2,2,2021-04-24 00:42:00.000000000,2021-04-24 03:56:00.000000000,28.581791,-81.426101,28.599490,-81.425808,3.204,"Right lane blocked due to accident on Broadway, near Park Rd.",Broadway,Orlando,Orange,FL,32832-6588,US,US/Eastern,KORL,2021-04-24 00:40:00.000000000,75.7,,54,30.49,10.0,,,,Overcast,False,False,False,False,False,False,False,False,False,False,False,False,False,Night,Night,Night,Night
SYN-455,Source2,2,2019-06-08 13:30:00,2019-06-08 15:10:00,39.686227,-105.055504,,,0.0,"Right lane blocked due to accident on N High St, near 5th Ave.",N High St,Denver,Denver,CO,80205,US,US/Mountain,KDEN,2019-06-08 12:44:00,74.0,,78,29.73,0.4,CALM,16.4,,Mostly Cloudy,False,False,False,False,True,False,False,False,False,False,False,True,False,Day,Day,Day,Day
SYN-456,Source1,2,2020-04-21 23:58:00,2020-04-22 05:02:00,38.629857,-121.535263,,,0.0,"Right lane blocked due to accident on I-70 E, near 5th Ave.",I-70 E,Sacramento,Sacramento,CA,95862,US,US/Pacific,KSAC,2020-04-21 23:49:00,59.1,,60,29.79,5.7,W,8.5,,Thunderstorm,False,False,False,False,False,False,False,False,False,False,False,True,False,Night,Night,Night,Night
SYN-457,Source1,4,2022-05-01 21:42:00,2022-05-02 02:19:00,42.889904,-78.801839,42.878844,-78.816929,0.739,Incident on I-75 S near Oak St. Expect delays.,I-75 S,Buffalo,Erie,NY,14268,US,US/Eastern,KBUF,2022-05-01 21:08:00,67.4,,74,30.08,10.0,VAR,8.6,,Cloudy,False,False,False,False,False,False,False,False,False,False,False,False,False,Night,Night,Night,Night
SYN-458,Source1,2,2021-01-10 09:38:00,2021-01-10 12:30:00,39.815404,-84.186360,,,0.0,Lane blocked due to accident on I-75 S.,I-75 S,Dayton,Montgomery,OH,45433-6962,US,US/Eastern,KDAY,2021-01-10 09:06:00,30.4,24.4,56,29.41,10.0,S,2.5,,Overcast,False,False,False,False,False,False,False,False,False,False,False,False,False,Day,Day,Day,Day
SYN-459,Source3,3,2019-06-12 09:26:00,2019-06-12 12:11:00,33.689762,-84.309257,33.674588,-84.300558,1.197,Accident on E Washington Ave at 5th Ave.,E Washington Ave,Atlanta,Fulton,GA,30331,US,US/Eastern,KATL,2019-06-12 09:00:00,82.9,,58,29.24,10.0,N,9.1,0.26,Rain,False,False,False,False,False,False,False,False,False,False,False,False,False,Day,Day,Day,Day
SYN-460,Source2,2,2022-06-10 15:50:00,2022-06-10 21:44:00,28.009521,-82.517686,28.012015,-82.508074,1.140,Incident on Broadway near Exit 108. Expect delays.,Broadway,Tampa,Hillsborough,FL,33636,US,US/Eastern,KTPA,,83.6,,98,29.99,10.0,E,,0.32,Rain,False,False,False,False,False,False,False,False,False,False,False,False,False,Day,Day,Day,Day
SYN-461,Source3,3,2019-10-07 13:13:00,2019-10-07 18:26:00,28.003231,-82.492110,28.001873,-82.511803,1.377,"Right lane blocked due to accident on I-95 N, near Exit 108.",I-95 N,Tampa,Hillsborough,FL,33697-4155,US,US/Eastern,KTPA,2019-10-07 12:26:00,76.0,,33,30.33,10.0,CALM,3.7,,Overcast,False,False,False,False,False,False,False,False,False,False,False,True,False,Day,Day,Day,Day
SYN-462,Source2,2,2016-09-22 03:15:00,2016-09-22 03:34:00,33.670784,-84.379452,33.681188,-84.398011,2.235,Lane blocked due to accident on I-35 S.,I-35 S,Atlanta,Fulton,GA,30389-3342,US,US/Eastern,KATL,2016-09-22 02:45:00,76.5,,98,30.23,10.0,SW,8.7,,Cloudy,False,False,False,False,False,False,False,False,False,False,False,False,False,Night,Night,Night,Night
SYN-463,Source2,2,2020-11-20 01:37:00,2020-11-20 06:39:00,38.530462,-121.433212,38.535195,-121.416796,3.130,Incident on I-90 E near Exit 12. Expect delays.,I-90 E,Sacramento,Sacramento,CA,95873-6534,US,US/Pacific,KSAC,2020-11-20 01:00:00,,,76,30.27,10.0,SW,16.1,0.0,Fog,False,False,False,False,False,False,False,False,False,False,False,False,False,Night,Night,Night,Night
SYN-464,Source3,4,2022-09-02 11:13:00,2022-09-02 15:51:00,29.747993,-95.338180,29.759268,-95.354482,0.105,Incident on State Route 4 near Oak St. Expect delays.,State Route 4,Houston,Harris,TX,77051,US,US/Central,KHOU,2022-09-02 10:34:00,82.2,,87,29.52,10.0,CALM,2.7,0.12,Light Rain,False,False,False,False,False,False,False,False,False,False,False,False,False,Day,Day,Day,Day
SYN-465,Source1,3,2020-11-10 10:22:00,2020-11-10 14:05:00,39.785991,-104.995718,,,0.0,Accident on N High St at Exit 12.,N High St,Denver,Denver,CO,80257,US,US/Mountain,KDEN,2020-11-10 09:58:00,47.7,46.1,68,30.02,10.0,VAR,22.7,,Haze,False,False,False,False,False,False,False,False,False,False,False,False,False,Day,Day,Day,Day
SYN-466,Source3,2,2019-12-24 18:31:00,2019-12-24 21:29:00,38.511371,-121.535468,,,0.0,"Right lane blocked due to accident on I-5 N, near Exit 108.",I-5 N,Sacramento,Sacramento,CA,95898,US,US/Pacific,KSAC,2019-12-24 18:17:00,66.1,,41,29.55,10.0,W,1.8,,Clear,False,False,False,False,False,False,False,False,False,False,False,False,False,Day,Day,Day,Day
SYN-467,Source3,3,2018-04-21 21:46:00,2018-04-22 00:32:00,33.716167,-84.319255,,,0.0,Incident on I-75 S near Park Rd. Expect delays.,I-75 S,Atlanta,Fulton,GA,30304-4782,US,US/Eastern,KATL,2018-04-21 21:14:00,59.5,,23,30.06,10.0,W,15.5,0.31,Light Rain,False,False,False,False,False,False,False,False,False,False,False,False,False,Night,Night,Night,Night
SYN-468,Source2,2,2021-01-06 00:09:00,2021-01-06 00:57:00,39.707776,-84.199940,39.697226,-84.186580,3.025,Incident on I-95 N near Oak St. Expect delays.,I-95 N,Dayton,Montgomery,OH,45476,US,US/Eastern,KDAY,2021-01-06 00:00:00,32.1,27.0,77,30.01,10.0,VAR,22.6,0.20,Light Rain,False,False,True,False,False,False,False,False,False,False,False,False,False,Night,Night,Night,Night
SYN-469,Source1,2,2019-05-25 03:08:00.000000000,2019-05-25 08:41:00.000000000,39.149078,-84.489357,39.148902,-84.481055,2.205,Lane blocked due to accident on Broadway.,Broadway,Cincinnati,Hamilton,OH,45290,US,US/Eastern,KLUK,2019-05-25 02:49:00.000000000,62.9,,66,29.90,10.0,N,21.6,0.24,Heavy Rain,False,False,False,False,False,False,False,False,False,False,False,False,False,Night,Night,Night,Night
SYN-470,Source2,3,2017-12-15 11:44:00,2017-12-15 12:31:00,29.690320,-95.334885,29.696387,-95.320690,2.761,Accident on I-10 W at Elm St.,I-10 W,Houston,Harris,TX,77070,US,US/Central,KHOU,2017-12-15 11:21:00,59.8,,84,,10.0,SW,21.0,0.0,Fog,False,False,False,False,False,False,False,False,False,False,False,False,False,Day,Day,Day,Day
SYN-471,Source2,2,2021-07-11 03:17:00,2021-07-11 06:48:00,29.410152,-98.547020,,,0.0,Incident on I-5 N near Exit 108. Expect delays.,I-5 N,San Antonio,Bexar,TX,78240,US,US/Central,KSAT,2021-07-11 02:42:00,91.3,,35,29.39,,S,21.9,,Haze,False,False,False,False,False,False,False,False,False,True,False,True,False,Night,Night,Night,Night
SYN-472,Source3,4,2018-08-31 00:41:00,2018-08-31 03:04:00,47.571084,-122.328219,,,0.0,Incident on I-5 N near 5th Ave. Expect delays.,I-5 N,Seattle,King,WA,98178,US,US/Pacific,KBFI,2018-08-30 23:53:00,61.3,,85,29.58,10.0,W,0.1,0.0,Fair,False,False,False,False,False,False,False,False,False,False,False,False,False,Night,Night,Night,Night
SYN-473,Source3,4,2020-02-29 21:07:00.000000000,2020-02-29 22:26:00.000000000,32.758833,-96.805296,,,0.0,"Right lane blocked due to accident on I-35 S, near 5th Ave.",I-35 S,Dallas,Dallas,TX,75238,US,US/Central,KDAL,2020-02-29 20:46:00.000000000,58.2,,32,30.44,10.0,VAR,2.4,,Haze,False,False,True,False,False,False,False,False,False,False,False,False,False,Night,Night,Night,Night
SYN-474,Source2,2,2016-05-12 11:16:00,2016-05-12 12:23:00,39.697697,-104.985424,39.715711,-104.966533,3.964,Accident on Main St at Park Rd.,Main St,Denver,Denver,CO,80207-5832,US,US/Mountain,KDEN,2016-05-12 10:46:00,60.7,,24,29.73,2.3,SE,23.6,0.0,Overcast,False,False,False,False,False,False,False,False,False,False,False,False,False,Day,Day,Day,Day
SYN-475,Source3,3,2020-12-12 18:01:00.000000000,2020-12-12 23:31:00.000000000,29.775197,-95.430444,29.773209,-95.414479,3.452,"Right lane blocked due to accident on I-5 N, near Elm St.",I-5 N,Houston,Harris,TX,77097,US,US/Central,KHOU,2020-12-12 17:30:00.000000000,54.2,,47,30.06,10.0,,21.8,,Overcast,False,False,False,False,False,False,False,False,False,False,False,False,False,Day,Day,Day,Day
SYN-476,Source2,3,2022-04-16 03:50:00,2022-04-16 07:20:00,38.787270,-104.818748,38.773956,-104.815777,3.249,Lane blocked due to accident on I-10 W.,I-10 W,Colorado Springs,El Paso,CO,80917-4114,US,US/Mountain,KCOS,2022-04-16 03:04:00,48.7,40.0,90,30.42,10.0,VAR,6.5,,Fog,False,False,False,False,False,False,False,False,False,False,False,False,False,Night,Night,Night,Night
SYN-477,Source2,3,2016-03-23 08:35:00.000000000,2016-03-23 09:14:00.000000000,40.688808,-74.009945,40.705329,-74.022128,3.341,Incident on Market St near Exit 12. Expect delays.,Market St,New York,New York,NY,10078-1268,US,US/Eastern,KNYC,2016-03-23 08:24:00.000000000,47.3,,45,30.12,10.0,SE,20.8,0.0,Partly Cloudy,False,False,False,False,False,False,False,False,False,False,False,False,False,Day,Day,Day,Day
SYN-478,Source1,2,2022-02-21 15:46:00.000000000,2022-02-21 19:31:00.000000000,32.768168,-96.852396,32.757575,-96.842464,2.515,Incident on State Route 4 near Park Rd. Expect delays.,State Route 4,Dallas,Dallas,TX,75217-8477,US,US/Central,KDAL,2022-02-21 15:04:00.000000000,56.6,,49,29.83,10.0,SW,,,Clear,False,False,False,False,False,False,False,False,False,False,False,False,False,Day,Day,Day,Day
SYN-479,Source2,2,2020-08-28 11:50:00,2020-08-28 14:18:00,32.702756,-117.184799,32.716420,-117.172476,2.134,"Right lane blocked due to accident on I-71 N, near Park Rd.",I-71 N,San Diego,San Diego,CA,92165-7155,US,US/Pacific,KSAN,2020-08-28 11:42:00,66.3,,70,30.32,10.0,CALM,12.5,0.48,Heavy Rain,False,False,False,False,False,False,False,False,False,False,False,True,False,Day,Day,Day,Day
SYN-480,Source2,2,2022-08-11 01:17:00.000000000,2022-08-11 04:36:00.000000000,33.986107,-118.280934,,,0.0,"Right lane blocked due to accident on I-10 W, near 5th Ave.",I-10 W,Los Angeles,Los Angeles,CA,90002,US,US/Pacific,KCQT,2022-08-11 00:51:00.000000000,70.6,,99,30.06,10.0,NNE,1.5,0.30,Rain,False,False,False,False,False,False,False,False,False,False,False,True,False,Night,Night,Night,Night
SYN-481,Source1,2,2022-08-09 20:34:00,2022-08-10 02:05:00,32.674681,-117.219716,32.685220,-117.211874,0.481,Incident on I-70 E near Elm St. Expect delays.,I-70 E,San Diego,San Diego,CA,92110,US,US/Pacific,KSAN,2022-08-09 19:53:00,81.5,,,30.05,1.1,CALM,,0.0,Mostly Cloudy,False,False,True,False,True,False,False,False,False,False,False,False,False,Night,Night,Night,Day
SYN-482,Source3,2,2019-06-10 22:20:00,2019-06-11 03:33:00,32.754571,-96.853319,32.752221,-96.861025,0.267,"Right lane blocked due to accident on I-35 S, near Oak St.",I-35 S,Dallas,Dallas,TX,75255-6164,US,US/Central,KDAL,2019-06-10 22:18:00,83.6,,84,30.41,10.0,NW,0.4,,Mostly Cloudy,False,False,False,False,False,False,False,False,False,False,False,False,False,Night,Night,Night,Night
SYN-483,Source3,3,2021-06-25 06:22:00,2021-06-25 11:14:00,33.804958,-84.310009,33.792600,-84.292859,0.770,Incident on Broadway near Exit 12. Expect delays.,Broadway,Atlanta,Fulton,GA,30342,US,US/Eastern,KATL,2021-06-25 05:39:00,76.9,,87,30.19,10.0,NW,2.0,,Cloudy,False,True,False,False,False,False,False,False,False,False,False,False,False,Night,Day,Day,Day
SYN-484,Source1,2,2021-08-10 07:05:00.000000000,2021-08-10 07:24:00.000000000,42.818798,-78.806138,42.820379,-78.810202,2.500,Lane blocked due to accident on I-95 N.,I-95 N,Buffalo,Erie,NY,14216-2821,US,US/Eastern,KBUF,2021-08-10 07:01:00.000000000,66.8,,59,29.96,1.9,SE,14.5,0.0,Partly Cloudy,False,False,False,False,False,False,False,False,False,False,False,True,False,Day,Day,Day,Day
SYN-485,Source2,2,2018-01-23 00:03:00.000000000,2018-01-23 03:44:00.000000000,32.778109,-96.810642,32.794851,-96.809978,2.789,Incident on E Washington Ave near Elm St. Expect delays.,E Washington Ave,Dallas,Dallas,TX,75262-8390,US,,KDAL,2018-01-22 23:23:00.000000000,46.3,43.3,87,30.40,10.0,N,3.1,,Overcast,False,False,True,False,False,False,False,False,False,False,False,True,False,Night,Night,Night,Night
SYN-486,Source1,2,2020-07-26 06:30:00.000000000,2020-07-26 11:14:00.000000000,41.433577,-81.688025,41.431471,-81.689810,1.670,"Right lane blocked due to accident on Broadway, near Exit 108.",Broadway,Cleveland,Cuyahoga,OH,44155,US,US/Eastern,KCLE,2020-07-26 06:21:00.000000000,70.3,,90,30.35,10.0,S,3.9,0.42,Rain,False,False,False,False,False,False,False,False,False,False,False,False,False,Night,Day,Day,Day
SYN-487,Source1,2,2021-06-21 07:47:00,2021-06-21 13:25:00,43.099623,-77.572052,43.099512,-77.571479,3.646,Incident on I-70 E near Park Rd. Expect delays.,I-70 E,Rochester,Monroe,NY,14601,US,US/Eastern,KROC,2021-06-21 07:40:00,76.9,,55,29.30,10.0,VAR,19.1,0.0,Overcast,False,False,False,False,False,False,False,False,True,False,False,False,False,Day,Day,Day,Day
SYN-488,Source1,2,2020-11-21 10:52:00.000000000,2020-11-21 12:44:00.000000000,47.636197,-122.294765,,,0.0,"Right lane blocked due to accident on E Washington Ave, near Oak St.",E Washington Ave,Seattle,King,WA,98120,US,US/Pacific,KBFI,2020-11-21 10:36:00.000000000,54.4,,90,29.30,10.0,NNE,19.0,0.16,Heavy Rain,False,False,False,False,False,False,False,False,False,False,False,False,False,Day,Day,Day,Day
SYN-489,Source2,3,2022-07-17 23:33:00.000000000,2022-07-18 03:36:00.000000000,34.041391,-118.193001,34.054214,-118.202343,3.503,"Right lane blocked due to accident on I-35 S, near Park Rd.",I-35 S,Los Angeles,Los Angeles,CA,90008,US,US/Pacific,KCQT,2022-07-17 23:21:00.000000000,75.6,,46,29.72,7.7,NNE,,0.0,Fair,False,False,True,False,False,False,False,False,False,False,False,False,False,Night,Night,Night,Night
SYN-490,Source3,2,2019-03-11 08:47:00.000000000,2019-03-11 11:50:00.000000000,39.691324,-105.009800,39.685264,-105.022622,3.030,Accident on I-10 W at Exit 12.,I-10 W,Denver,Denver,CO,80265,US,US/Mountain,KDEN,2019-03-11 07:58:00.000000000,48.6,,74,29.23,10.0,NE,18.0,0.31,Rain,False,False,False,False,False,False,False,False,False,False,False,False,False,Day,Day,Day,Day
SYN-491,Source1,3,2019-03-08 05:04:00,2019-03-08 06:23:00,32.441430,-84.910853,32.452594,-84.899215,2.370,"Right lane blocked due to accident on I-10 W, near Exit 12.",I-10 W,Columbus,Muscogee,GA,31909,US,US/Eastern,KCSG,2019-03-08 05:00:00,49.6,,41,30.15,10.0,N,19.9,0.44,Light Rain,False,False,True,False,True,False,False,False,False,False,False,False,False,Night,Night,Night,Day
SYN-492,Source1,4,2018-04-30 03:27:00,2018-04-30 08:54:00,47.629769,-117.459830,47.615146,-117.460770,2.657,Lane blocked due to accident on I-10 W.,I-10 W,Spokane,Spokane,WA,99224,US,US/Pacific,KGEG,2018-04-30 02:58:00,57.8,,74,29.21,1.9,NNE,19.2,,Overcast,False,False,True,False,False,False,False,False,False,False,False,False,False,Night,Night,Night,Night
SYN-493,Source2,2,2020-08-19 19:59:00,2020-08-20 01:06:00,41.527641,-81.763188,,,0.0,Accident on Highway 99 at Park Rd.,Highway 99,Cleveland,Cuyahoga,OH,44148,US,US/Eastern,KCLE,2020-08-19 19:24:00,71.7,,52,29.22,9.0,S,2.7,0.0,Clear,False,False,False,False,False,False,False,False,False,False,False,False,False,Night,Day,Day,Day
SYN-494,Source2,2,2019-03-30 10:23:00,2019-03-30 13:39:00,42.843574,-78.933642,42.855178,-78.947845,2.620,Incident on Highway 99 near Elm St. Expect delays.,Highway 99,Buffalo,Erie,NY,14240,US,US/Eastern,KBUF,2019-03-30 09:35:00,48.2,40.9,69,30.46,10.0,NE,13.4,0.49,Heavy Rain,False,False,False,False,False,False,False,False,False,False,False,False,False,Day,Day,Day,Day
SYN-495,Source3,3,2020-10-18 03:02:00,2020-10-18 07:45:00,30.304829,-97.798510,,,0.0,Lane blocked due to accident on State Route 4.,State Route 4,Austin,Travis,TX,78765,US,US/Central,KAUS,2020-10-18 02:27:00,70.4,,30,29.45,10.0,VAR,2.5,,Partly Cloudy,False,False,False,False,False,False,False,False,False,False,False,False,False,Night,Night,Night,Night
SYN-496,Source2,2,2018-12-29 22:47:00.000000000,2018-12-29 23:55:00.000000000,42.950314,-78.899002,42.963486,-78.891727,0.472,"Right lane blocked due to accident on I-90 E, near Park Rd.",I-90 E,Buffalo,Erie,NY,14231,US,US/Eastern,KBUF,2018-12-29 22:11:00.000000000,36.0,30.4,73,29.96,10.0,E,0.3,,Clear,False,True,True,False,False,False,False,False,False,False,False,False,False,Night,Night,Night,Night
SYN-497,Source1,3,2020-01-29 04:47:00,2020-01-29 06:46:00,34.109222,-118.289519,,,0.0,Accident on Highway 99 at Oak St.,Highway 99,Los Angeles,Los Angeles,CA,90037,US,US/Pacific,KCQT,2020-01-29 04:34:00,49.3,42.3,66,30.12,1.3,S,2.4,0.0,Partly Cloudy,False,False,False,False,False,False,False,False,False,False,False,True,False,Night,Night,Night,Night
SYN-498,Source3,3,2023-03-16 14:28:00,2023-03-16 19:47:00,41.557096,-81.739042,,,0.0,"Right lane blocked due to accident on Market St, near Elm St.",Market St,Cleveland,Cuyahoga,OH,44181-5274,US,US/Eastern,KCLE,2023-03-16 14:09:00,48.2,46.5,81,29.30,10.0,NW,7.0,0.19,,False,False,False,False,False,False,False,False,False,False,False,False,False,Day,Day,Day,Day
SYN-499,Source2,2,2023-01-11 13:49:00,2023-01-11 16:13:00,38.769038,-104.883178,38.767827,-104.869643,0.932,Accident on I-71 N at Park Rd.,I-71 N,Colorado Springs,El Paso,CO,80941,US,US/Mountain,KCOS,2023-01-11 13:02:00,37.2,32.0,41,30.39,10.0,S,4.4,,Fog,False,False,False,False,False,False,False,False,False,False,False,True,False,Day,Day,Day,Day
SYN-500,Source2,3,2021-10-18 04:04:00,2021-10-18 05:17:00,28.024198,-82.487958,,,0.0,"Right lane blocked due to accident on I-70 E, near Exit 108.",I-70 E,,Hillsborough,FL,33651,US,US/Eastern,KTPA,2021-10-18 03:41:00,74.5,,51,30.20,,NW,14.8,0.41,Rain,False,False,False,False,False,False,False,False,False,False,False,False,False,Night,Night,Night,Night
SYN-501,Source1,2,2019-06-20 05:41:00,2019-06-20 07:54:00,43.161391,-77.563612,,,0.0,Lane blocked due to accident on Highway 99.,Highway 99,Rochester,Monroe,NY,14673,US,US/Eastern,KROC,2019-06-20 05:00:00,64.6,,81,30.14,10.0,NNE,12.3,0.0,Fog,False,False,False,False,False,False,False,False,False,False,False,False,False,Night,Night,Night,Day
SYN-502,Source1,2,2021-07-12 21:31:00.000000000,2021-07-12 22:48:00.000000000,32.763789,-96.832315,,,0.0,Incident on I-75 S near Oak St. Expect delays.,I-75 S,Dallas,Dallas,TX,75290,US,US/Central,KDAL,2021-07-12 20:47:00.000000000,81.9,,26,30.15,10.0,CALM,7.9,,Partly Cloudy,False,False,False,False,False,False,False,False,False,False,False,False,False,Night,Night,Night,Night
SYN-503,Source2,2,2017-10-08 20:01:00,2017-10-08 21:12:00,47.635631,-117.415999,,,0.0,Lane blocked due to accident on I-90 E.,I-90 E,Spokane,Spokane,WA,99284,US,US/Pacific,KGEG,2017-10-08 19:53:00,53.2,,33,29.99,10.0,CALM,25.0,0.0,Fair,False,False,False,False,False,False,False,False,False,False,False,False,False,Night,Night,Night,Day
SYN-504,Source1,2,2019-03-02 20:51:00,2019-03-03 01:52:00,42.922065,-78.835940,42.917780,-78.816483,3.871,Lane blocked due to accident on US-101 S.,US-101 S,Buffalo,Erie,NY,14283,US,US/Eastern,KBUF,2019-03-02 20:14:00,44.9,43.8,25,30.44,10.0,S,,,Clear,False,False,False,False,False,False,False,False,False,False,False,False,False,Night,Night,Night,Day
SYN-505,Source1,2,2020-04-14 13:57:00,2020-04-14 18:20:00,32.153669,-111.001934,,,0.0,Lane blocked due to accident on I-35 S.,I-35 S,Tucson,Pima,AZ,85795,US,US/Mountain,KTUS,2020-04-14 13:07:00,78.0,,68,,10.0,E,15.5,,Cloudy,False,False,False,False,False,False,False,False,False,False,False,True,False,Day,Day,Day,Day
SYN-506,Source2,3,2021-01-20 13:31:00.000000000,2021-01-20 17:37:00.000000000,33.433275,-112.141192,,,0.0,Accident on I-5 N at Oak St.,I-5 N,Phoenix,Maricopa,AZ,85091,US,US/Mountain,KPHX,2021-01-20 12:54:00.000000000,59.8,,56,29.32,10.0,NW,16.6,,Partly Cloudy,False,False,False,False,False,False,False,False,False,False,False,False,False,Day,Day,Day,Day
SYN-507,Source3,4,2019-08-21 00:24:00,2019-08-21 05:57:00,32.679404,-117.166606,32.678918,-117.180924,3.442,Lane blocked due to accident on I-75 S.,I-75 S,San Diego,San Diego,CA,92125,US,US/Pacific,KSAN,2019-08-20 23:47:00,67.3,,46,30.18,10.0,S,0.8,0.0,Fair,False,False,False,False,True,False,False,False,False,False,False,False,False,Night,Night,Night,Night
SYN-508,Source3,2,2018-12-12 07:13:00,2018-12-12 09:14:00,38.618123,-121.506397,38.602679,-121.504384,3.156,Accident on Market St at 5th Ave.,Market St,Sacramento,Sacramento,CA,95834-7713,US,US/Pacific,KSAC,2018-12-12 07:08:00,62.3,,47,29.68,10.0,NE,1.4,0.0,Fair,False,False,False,False,False,False,False,False,False,False,False,False,False,Day,Day,Day,Day
SYN-509,Source1,2,2016-03-30 03:59:00,2016-03-30 06:43:00,32.301534,-111.048070,32.301270,-111.030628,3.532,Lane blocked due to accident on Highway 99.,Highway 99,Tucson,Pima,AZ,85708,US,US/Mountain,KTUS,2016-03-30 03:59:00,73.7,,75,29.63,10.0,E,25.0,,Partly Cloudy,False,False,False,False,False,False,False,False,False,False,False,False,False,Night,Night,Night,Night
SYN-510,Source2,3,2019-11-22 19:24:00,2019-11-22 21:29:00,39.029153,-84.480762,,,0.0,Lane blocked due to accident on I-5 N.,I-5 N,Cincinnati,Hamilton,OH,45215,US,US/Eastern,KLUK,2019-11-22 19:03:00,33.6,30.0,47,30.34,10.0,NW,0.2,,Mostly Cloudy,False,False,False,False,False,False,False,False,False,False,False,False,False,Night,Day,Day,Day
SYN-511,Source3,3,2020-12-17 14:47:00,2020-12-17 18:22:00,25.817514,-80.117962,25.836553,-80.125490,2.663,Lane blocked due to accident on I-75 S.,I-75 S,Miami,Miami-Dade,FL,33133,US,US/Eastern,KMIA,2020-12-17 13:59:00,73.5,,87,29.92,10.0,NW,1.2,,Clear,False,False,False,False,True,False,False,False,False,False,False,False,False,Day,Day,Day,Day
SYN-512,Source2,3,2020-12-12 14:22:00,2020-12-12 14:43:00,32.696262,-117.222772,,,0.0,Accident on I-10 W at Park Rd.,I-10 W,San Diego,San Diego,CA,92133-3630,US,US/Pacific,KSAN,2020-12-12 13:35:00,65.0,,61,30.23,10.0,NE,5.3,,Clear,False,False,False,False,False,False,False,False,False,False,False,False,False,,Day,Day,Day
SYN-513,Source3,2,2017-03-20 21:51:00,2017-03-21 01:43:00,40.754158,-73.950455,40.760331,-73.944802,1.141,Accident on N High St at 5th Ave.,N High St,New York,New York,NY,10065,US,US/Eastern,KNYC,2017-03-20 21:05:00,37.9,,91,30.04,10.0,S,3.3,,Haze,False,False,False,False,False,False,False,False,False,False,False,False,False,Night,Night,Night,Night
SYN-514,Source2,1,2022-05-07 20:17:00.000000000,2022-05-07 21:29:00.000000000,43.142387,-77.658706,,,0.0,Accident on Highway 99 at 5th Ave.,Highway 99,Rochester,Monroe,NY,14697-4907,US,US/Eastern,KROC,2022-05-07 20:04:00.000000000,63.6,,31,30.29,10.0,SE,22.7,0.0,Thunderstorm,False,False,False,False,False,False,False,False,False,False,False,False,False,Night,Night,Night,Day
SYN-515,Source1,2,2019-11-10 14:34:00,2019-11-10 18:28:00,32.682646,-117.184880,,,0.0,Incident on State Route 4 near 5th Ave. Expect delays.,State Route 4,San Diego,San Diego,CA,92170,US,US/Pacific,KSAN,2019-11-10 13:49:00,55.0,,25,30.08,10.0,E,10.0,,Fair,False,False,False,False,True,False,False,False,False,False,False,True,False,Day,Day,Day,Day
SYN-516,Source1,2,2021-06-23 09:06:00.000000000,2021-06-23 10:50:00.000000000,47.662431,-117.411380,47.661324,-117.413832,0.191,"Right lane blocked due to accident on Broadway, near Park Rd.",Broadway,Spokane,Spokane,WA,99206,US,US/Pacific,KGEG,2021-06-23 08:29:00.000000000,64.0,,94,,10.0,SW,9.3,,Fair,False,False,False,False,False,False,False,False,False,False,False,False,False,Day,Day,Day,Day
SYN-517,Source1,2,2020-11-17 01:42:00.000000000,2020-11-17 07:39:00.000000000,40.005466,-83.057503,39.991847,-83.053844,3.276,Incident on I-95 N near Park Rd. Expect delays.,I-95 N,Columbus,Franklin,OH,43240,US,US/Eastern,KCMH,2020-11-17 01:35:00.000000000,47.9,40.8,86,29.66,2.0,N,9.8,0.0,Clear,False,False,False,False,True,False,False,False,False,False,False,False,False,Night,Night,Night,Night
SYN-518,Source1,2,2019-01-08 17:11:00,2019-01-08 21:17:00,30.298775,-97.821194,,,0.0,Incident on Highway 99 near Elm St. Expect delays.,Highway 99,Austin,Travis,TX,78732,US,US/Central,KAUS,2019-01-08 16:27:00,49.6,,27,29.41,10.0,CALM,11.1,0.0,Clear,False,False,False,False,True,False,False,False,False,False,False,False,False,Day,Day,Day,Day
SYN-519,Source3,2,2016-05-25 17:38:00,2016-05-25 22:46:00,25.788819,-80.125277,,,0.0,Accident on Broadway at Exit 108.,Broadway,Miami,Miami-Dade,FL,33101,US,US/Eastern,KMIA,2016-05-25 16:55:00,86.0,,31,29.63,10.0,N,13.6,0.0,Haze,False,False,False,False,False,False,False,False,False,False,False,False,False,Day,Day,Day,Day
SYN-520,Source3,3,2018-05-04 16:56:00.000000000,2018-05-04 20:23:00.000000000,38.876752,-104.863399,,,0.0,Accident on I-71 N at Oak St.,I-71 N,Colorado Springs,El Paso,CO,80988,US,US/Mountain,KCOS,2018-05-04 16:35:00.000000000,64.1,,32,29.38,4.9,NNE,4.4,,Clear,False,False,False,False,False,False,False,False,False,False,False,False,False,Day,Day,Day,Day
SYN-521,Source2,2,2023-03-01 20:00:00.000000000,2023-03-02 00:12:00.000000000,39.025518,-84.553862,,,0.0,"Right lane blocked due to accident on Broadway, near Exit 12.",Broadway,Cincinnati,Hamilton,OH,45220-8336,US,US/Eastern,KLUK,2023-03-01 19:53:00.000000000,43.7,34.8,70,29.25,10.0,NNE,13.0,,Haze,False,False,False,False,False,False,False,False,False,False,False,False,False,Night,Night,Night,Day
SYN-522,Source1,2,2021-02-14 21:13:00,2021-02-15 00:17:00,40.696911,-74.055199,,,0.0,Incident on I-5 N near Exit 108. Expect delays.,I-5 N,New York,New York,NY,10056-3425,US,US/Eastern,KNYC,2021-02-14 20:59:00,29.4,25.3,40,30.04,10.0,S,6.9,0.12,Snow,False,False,False,False,False,False,False,False,False,False,False,False,False,Night,Night,Night,Night
SYN-523,Source1,3,2017-01-22 23:59:00.000000000,2017-01-23 03:43:00.000000000,25.797703,-80.175742,25.795117,-80.162251,2.256,Accident on I-90 E at Oak St.,I-90 E,Miami,Miami-Dade,FL,33132,US,US/Eastern,KMIA,2017-01-22 23:59:00.000000000,66.5,,21,29.85,10.0,NNE,16.8,,Mostly Cloudy,False,False,False,False,False,False,False,False,False,False,False,True,False,Night,Night,Night,Night
SYN-524,Source2,3,2020-09-08 12:01:00,2020-09-08 13:22:00,39.707383,-84.191882,,,0.0,"Right lane blocked due to accident on I-71 N, near Exit 108.",I-71 N,Dayton,Montgomery,OH,45427,US,US/Eastern,KDAY,2020-09-08 11:16:00,55.5,,69,30.33,6.3,NW,22.0,0.43,Rain,False,False,False,False,False,False,False,False,False,False,False,False,False,Day,Day,Day,Day
SYN-525,Source3,2,2017-06-30 07:08:00,2017-06-30 11:44:00,38.834024,-104.820918,,,0.0,Accident on I-35 S at Oak St.,I-35 S,Colorado Springs,El Paso,CO,80945-2398,US,US/Mountain,KCOS,2017-06-30 06:45:00,79.2,,73,,3.3,N,4.8,,Cloudy,False,False,False,False,False,False,False,False,False,True,False,False,False,Day,Day,Day,Day
SYN-526,Source1,2,2022-10-27 15:09:00,2022-10-27 20:35:00,32.828487,-96.793574,32.830752,-96.782607,1.092,Lane blocked due to accident on I-70 E.,I-70 E,Dallas,Dallas,TX,75202,US,US/Central,KDAL,2022-10-27 14:58:00,68.0,,83,30.03,10.0,W,24.3,0.0,Haze,False,False,False,False,False,False,False,False,False,False,False,True,False,Day,Day,Day,Day
SYN-527,Source3,2,2019-01-01 10:51:00,2019-01-01 12:52:00,42.938905,-78.873809,,,0.0,Accident on I-95 N at Oak St.,I-95 N,Buffalo,Erie,NY,14234-6090,US,US/Eastern,KBUF,2019-01-01 10:27:00,28.6,24.6,96,29.65,10.0,S,17.1,,Fog,False,False,False,False,False,False,False,False,False,False,False,False,False,Day,Day,Day,Day
SYN-528,Source1,2,2019-08-08 14:50:00,2019-08-08 15:53:00,38.532153,-121.466500,,,0.0,"Right lane blocked due to accident on I-75 S, near Elm St.",I-75 S,Sacramento,Sacramento,CA,95879,US,US/Pacific,KSAC,2019-08-08 14:01:00,78.1,,90,29.43,10.0,CALM,8.8,0.37,Light Rain,False,False,False,False,False,False,False,False,False,False,False,False,False,Day,Day,Day,Day
SYN-529,Source3,2,2019-02-09 18:08:00,2019-02-09 22:54:00,28.478812,-81.454773,,,0.0,"Right lane blocked due to accident on Market St, near Park Rd.",Market St,Orlando,Orange,FL,32833,US,US/Eastern,KORL,2019-02-09 17:53:00,68.7,,37,30.32,2.0,SE,3.4,0.36,Light Rain,False,False,False,False,False,False,False,False,False,False,False,False,False,Day,Day,Day,Day
SYN-530,Source2,4,2017-12-01 16:27:00,2017-12-01 18:09:00,28.518681,-81.399531,,,0.0,Lane blocked due to accident on I-5 N.,I-5 N,Orlando,Orange,FL,32825,US,US/Eastern,KORL,,60.1,,64,30.34,2.3,NW,12.2,0.27,Rain,False,False,True,False,False,False,False,False,False,False,False,False,False,Day,Day,Day,Day
SYN-531,Source1,4,2019-10-23 09:32:00,2019-10-23 13:53:00,47.579842,-117.376839,47.569111,-117.369833,1.662,Accident on E Washington Ave at 5th Ave.,E Washington Ave,Spokane,Spokane,WA,99227,US,US/Pacific,KGEG,2019-10-23 09:31:00,49.6,44.9,75,29.41,10.0,,10.8,0.35,Heavy Rain,False,False,False,False,False,False,False,False,False,False,False,False,False,Day,Day,Day,Day
SYN-532,Source2,2,2019-04-18 23:02:00,2019-04-19 04:57:00,32.288364,-110.987680,,,0.0,"Right lane blocked due to accident on I-35 S, near Park Rd.",I-35 S,Tucson,Pima,AZ,85737,US,US/Mountain,KTUS,2019-04-18 22:32:00,76.7,,73,29.58,10.0,NE,12.1,0.0,Clear,False,False,False,False,False,False,False,False,False,False,False,False,False,Night,Night,Night,Night
SYN-533,Source2,2,2018-12-19 18:49:00.000000000,2018-12-19 20:10:00.000000000,38.570059,-121.531253,,,0.0,"Right lane blocked due to accident on Broadway, near 5th Ave.",Broadway,Sacramento,Sacramento,CA,95809,US,US/Pacific,KSAC,2018-12-19 18:40:00.000000000,65.2,,91,30.07,10.0,NW,14.5,0.03,Heavy Rain,False,False,False,False,False,False,False,False,False,True,False,True,False,Day,Day,Day,Day
SYN-534,Source3,3,2020-11-03 13:48:00,2020-11-03 17:36:00,41.438628,-81.619938,,,0.0,"Right lane blocked due to accident on E Washington Ave, near Exit 108.",E Washington Ave,Cleveland,Cuyahoga,OH,44135,US,US/Eastern,KCLE,2020-11-03 13:09:00,35.7,,66,29.98,2.8,SW,7.0,,Fog,False,False,False,False,False,False,False,False,False,False,True,False,False,Day,Day,Day,Day
SYN-535,Source1,2,2016-10-08 00:32:00,2016-10-08 02:10:00,25.718758,-80.208469,,,0.0,Lane blocked due to accident on Highway 99.,Highway 99,Miami,Miami-Dade,FL,33149,US,US/Eastern,KMIA,2016-10-07 23:49:00,78.9,,54,29.92,10.0,CALM,11.4,0.0,Mostly Cloudy,False,False,False,False,True,False,False,False,False,False,False,False,False,Night,Night,Night,Night
SYN-536,Source1,2,2019-02-14 06:39:00,2019-02-14 08:35:00,43.080179,-77.607391,43.078218,-77.601683,1.400,Lane blocked due to accident on I-71 N.,I-71 N,Rochester,Monroe,NY,14650,US,US/Eastern,KROC,2019-02-14 05:55:00,30.3,27.4,78,30.17,10.0,CALM,19.4,0.27,Heavy Rain,False,False,False,False,False,False,False,False,False,False,False,False,False,Night,Day,Day,Day
SYN-537,Source3,2,2016-10-27 22:51:00,2016-10-28 03:15:00,29.404234,-98.423401,29.421988,-98.410675,1.926,Accident on E Washington Ave at Oak St.,E Washington Ave,San Antonio,Bexar,TX,78265,US,US/Central,KSAT,2016-10-27 22:07:00,72.7,,63,29.76,6.4,NE,17.0,0.0,Mostly Cloudy,False,False,False,False,False,False,False,False,False,False,False,False,False,Night,Night,Night,Night
SYN-538,Source2,2,2016-10-17 14:53:00.000000000,2016-10-17 16:33:00.000000000,25.721263,-80.148026,,,0.0,Lane blocked due to accident on N High St.,N High St,Miami,Miami-Dade,FL,33117,US,US/Eastern,KMIA,2016-10-17 14:45:00.000000000,68.9,,49,29.58,10.0,SW,2.4,0.0,,False,False,True,False,False,False,False,False,False,False,False,False,False,Day,Day,Day,Day
SYN-539,Source2,3,2018-05-29 13:51:00.000000000,2018-05-29 18:40:00.000000000,47.689027,-117.484507,47.672997,-117.468539,3.723,Accident on I-35 S at Elm St.,I-35 S,Spokane,Spokane,WA,99211-9250,US,US/Pacific,,2018-05-29 13:23:00.000000000,60.4,,62,29.74,10.0,VAR,6.3,0.0,Mostly Cloudy,False,False,False,False,False,False,False,False,False,False,False,False,False,Day,Day,Day,Day
SYN-540,Source3,2,2021-06-22 05:25:00,2021-06-22 09:43:00,38.513762,-121.536666,,,0.0,Accident on Main St at Park Rd.,Main St,Sacramento,Sacramento,CA,95808,US,US/Pacific,KSAC,2021-06-22 04:57:00,70.3,,36,30.15,10.0,VAR,23.1,0.37,Rain,False,False,False,False,False,False,False,False,False,False,False,False,False,Night,Night,Night,Day
SYN-541,Source1,1,2023-02-26 17:22:00,2023-02-26 18:33:00,32.457608,-84.960669,,,0.0,Incident on E Washington Ave near 5th Ave. Expect delays.,E Washington Ave,Columbus,Muscogee,GA,31924-3694,US,US/Eastern,KCSG,2023-02-26 17:00:00,44.5,36.5,24,29.99,5.4,NNE,21.8,,Fog,False,False,False,False,False,False,False,False,False,False,False,False,False,Day,Day,Day,Day
SYN-542,Source1,1,2019-10-21 22:30:00.000000000,2019-10-22 03:43:00.000000000,34.041294,-118.249031,34.044253,-118.261587,3.450,"Right lane blocked due to accident on Market St, near Park Rd.",Market St,Los Angeles,Los Angeles,CA,90077,US,US/Pacific,KCQT,2019-10-21 22:27:00.000000000,58.2,,64,29.70,10.0,W,4.6,,Clear,False,False,False,False,False,False,False,False,False,False,False,False,False,Night,Night,Night,Night
SYN-543,Source1,2,2020-09-09 23:13:00,2020-09-10 03:46:00,30.245768,-97.761694,30.259054,-97.746571,1.182,"Right lane blocked due to accident on I-71 N, near Exit 108.",I-71 N,Austin,Travis,TX,78784,US,US/Central,KAUS,2020-09-09 23:09:00,74.6,,77,30.14,10.0,S,16.1,,Overcast,False,False,False,False,False,False,False,False,False,False,False,False,False,Night,Night,Night,Night
SYN-544,Source1,4,2023-03-18 16:24:00,2023-03-18 18:38:00,38.898812,-104.887620,,,0.0,Incident on I-71 N near Oak St. Expect delays.,I-71 N,Colorado Springs,El Paso,CO,80979,US,US/Mountain,KCOS,2023-03-18 16:11:00,42.9,,28,29.55,5.8,NE,6.0,0.03,Light Rain,False,False,False,False,False,False,False,False,False,False,False,False,False,Day,Day,Day,Day
SYN-545,Source1,3,2018-10-26 18:32:00,2018-10-26 22:57:00,47.621509,-122.256802,,,0.0,Lane blocked due to accident on I-95 N.,I-95 N,Seattle,King,WA,98126,US,US/Pacific,KBFI,2018-10-26 18:20:00,62.9,,28,30.20,,NW,,,Mostly Cloudy,False,False,False,False,False,False,False,False,False,False,False,False,False,Day,Day,Day,Day
SYN-546,Source3,2,2019-07-06 11:46:00,2019-07-06 13:00:00,40.697305,-74.001857,,,0.0,"Right lane blocked due to accident on Market St, near 5th Ave.",Market St,New York,New York,NY,10042-5414,US,US/Eastern,KNYC,2019-07-06 11:25:00,73.4,,97,29.90,10.0,NNE,8.7,,Fair,False,False,False,False,False,False,False,False,False,False,False,False,False,Day,Day,Day,Day
SYN-547,Source1,2,2018-03-26 21:30:00,2018-03-26 23:57:00,38.787565,-104.821580,,,0.0,"Right lane blocked due to accident on I-95 N, near Elm St.",I-95 N,Colorado Springs,El Paso,CO,80947,US,US/Mountain,KCOS,2018-03-26 21:19:00,49.1,,63,29.69,10.0,VAR,13.3,,Mostly Cloudy,False,False,False,False,False,False,False,False,False,False,False,False,False,Night,Night,Night,Night
SYN-548,Source1,3,2022-01-15 20:23:00,2022-01-16 00:01:00,25.709577,-80.232624,25.724389,-80.236064,3.357,Lane blocked due to accident on I-35 S.,I-35 S,Miami,Miami-Dade,FL,33194,US,US/Eastern,KMIA,2022-01-15 20:01:00,62.8,,52,29.66,10.0,NE,5.5,0.09,Rain,False,False,True,False,False,False,False,False,False,False,False,False,False,Night,Night,Night,Day
SYN-549,Source2,2,2019-11-12 13:59:00,2019-11-12 15:56:00,47.639807,-117.436689,47.650992,-117.447239,2.324,Accident on US-101 S at Exit 12.,US-101 S,Spokane,Spokane,WA,99210,US,US/Pacific,KGEG,2019-11-12 13:48:00,54.4,,84,30.46,0.6,VAR,3.5,,Mostly Cloudy,False,False,False,False,False,False,False,False,False,False,False,True,False,Day,Day,Day,Day
SYN-550,Source1,2,2023-01-04 20:13:00,2023-01-04 21:58:00,28.470959,-81.388207,28.481689,-81.373881,2.213,Incident on US-101 S near Park Rd. Expect delays.,US-101 S,Orlando,Orange,FL,32827-9480,US,US/Eastern,KORL,2023-01-04 20:12:00,65.9,,36,29.47,3.8,E,,,Fair,False,False,False,False,False,False,False,False,False,False,False,False,False,Night,Night,Night,Day
SYN-551,Source1,2,2023-02-18 00:49:00,2023-02-18 06:05:00,47.535716,-122.382225,47.539128,-122.363383,2.027,Lane blocked due to accident on Highway 99.,Highway 99,Seattle,King,WA,98112,US,US/Pacific,KBFI,,48.8,45.1,54,29.67,3.3,NE,7.1,,Thunderstorm,False,False,False,False,False,False,False,False,False,False,False,False,False,Night,Night,Night,Night
SYN-552,Source2,3,2022-07-27 11:58:00.000000000,2022-07-27 12:47:00.000000000,39.802221,-105.029089,39.799619,-105.037863,1.209,"Right lane blocked due to accident on I-10 W, near Exit 12.",I-10 W,Denver,Denver,CO,80208,US,US/Mountain,KDEN,2022-07-27 11:53:00.000000000,80.3,,58,30.15,10.0,NW,21.7,0.0,Clear,False,False,True,False,False,False,False,False,False,False,False,True,False,Day,Day,Day,Day
SYN-553,Source3,2,2017-10-01 11:25:00,2017-10-01 12:16:00,32.460787,-85.064740,,,0.0,Accident on I-10 W at Oak St.,I-10 W,Columbus,Muscogee,GA,31915-8742,US,US/Eastern,KCSG,2017-10-01 11:07:00,59.1,,46,30.35,10.0,NNE,21.4,0.0,Partly Cloudy,False,False,False,False,False,False,False,False,False,False,False,False,False,Day,Day,Day,Day
SYN-554,Source1,2,2016-09-08 01:42:00,2016-09-08 05:42:00,33.817365,-84.391033,,,0.0,Lane blocked due to accident on Broadway.,Broadway,Atlanta,Fulton,GA,30301,US,US/Eastern,KATL,2016-09-08 01:21:00,75.4,,91,29.78,10.0,CALM,18.2,,Mostly Cloudy,False,False,False,False,False,False,False,False,False,False,False,False,False,Night,Night,Night,Night
SYN-555,Source3,2,2023-01-06 15:40:00,2023-01-06 16:56:00,30.218448,-97.678366,,,0.0,Incident on US-101 S near Park Rd. Expect delays.,US-101 S,Austin,Travis,TX,78751,US,US/Central,KAUS,2023-01-06 15:16:00,49.9,,63,30.41,10.0,NW,13.0,,Fair,False,False,False,False,False,False,False,False,False,False,False,False,False,Day,Day,Day,Day
SYN-556,Source2,2,2017-06-20 22:36:00,2017-06-21 00:30:00,47.657390,-122.255561,,,0.0,Lane blocked due to accident on US-101 S.,US-101 S,Seattle,King,WA,98198,US,US/Pacific,KBFI,2017-06-20 22:12:00,62.6,,73,30.33,10.0,SW,21.1,0.0,Thunderstorm,False,False,False,False,False,False,False,False,False,False,False,False,False,Night,Night,Night,Night
SYN-557,Source1,3,2019-12-25 03:29:00,2019-12-25 06:29:00,39.095062,-84.438910,39.089753,-84.428624,0.505,Accident on Market St at Park Rd.,Market St,Cincinnati,Hamilton,OH,45216-8836,US,US/Eastern,KLUK,2019-12-25 03:05:00,32.1,22.5,32,,10.0,SW,14.9,,Overcast,False,False,False,False,False,False,False,False,False,False,False,False,False,Night,Night,Night,Night
SYN-558,Source3,3,2022-01-19 16:23:00,2022-01-19 19:51:00,27.940376,-82.429423,27.946020,-82.414470,2.136,Accident on I-5 N at Park Rd.,I-5 N,Tampa,Hillsborough,FL,33666-9576,US,US/Eastern,KTPA,2022-01-19 15:53:00,58.0,,78,29.49,10.0,NE,8.6,,Thunderstorm,False,False,False,False,False,False,False,False,False,False,False,True,False,Day,Day,Day,Day
SYN-559,Source1,4,2020-01-30 12:02:00.000000000,2020-01-30 16:13:00.000000000,34.115946,-118.210910,,,0.0,Lane blocked due to accident on I-35 S.,I-35 S,Los Angeles,Los Angeles,CA,90043-3591,US,US/Pacific,KCQT,2020-01-30 11:47:00.000000000,60.3,,,30.07,10.0,NNE,5.8,0.0,Haze,False,False,False,False,False,False,False,False,False,False,False,False,False,Day,Day,Day,Day
SYN-560,Source3,3,2019-05-02 00:09:00.000000000,2019-05-02 05:03:00.000000000,34.121574,-118.227408,,,0.0,Lane blocked due to accident on I-95 N.,I-95 N,Los Angeles,Los Angeles,CA,90025-4126,US,US/Pacific,KCQT,2019-05-01 23:55:00.000000000,74.0,,95,30.20,10.0,VAR,1.0,,Fog,False,False,False,False,False,False,False,False,False,False,False,False,False,Night,Night,Night,Night
SYN-561,Source1,2,2022-06-06 10:38:00.000000000,2022-06-06 14:36:00.000000000,42.922879,-78.821475,,,0.0,Accident on E Washington Ave at Exit 12.,E Washington Ave,Buffalo,Erie,NY,14291-7599,US,US/Eastern,KBUF,2022-06-06 10:38:00.000000000,72.9,,49,29.41,10.0,NW,7.9,0.0,Thunderstorm,False,False,True,False,False,False,False,False,False,False,False,False,False,Day,Day,Day,Day
SYN-562,Source2,2,2021-04-26 17:22:00,2021-04-26 18:57:00,43.096341,-77.625724,,,0.0,"Right lane blocked due to accident on I-10 W, near Oak St.",I-10 W,Rochester,Monroe,NY,14618,US,US/Eastern,KROC,2021-04-26 17:19:00,51.1,,50,29.99,10.0,VAR,22.7,,Cloudy,False,False,False,False,False,False,False,False,False,False,False,True,False,,Day,Day,Day
SYN-563,Source1,2,2022-11-01 06:07:00,2022-11-01 07:24:00,29.704705,-95.413101,,,0.0,Incident on Main St near Elm St. Expect delays.,Main St,Houston,Harris,TX,77010-6674,US,US/Central,KHOU,2022-11-01 05:39:00,57.2,,80,29.69,10.0,W,8.4,,Haze,False,False,False,False,False,False,False,False,False,False,False,False,False,Night,Day,Day,Day
SYN-564,Source2,3,2017-09-26 02:00:00,2017-09-26 06:39:00,33.526409,-112.048731,33.514727,-112.052202,0.953,Incident on I-70 E near Elm St. Expect delays.,I-70 E,Phoenix,Maricopa,AZ,85064,US,US/Mountain,KPHX,2017-09-26 01:51:00,78.5,,77,30.46,10.0,E,0.2,0.0,Fog,False,False,False,False,False,True,False,False,False,False,False,False,False,Night,Night,Night,Night
SYN-565,Source2,4,2018-05-10 04:42:00.000000000,2018-05-10 06:41:00.000000000,38.796379,-104.843387,38.785402,-104.829592,0.886,"Right lane blocked due to accident on I-5 N, near Elm St.",I-5 N,Colorado Springs,El Paso,CO,80980,US,US/Mountain,KCOS,2018-05-10 04:22:00.000000000,58.9,,46,29.47,10.0,W,15.6,0.0,Overcast,False,False,True,False,True,False,False,False,False,False,False,False,False,Night,Night,Night,Night
SYN-566,Source2,2,2018-11-25 22:25:00.000000000,2018-11-26 04:14:00.000000000,43.223126,-77.558850,,,0.0,Accident on I-90 E at 5th Ave.,I-90 E,Rochester,Monroe,NY,14668,US,US/Eastern,KROC,2018-11-25 21:42:00.000000000,38.4,29.6,83,30.04,10.0,S,20.3,0.35,Rain,False,False,False,False,False,False,False,False,False,False,False,False,False,Night,Night,Night,Night
SYN-567,Source1,2,2021-02-11 14:22:00,2021-02-11 15:25:00,27.899680,-82.385520,,,0.0,Accident on I-95 N at 5th Ave.,I-95 N,Tampa,Hillsborough,FL,33601-1583,US,US/Eastern,KTPA,2021-02-11 14:02:00,65.6,,66,30.39,10.0,SE,8.0,0.07,Light Rain,False,False,True,False,False,False,False,False,False,False,False,True,False,Day,Day,Day,Day
SYN-568,Source2,2,2020-10-25 00:26:00,2020-10-25 03:32:00,47.561073,-122.384169,47.559527,-122.394642,1.056,"Right lane blocked due to accident on Main St, near Elm St.",Main St,Seattle,King,WA,98167,US,US/Pacific,KBFI,2020-10-25 00:12:00,55.1,,90,29.61,10.0,NE,,,Haze,False,False,False,False,False,False,False,False,False,False,False,False,False,Night,Night,Night,Night
SYN-569,Source1,2,2020-05-23 19:50:00,2020-05-23 22:31:00,38.864583,-104.741561,38.860186,-104.755214,1.929,Accident on I-5 N at Park Rd.,I-5 N,Colorado Springs,El Paso,CO,80920,US,US/Mountain,KCOS,2020-05-23 19:20:00,65.1,,79,29.69,3.0,SW,10.9,0.47,Light Rain,True,False,False,False,False,False,False,False,False,False,False,False,False,Night,Day,Day,Day
SYN-570,Source1,3,2017-08-26 03:36:00,2017-08-26 07:25:00,39.974190,-83.044991,,,0.0,Accident on I-90 E at Elm St.,I-90 E,Columbus,Franklin,OH,43202,US,US/Eastern,,2017-08-26 02:57:00,74.6,,81,29.96,10.0,NW,1.2,0.0,Thunderstorm,False,False,False,False,False,False,False,False,False,False,False,False,False,Night,Night,Night,Night
SYN-571,Source2,2,2016-11-19 08:02:00.000000000,2016-11-19 10:21:00.000000000,34.065084,-118.208259,34.071351,-118.203785,3.848,Incident on US-101 S near Elm St. Expect delays.,US-101 S,Los Angeles,Los Angeles,CA,90002-4472,US,US/Pacific,KCQT,2016-11-19 07:52:00.000000000,57.3,,92,29.54,,NNE,,,Overcast,False,False,False,False,False,False,False,False,False,False,False,False,False,Day,Day,Day,Day
SYN-572,Source1,3,2023-01-22 15:50:00.000000000,2023-01-22 20:45:00.000000000,47.651328,-117.486543,,,0.0,Incident on E Washington Ave near Park Rd. Expect delays.,E Washington Ave,Spokane,Spokane,WA,99221-1604,US,US/Pacific,KGEG,2023-01-22 15:38:00.000000000,33.2,25.8,,30.29,10.0,SW,21.8,0.17,Rain,False,False,False,False,False,False,False,False,False,False,False,False,False,Day,Day,Day,Day
SYN-573,Source2,2,2020-01-31 09:10:00,2020-01-31 15:06:00,32.441958,-85.009525,,,0.0,Accident on Broadway at Exit 108.,Broadway,Columbus,Muscogee,GA,31987-5829,US,US/Eastern,KCSG,2020-01-31 08:37:00,49.3,,63,30.23,10.0,NNE,21.2,0.36,Light Rain,False,False,False,False,True,False,False,False,False,False,False,False,False,Day,Day,Day,Day
SYN-574,Source3,2,2020-02-02 03:52:00.000000000,2020-02-02 08:30:00.000000000,32.147384,-110.942936,32.133820,-110.947922,2.326,Incident on I-95 N near Elm St. Expect delays.,I-95 N,Tucson,Pima,AZ,85748-6295,US,US/Mountain,KTUS,2020-02-02 03:32:00.000000000,66.5,,85,29.53,10.0,NW,11.1,0.0,Thunderstorm,False,False,True,False,False,False,False,False,False,False,False,True,False,Night,Night,Night,Night
SYN-575,Source3,2,2017-09-21 15:57:00,2017-09-21 19:39:00,39.066943,-84.482092,39.062543,-84.463088,1.258,"Right lane blocked due to accident on US-101 S, near Exit 12.",US-101 S,Cincinnati,Hamilton,OH,45227-5311,US,US/Eastern,KLUK,2017-09-21 15:31:00,61.9,,40,29.68,5.2,S,14.2,0.36,Rain,False,False,True,False,False,False,False,False,False,False,False,False,False,Day,Day,Day,Day
SYN-576,Source2,2,2020-06-06 13:26:00,2020-06-06 15:40:00,39.172912,-84.573082,,,0.0,Incident on I-5 N near 5th Ave. Expect delays.,I-5 N,Cincinnati,Hamilton,OH,45255-1872,US,US/Eastern,KLUK,2020-06-06 12:43:00,69.9,,59,29.66,0.6,CALM,,,Partly Cloudy,False,False,False,False,False,False,False,False,False,False,False,True,False,Day,Day,Day,Day
SYN-577,Source2,2,2019-07-22 20:56:00,2019-07-23 00:24:00,27.958754,-82.486460,,,0.0,Incident on E Washington Ave near 5th Ave. Expect delays.,E Washington Ave,Tampa,Hillsborough,FL,33651,US,US/Eastern,KTPA,2019-07-22 20:51:00,86.1,,70,29.64,5.5,N,19.1,,Thunderstorm,False,False,False,False,False,False,False,False,True,False,False,False,False,Night,Night,Night,Day
SYN-578,Source2,1,2021-12-24 21:21:00,2021-12-25 02:12:00,29.374917,-98.492520,29.385490,-98.503707,1.620,"Right lane blocked due to accident on I-35 S, near Exit 12.",I-35 S,San Antonio,Bexar,TX,78285-1305,US,US/Central,KSAT,2021-12-24 20:58:00,54.9,,24,,3.6,VAR,3.2,,Fair,False,False,False,False,True,False,False,False,False,False,False,False,False,Night,Night,Night,Night
SYN-579,Source2,2,2022-04-22 12:24:00.000000000,2022-04-22 13:33:00.000000000,33.460965,-112.057106,,,0.0,Lane blocked due to accident on I-71 N.,I-71 N,Phoenix,Maricopa,AZ,85041,US,US/Mountain,KPHX,2022-04-22 12:05:00.000000000,83.0,,30,29.62,1.3,N,21.6,,Thunderstorm,False,False,False,False,False,False,False,True,False,False,False,False,False,Day,Day,Day,Day
SYN-580,Source1,2,2021-06-15 05:57:00,2021-06-15 08:59:00,42.824956,-78.879808,42.832420,-78.871076,2.371,Lane blocked due to accident on Highway 99.,Highway 99,Buffalo,Erie,NY,14288,US,US/Eastern,KBUF,2021-06-15 05:25:00,75.3,,59,30.35,10.0,VAR,14.9,,Clear,False,False,False,False,True,False,False,False,False,False,False,False,False,Night,Night,Night,Day
SYN-581,Source3,2,2023-02-10 10:23:00,2023-02-10 15:16:00,38.784080,-104.744593,,,0.0,"Right lane blocked due to accident on Highway 99, near Exit 108.",Highway 99,Colorado Springs,El Paso,CO,80995,US,US/Mountain,KCOS,2023-02-10 10:15:00,29.7,28.9,37,29.84,10.0,S,18.7,,Overcast,False,False,False,False,True,False,False,False,False,False,False,False,False,Day,Day,Day,Day
SYN-582,Source1,2,2019-10-19 07:04:00,2019-10-19 11:43:00,39.742318,-104.937155,,,0.0,Accident on Main St at Oak St.,Main St,Denver,Denver,CO,80295-6537,US,,KDEN,2019-10-19 06:26:00,55.3,,38,30.29,4.8,N,19.1,0.0,Cloudy,False,False,True,False,False,False,False,False,False,False,False,False,False,Day,Day,Day,Day
SYN-583,Source1,2,2020-06-17 23:08:00.000000000,2020-06-18 02:50:00.000000000,39.673844,-105.027223,,,0.0,Incident on E Washington Ave near 5th Ave. Expect delays.,E Washington Ave,Denver,Denver,CO,80237-8702,US,US/Mountain,KDEN,2020-06-17 22:41:00.000000000,66.8,,55,,10.0,SE,11.4,,Thunderstorm,False,False,False,False,True,False,False,False,False,False,False,False,False,Night,Night,Night,Night
SYN-584,Source2,4,2019-11-22 02:03:00.000000000,2019-11-22 02:51:00.000000000,32.847668,-96.845614,,,0.0,Lane blocked due to accident on N High St.,N High St,Dallas,Dallas,TX,75206,US,US/Central,KDAL,2019-11-22 01:17:00.000000000,67.4,,84,29.87,10.0,SE,,0.0,Overcast,False,False,False,False,False,False,False,False,False,False,False,False,False,Night,Night,Night,Night
SYN-585,Source2,2,2016-06-14 20:58:00,2016-06-14 23:16:00,29.763176,-95.321019,,,0.0,Incident on I-35 S near Oak St. Expect delays.,I-35 S,Houston,Harris,TX,77039-4359,US,US/Central,KHOU,2016-06-14 20:57:00,84.4,,81,29.22,10.0,NE,,0.0,Partly Cloudy,False,False,False,False,True,False,False,False,False,False,False,False,False,Night,Night,Night,Day
SYN-586,Source3,4,2019-01-29 23:54:00,2019-01-30 03:21:00,32.725174,-117.176059,32.737583,-117.177990,1.828,Lane blocked due to accident on I-90 E.,I-90 E,San Diego,San Diego,CA,92197,US,US/Pacific,KSAN,2019-01-29 23:53:00,59.5,,60,29.77,10.0,NNE,20.1,,Overcast,False,False,False,False,False,False,False,False,False,False,False,False,False,Night,Night,Night,Night
SYN-587,Source1,2,2018-06-16 22:41:00,2018-06-17 02:08:00,33.743209,-84.356807,33.746619,-84.374758,2.793,"Right lane blocked due to accident on I-71 N, near Park Rd.",I-71 N,Atlanta,Fulton,GA,30356,US,US/Eastern,,2018-06-16 22:08:00,84.5,,22,30.35,10.0,SE,23.0,0.09,Heavy Rain,False,False,False,False,False,False,False,False,False,False,False,False,False,Night,Night,Night,Night
SYN-588,Source2,1,2019-10-23 16:49:00.000000000,2019-10-23 18:42:00.000000000,47.626733,-117.490626,,,0.0,Incident on I-5 N near Oak St. Expect delays.,I-5 N,Spokane,Spokane,WA,99237,US,US/Pacific,KGEG,2019-10-23 16:46:00.000000000,58.2,,71,29.86,10.0,E,,,Clear,False,False,False,False,False,False,False,False,False,False,False,False,False,Day,Day,Day,Day
SYN-589,Source2,3,2023-02-06 09:57:00.000000000,2023-02-06 11:01:00.000000000,29.430733,-98.527708,29.428442,-98.509307,3.491,"Right lane blocked due to accident on Highway 99, near Park Rd.",Highway 99,San Antonio,Bexar,TX,78210,US,US/Central,KSAT,2023-02-06 09:30:00.000000000,48.3,,57,30.49,10.0,S,12.7,,Thunderstorm,False,False,False,False,False,False,False,False,False,False,False,False,False,Day,Day,Day,Day
SYN-590,Source3,2,2019-04-05 01:24:00.000000000,2019-04-05 02:10:00.000000000,40.655264,-74.079918,,,0.0,Incident on I-75 S near Exit 12. Expect delays.,I-75 S,New York,New York,NY,10069-8570,US,US/Eastern,KNYC,2019-04-05 00:35:00.000000000,45.6,,99,29.98,10.0,SW,5.9,,Fair,False,False,False,False,False,False,False,False,True,False,False,False,False,Night,Night,Night,Night
SYN-591,Source1,3,2022-11-28 12:34:00,2022-11-28 18:02:00,39.145566,-84.490410,,,0.0,Lane blocked due to accident on E Washington Ave.,E Washington Ave,Cincinnati,Hamilton,OH,45252,US,US/Eastern,KLUK,2022-11-28 12:20:00,34.0,,89,29.91,6.1,CALM,7.7,,Partly Cloudy,False,False,False,False,False,False,False,False,False,False,False,False,False,Day,Day,Day,Day
SYN-592,Source1,3,2023-03-15 11:56:00,2023-03-15 16:06:00,43.130813,-77.529251,43.147535,-77.517776,0.996,Accident on I-71 N at Exit 108.,I-71 N,Rochester,Monroe,NY,14610,US,US/Eastern,KROC,2023-03-15 11:27:00,38.9,35.7,91,29.38,10.0,NW,0.2,0.01,Rain,False,False,False,False,False,False,False,False,False,False,False,False,False,Day,Day,Day,Day
SYN-593,Source1,2,2017-05-06 20:11:00,2017-05-07 00:27:00,33.439902,-112.067891,,,0.0,"Right lane blocked due to accident on Highway 99, near 5th Ave.",Highway 99,Phoenix,Maricopa,AZ,85012,US,US/Mountain,KPHX,,79.9,,98,29.90,5.0,S,3.2,0.0,Thunderstorm,False,False,False,False,False,False,False,False,False,False,False,False,False,Night,Night,Night,Day
SYN-594,Source1,2,2019-09-01 13:13:00,2019-09-01 17:06:00,29.805042,-95.415382,,,0.0,Accident on US-101 S at Park Rd.,US-101 S,Houston,Harris,TX,77027,US,US/Central,KHOU,2019-09-01 13:02:00,75.8,,81,29.73,3.6,S,1.6,0.0,Cloudy,False,False,False,False,False,False,False,False,False,False,False,False,False,Day,Day,Day,Day
SYN-595,Source1,2,2018-02-13 15:17:00,2018-02-13 19:41:00,39.793656,-105.061446,39.781614,-105.079902,2.229,"Right lane blocked due to accident on N High St, near Elm St.",N High St,Denver,Denver,CO,80287,US,US/Mountain,KDEN,2018-02-13 15:12:00,32.4,23.7,37,29.77,6.0,NE,16.8,,Haze,False,False,False,False,False,False,False,False,False,False,False,False,False,Day,Day,Day,Day
SYN-596,Source2,1,2019-10-11 23:47:00,2019-10-12 05:31:00,32.841422,-96.810168,32.833995,-96.792861,0.457,Lane blocked due to accident on I-70 E.,I-70 E,Dallas,Dallas,TX,75232,US,US/Central,KDAL,2019-10-11 23:00:00,73.2,,22,29.41,9.4,E,20.1,0.0,Haze,False,False,False,False,False,False,False,False,False,False,False,False,False,Night,Night,Night,Night
SYN-597,Source3,2,2016-11-14 04:13:00,2016-11-14 05:08:00,41.483185,-81.728195,41.495687,-81.746631,0.397,Accident on US-101 S at Oak St.,US-101 S,Cleveland,Cuyahoga,OH,44163,US,US/Eastern,KCLE,2016-11-14 03:35:00,47.7,,55,30.30,4.4,NW,23.1,,Clear,False,False,False,False,False,False,False,False,False,False,False,False,False,Night,Night,Night,Night
SYN-598,Source2,2,2019-10-22 19:17:00,2019-10-22 19:45:00,32.250910,-111.000770,32.249584,-111.010350,1.250,"Right lane blocked due to accident on I-10 W, near Exit 108.",I-10 W,Tucson,Pima,AZ,85755,US,US/Mountain,KTUS,2019-10-22 18:55:00,82.2,,26,29.27,10.0,NW,14.0,0.17,Light Rain,False,False,False,False,True,False,False,False,False,False,False,False,False,Night,Day,Day,Day
SYN-599,Source3,2,2019-07-08 08:14:00.000000000,2019-07-08 09:04:00.000000000,29.704672,-95.371693,,,0.0,Lane blocked due to accident on State Route 4.,State Route 4,Houston,Harris,TX,77040,US,US/Central,KHOU,2019-07-08 07:57:00.000000000,82.5,,83,29.44,10.0,NW,14.5,,Haze,False,False,False,False,False,False,False,False,False,False,False,True,False,Day,Day,Day,Day
SYN-600,Source1,2,2017-07-09 06:14:00.000000000,2017-07-09 08:27:00.000000000,29.460267,-98.521336,,,0.0,Incident on Broadway near Oak St. Expect delays.,Broadway,San Antonio,Bexar,TX,78289,US,US/Central,KSAT,2017-07-09 05:44:00.000000000,86.5,,83,29.49,10.0,S,8.7,0.0,Haze,False,False,False,True,False,False,False,False,False,False,False,False,False,Night,Day,Day,Day
SYN-601,Source1,3,2020-03-24 13:29:00,2020-03-24 15:02:00,38.507243,-121.497843,,,0.0,Lane blocked due to accident on US-101 S.,US-101 S,Sacramento,Sacramento,CA,95889-7400,US,US/Pacific,KSAC,2020-03-24 12:50:00,65.7,,50,30.10,10.0,NE,,0.0,Haze,False,False,False,False,False,False,False,False,False,False,False,False,False,Day,Day,Day,Day
SYN-602,Source3,2,2021-05-12 04:21:00,2021-05-12 05:17:00,30.237782,-97.684506,30.235297,-97.682978,0.761,"Right lane blocked due to accident on I-90 E, near Oak St.",I-90 E,Austin,Travis,TX,78765,US,US/Central,KAUS,2021-05-12 04:05:00,73.1,,22,29.26,10.0,NE,19.1,,Thunderstorm,False,False,False,False,False,False,False,False,False,False,False,False,False,Night,Night,Night,Night
SYN-603,Source1,2,2017-10-18 14:28:00,2017-10-18 18:41:00,41.458276,-81.755038,,,0.0,Incident on Main St near Exit 12. Expect delays.,Main St,Cleveland,Cuyahoga,OH,44137,US,US/Eastern,KCLE,2017-10-18 14:19:00,46.1,43.4,28,29.83,10.0,NE,10.9,0.19,Rain,False,False,False,False,False,False,False,False,True,False,False,False,False,Day,Day,Day,Day
SYN-604,Source2,2,2016-06-27 10:09:00,2016-06-27 15:39:00,37.326553,-121.871626,,,0.0,Incident on I-71 N near Exit 108. Expect delays.,I-71 N,San Jose,Santa Clara,CA,95154,US,US/Pacific,KSJC,2016-06-27 09:53:00,79.3,,68,30.19,10.0,E,10.6,,Thunderstorm,False,False,False,False,False,False,False,False,False,False,False,False,False,Day,Day,Day,Day
SYN-605,Source3,3,2020-07-29 06:38:00,2020-07-29 07:18:00,40.002752,-82.952028,40.015769,-82.959063,0.369,"Right lane blocked due to accident on I-10 W, near Exit 12.",I-10 W,Columbus,Franklin,OH,43228,US,US/Eastern,KCMH,2020-07-29 06:29:00,80.3,,66,29.26,10.0,NE,12.5,0.11,Heavy Rain,False,False,False,False,False,False,False,False,False,False,False,False,False,Night,Day,Day,Day
SYN-606,Source2,2,2016-03-16 08:48:00,2016-03-16 12:02:00,39.720033,-84.263624,39.732256,-84.255712,1.267,"Right lane blocked due to accident on I-90 E, near Exit 108.",I-90 E,Dayton,Montgomery,OH,45456-2931,US,US/Eastern,KDAY,2016-03-16 08:26:00,36.9,,23,30.09,10.0,NW,14.0,,Cloudy,False,False,True,False,True,False,False,False,False,False,False,True,False,Day,Day,Day,Day
SYN-607,Source1,2,2016-03-09 16:10:00,2016-03-09 20:24:00,43.178435,-77.667417,,,0.0,"Right lane blocked due to accident on I-70 E, near Exit 108.",I-70 E,Rochester,Monroe,NY,14682-8436,US,US/Eastern,KROC,2016-03-09 15:37:00,48.2,,60,29.36,10.0,N,,0.0,Mostly Cloudy,False,False,True,False,True,False,False,False,False,False,False,False,False,Day,Day,Day,Day
SYN-608,Source1,2,2018-03-04 09:27:00,2018-03-04 11:32:00,34.024719,-118.247813,,,0.0,Lane blocked due to accident on I-71 N.,I-71 N,Los Angeles,Los Angeles,CA,90078-8973,US,US/Pacific,KCQT,2018-03-04 09:15:00,60.2,,77,29.64,10.0,N,1.6,0.0,Mostly Cloudy,False,False,True,False,False,False,False,False,False,False,False,False,False,Day,Day,Day,Day
SYN-609,Source2,2,2022-11-12 16:33:00.000000000,2022-11-12 16:56:00.000000000,39.670783,-105.054255,,,0.0,Incident on Broadway near Oak St. Expect delays.,Broadway,Denver,Denver,CO,80203,US,US/Mountain,KDEN,2022-11-12 16:28:00.000000000,39.7,35.0,49,30.25,10.0,CALM,7.5,0.0,Haze,False,False,True,False,False,False,False,False,False,False,False,False,False,Day,Day,Day,Day
SYN-610,Source2,2,2019-11-20 00:48:00,2019-11-20 04:07:00,37.340986,-121.913922,37.341334,-121.929941,3.826,Accident on I-35 S at 5th Ave.,I-35 S,San Jose,Santa Clara,CA,95141,US,US/Pacific,KSJC,2019-11-20 00:01:00,64.2,,59,29.75,10.0,NW,17.5,,Fog,False,False,False,False,False,False,False,False,False,False,False,False,False,Night,Night,Night,Night
SYN-611,Source2,2,2017-02-25 23:53:00,2017-02-26 01:25:00,47.730798,-117.355779,,,0.0,Incident on Highway 99 near Exit 108. Expect delays.,Highway 99,Spokane,Spokane,WA,99298,US,US/Pacific,KGEG,2017-02-25 23:16:00,43.3,38.1,81,30.47,2.0,S,15.4,,Thunderstorm,False,False,False,False,False,False,False,False,False,False,False,False,False,Night,Night,Night,Night
SYN-612,Source3,2,2017-05-14 05:20:00,2017-05-14 10:04:00,41.420548,-81.724418,41.427693,-81.705094,3.884,Incident on I-70 E near Oak St. Expect delays.,I-70 E,Cleveland,Cuyahoga,OH,44112,US,US/Eastern,KCLE,2017-05-14 05:03:00,,,62,,10.0,SE,0.1,,Thunderstorm,False,False,False,False,False,False,False,False,False,False,False,True,False,Night,Night,Night,Day
SYN-613,Source1,2,2020-06-11 05:52:00,2020-06-11 11:42:00,41.516756,-81.645168,,,0.0,Accident on I-5 N at 5th Ave.,I-5 N,Cleveland,Cuyahoga,OH,44162,US,US/Eastern,KCLE,2020-06-11 05:17:00,76.3,,23,,10.0,W,,,Cloudy,False,False,False,False,False,False,False,False,False,False,False,False,False,Night,Night,Night,Day
SYN-614,Source2,2,2022-12-31 10:59:00.000000000,2022-12-31 16:11:00.000000000,37.356797,-121.846533,37.366151,-121.854003,3.553,Incident on I-35 S near Park Rd. Expect delays.,I-35 S,San Jose,Santa Clara,CA,95152-8685,US,US/Pacific,,2022-12-31 10:18:00.000000000,52.8,,72,30.27,10.0,E,,,Thunderstorm,False,False,False,False,False,False,False,False,False,False,False,False,False,Day,Day,Day,Day
SYN-615,Source1,2,2017-04-05 03:06:00.000000000,2017-04-05 05:03:00.000000000,40.675308,-74.082881,40.676850,-74.068902,2.997,Lane blocked due to accident on Market St.,Market St,New York,New York,NY,10087-9418,US,US/Eastern,KNYC,2017-04-05 03:02:00.000000000,45.9,,71,,,N,22.0,,Haze,False,False,False,False,True,False,False,False,False,False,False,False,False,Night,Night,Night,Night
SYN-616,Source1,2,2022-09-09 22:32:00,2022-09-10 02:24:00,37.407189,-121.818561,37.413694,-121.799352,1.235,Incident on I-10 W near Exit 12. Expect delays.,I-10 W,San Jose,Santa Clara,CA,95158,US,US/Pacific,KSJC,2022-09-09 21:45:00,75.2,,56,29.55,10.0,SW,8.2,0.0,Mostly Cloudy,False,False,False,False,False,False,False,False,False,False,False,False,False,Night,Night,Night,Night
SYN-617,Source1,2,2021-01-19 23:40:00.000000000,2021-01-20 03:22:00.000000000,25.761804,-80.179592,,,0.0,"Right lane blocked due to accident on I-5 N, near Exit 12.",I-5 N,Miami,Miami-Dade,FL,33156-9163,US,US/Eastern,KMIA,2021-01-19 23:23:00.000000000,64.9,,91,29.89,10.0,NE,1.9,0.0,Overcast,False,False,False,False,False,False,False,False,False,False,False,False,False,Night,Night,Night,Night
SYN-618,Source1,2,2017-07-20 20:39:00,2017-07-20 22:09:00,32.644300,-117.196228,,,0.0,Lane blocked due to accident on Market St.,Market St,San Diego,San Diego,CA,92188-4447,US,US/Pacific,KSAN,2017-07-20 20:19:00,81.1,,93,29.89,10.0,VAR,14.3,,Cloudy,False,False,False,False,False,False,False,False,False,False,False,False,False,Night,Night,Night,Day
SYN-619,Source3,2,2018-04-06 21:16:00,2018-04-06 22:53:00,34.030678,-118.311890,,,0.0,"Right lane blocked due to accident on I-35 S, near Exit 108.",I-35 S,Los Angeles,Los Angeles,CA,90062-2320,US,US/Pacific,KCQT,2018-04-06 21:14:00,70.5,,66,30.00,8.5,NW,18.7,0.11,Light Rain,False,False,False,False,False,False,False,False,False,False,False,False,False,Night,Night,Night,Night
SYN-620,Source1,3,2018-06-08 15:25:00,2018-06-08 18:33:00,30.319080,-97.671167,,,0.0,Accident on I-71 N at Exit 108.,I-71 N,Austin,Travis,TX,78768,US,US/Central,KAUS,2018-06-08 14:41:00,86.8,,40,29.48,7.0,W,23.1,0.0,Fog,False,False,True,False,False,False,True,False,False,False,False,False,False,Day,Day,Day,Day
SYN-621,Source2,2,2018-07-14 15:51:00,2018-07-14 19:16:00,28.518112,-81.456761,,,0.0,"Right lane blocked due to accident on I-35 S, near 5th Ave.",I-35 S,Orlando,Orange,FL,32855-7909,US,US/Eastern,KORL,2018-07-14 15:17:00,75.9,,99,29.23,2.8,E,3.9,,Haze,False,False,False,False,False,False,False,False,False,False,False,False,False,Day,Day,Day,Day
SYN-622,Source1,4,2021-12-06 22:45:00,2021-12-07 01:07:00,38.628066,-121.564865,,,0.0,Lane blocked due to accident on US-101 S.,US-101 S,Sacramento,Sacramento,CA,95837-8007,US,US/Pacific,KSAC,2021-12-06 22:09:00,52.2,,96,30.44,10.0,S,7.1,,Thunderstorm,False,False,False,False,False,False,False,False,False,False,False,False,False,Night,Night,Night,Night
SYN-623,Source3,2,2020-09-03 12:41:00,2020-09-03 17:52:00,39.761579,-105.013490,39.775282,-105.031800,1.872,Lane blocked due to accident on US-101 S.,US-101 S,Denver,Denver,CO,80248,US,US/Mountain,KDEN,2020-09-03 12:02:00,66.7,,36,29.51,10.0,E,13.5,,Fair,False,False,False,False,False,False,False,False,False,False,False,False,False,Day,Day,Day,Day
SYN-624,Source1,4,2022-01-05 05:19:00,2022-01-05 07:08:00,39.768300,-104.931680,39.756265,-104.924919,3.860,"Right lane blocked due to accident on Main St, near Exit 12.",Main St,Denver,Denver,CO,80270,US,US/Mountain,KDEN,2022-01-05 04:34:00,32.3,26.7,28,29.23,10.0,S,3.5,,,False,False,False,False,False,False,False,False,False,False,False,False,False,Night,Night,Night,Day
SYN-625,Source3,2,2022-06-19 17:43:00.000000000,2022-06-19 22:07:00.000000000,41.535011,-81.759217,,,0.0,"Right lane blocked due to accident on I-10 W, near Elm St.",I-10 W,Cleveland,Cuyahoga,OH,44186,US,US/Eastern,KCLE,2022-06-19 17:29:00.000000000,70.5,,26,29.77,5.1,E,7.7,,Haze,False,False,False,False,False,False,False,False,False,False,False,True,False,Day,Day,Day,Day
SYN-626,Source1,2,2021-12-14 17:22:00,2021-12-14 20:17:00,28.563344,-81.403278,28.558830,-81.408471,0.932,Lane blocked due to accident on I-90 E.,I-90 E,Orlando,Orange,FL,32839,US,US/Eastern,,2021-12-14 17:00:00,66.6,,,30.00,10.0,SE,6.2,0.0,Fog,False,False,False,False,True,False,False,False,False,False,False,False,False,Day,Day,Day,Day
SYN-627,Source1,3,2017-12-22 16:56:00,2017-12-22 20:43:00,39.038180,-84.469756,,,0.0,"Right lane blocked due to accident on I-70 E, near Exit 12.",I-70 E,Cincinnati,Hamilton,OH,45291,US,US/Eastern,KLUK,2017-12-22 16:14:00,28.8,20.2,31,29.94,10.0,,5.6,0.49,Rain,False,False,False,False,False,False,False,False,False,False,False,False,False,Day,Day,Day,Day
SYN-628,Source3,2,2021-06-22 00:22:00,2021-06-22 02:22:00,41.424706,-81.724017,41.425404,-81.737989,1.204,Incident on I-10 W near Exit 12. Expect delays.,I-10 W,Cleveland,Cuyahoga,OH,44124,US,US/Eastern,KCLE,2021-06-22 00:12:00,66.4,,73,30.39,3.3,VAR,19.1,0.15,Heavy Rain,False,False,False,False,False,False,False,False,False,True,False,False,False,Night,Night,Night,Night
SYN-629,Source3,2,2019-06-23 02:48:00,2019-06-23 04:17:00,37.268711,-121.824905,,,0.0,Incident on I-95 N near Park Rd. Expect delays.,I-95 N,San Jose,Santa Clara,CA,95138-4903,US,US/Pacific,KSJC,2019-06-23 02:12:00,68.4,,36,29.36,10.0,W,3.8,,Clear,False,False,False,False,False,False,False,True,False,False,False,False,False,Night,Night,Night,Night
SYN-630,Source1,2,2022-10-27 21:27:00.000000000,2022-10-28 02:06:00.000000000,40.005496,-83.037707,,,0.0,Incident on US-101 S near Park Rd. Expect delays.,US-101 S,Columbus,Franklin,OH,43267,US,US/Eastern,KCMH,2022-10-27 21:24:00.000000000,47.2,39.5,66,30.40,10.0,,3.0,0.0,Haze,False,False,False,False,False,False,False,False,False,False,False,True,False,Night,Night,Night,Night
SYN-631,Source2,4,2021-03-07 15:47:00,2021-03-07 18:03:00,32.795066,-117.169823,,,0.0,Incident on State Route 4 near Oak St. Expect delays.,State Route 4,San Diego,San Diego,CA,92152-9103,US,US/Pacific,KSAN,2021-03-07 15:42:00,61.6,,84,29.81,10.0,SE,18.3,,Cloudy,False,False,False,False,False,False,False,False,False,False,False,True,False,Day,Day,Day,Day
SYN-632,Source2,2,2021-01-09 23:29:00.000000000,2021-01-09 23:50:00.000000000,25.840376,-80.151969,25.821405,-80.163618,0.380,Accident on I-90 E at Exit 108.,I-90 E,Miami,Miami-Dade,FL,33175,US,US/Eastern,KMIA,2021-01-09 22:53:00.000000000,62.9,,90,29.74,10.0,SE,18.1,0.0,Haze,False,False,False,False,False,False,False,False,False,False,False,False,False,Night,Night,Night,Night
SYN-633,Source2,2,2019-06-18 18:52:00.000000000,2019-06-18 22:28:00.000000000,32.663783,-117.148275,,,0.0,"Right lane blocked due to accident on US-101 S, near Elm St.",US-101 S,San Diego,San Diego,CA,92169-7660,US,US/Pacific,,2019-06-18 18:13:00.000000000,68.3,,62,30.18,10.0,SW,11.5,,Fair,False,False,False,False,False,False,False,False,False,False,False,False,False,Day,Day,Day,Day
SYN-634,Source3,2,2022-06-26 19:47:00,2022-06-26 22:56:00,29.757549,-95.408545,29.747703,-95.414223,2.193,Lane blocked due to accident on Broadway.,Broadway,Houston,Harris,TX,77094-4400,US,US/Central,KHOU,2022-06-26 19:02:00,87.2,,81,29.21,3.1,CALM,0.4,0.35,Heavy Rain,False,False,False,True,False,False,False,False,False,False,False,False,False,Night,Day,Day,Day
SYN-635,Source2,2,2023-03-04 15:02:00,2023-03-04 20:18:00,37.389158,-121.865853,37.403151,-121.875778,3.410,Lane blocked due to accident on I-90 E.,I-90 E,San Jose,Santa Clara,CA,95194-1387,US,US/Pacific,KSJC,2023-03-04 14:24:00,60.2,,87,30.22,10.0,NW,3.2,0.0,Cloudy,False,False,False,False,False,False,False,False,False,False,False,True,False,Day,Day,Day,Day
SYN-636,Source1,2,2020-01-10 02:58:00,2020-01-10 05:01:00,33.514463,-112.131649,33.524307,-112.117726,0.733,Accident on State Route 4 at Exit 108.,State Route 4,Phoenix,Maricopa,AZ,85093,US,US/Mountain,KPHX,2020-01-10 02:32:00,48.9,,42,29.77,9.0,W,21.2,0.28,Heavy Rain,False,False,False,False,False,False,False,False,False,False,False,False,False,Night,Night,Night,Night
SYN-637,Source2,3,2016-12-06 18:08:00.000000000,2016-12-06 22:14:00.000000000,28.003304,-82.482005,,,0.0,Incident on I-95 N near Elm St. Expect delays.,I-95 N,Tampa,Hillsborough,FL,33645,US,US/Eastern,KTPA,2016-12-06 17:54:00.000000000,69.3,,,29.31,10.0,E,14.8,0.40,Light Rain,False,False,False,False,False,False,False,False,False,False,False,True,False,Day,Day,Day,Day
SYN-638,Source1,2,2016-09-25 15:00:00.000000000,2016-09-25 16:15:00.000000000,47.538884,-122.268035,47.551106,-122.266308,0.946,Accident on Market St at Oak St.,Market St,Seattle,King,WA,98121,US,US/Pacific,KBFI,2016-09-25 14:38:00.000000000,70.0,,85,,10.0,CALM,2.8,0.00,Light Rain,False,False,False,False,False,False,False,False,False,False,False,False,False,Day,Day,Day,Day
SYN-639,Source3,3,2019-03-19 04:34:00.000000000,2019-03-19 07:55:00.000000000,29.473159,-98.473596,,,0.0,Lane blocked due to accident on I-71 N.,I-71 N,San Antonio,Bexar,TX,78261,US,US/Central,KSAT,2019-03-19 04:13:00.000000000,59.1,,68,29.76,10.0,SE,3.4,0.25,Rain,False,False,False,False,False,False,False,False,False,False,False,False,False,Night,Night,Night,Night
SYN-640,Source3,2,2021-02-01 19:57:00.000000000,2021-02-02 00:16:00.000000000,43.083478,-77.681694,,,0.0,Incident on Market St near Elm St. Expect delays.,Market St,Rochester,Monroe,NY,14660,US,US/Eastern,KROC,2021-02-01 19:09:00.000000000,35.8,27.3,39,29.40,10.0,,11.4,0.0,Cloudy,False,False,False,False,False,False,False,False,False,False,False,False,False,Night,Day,Day,Day
SYN-641,Source3,2,2017-04-11 05:40:00,2017-04-11 07:04:00,28.575202,-81.377394,,,0.0,"Right lane blocked due to accident on US-101 S, near Park Rd.",US-101 S,Orlando,Orange,FL,32897,US,US/Eastern,KORL,2017-04-11 05:20:00,79.5,,42,30.31,10.0,N,3.2,0.42,Light Rain,False,False,False,False,False,False,False,False,False,False,False,False,False,Night,Night,Night,Day
SYN-642,Source2,2,2020-03-13 16:48:00,2020-03-13 22:37:00,40.766081,-74.027185,40.775574,-74.015461,3.169,Incident on I-75 S near Elm St. Expect delays.,I-75 S,New York,New York,NY,10078,US,US/Eastern,KNYC,2020-03-13 16:04:00,41.3,,55,30.01,10.0,W,17.6,,Fog,True,False,True,False,False,False,False,False,False,False,False,False,False,Day,Day,Day,Day
SYN-643,Source1,2,2022-04-13 06:02:00,2022-04-13 08:23:00,33.441834,-112.139751,,,0.0,Incident on I-90 E near 5th Ave. Expect delays.,I-90 E,Phoenix,Maricopa,AZ,85088-9548,US,US/Mountain,KPHX,2022-04-13 05:50:00,82.5,,47,29.59,10.0,SE,6.9,,Clear,False,False,False,False,False,False,False,False,False,False,False,False,False,Night,Day,Day,Day
SYN-644,Source1,2,2019-07-07 15:22:00,2019-07-07 17:41:00,25.750949,-80.156875,25.749745,-80.166621,3.411,"Right lane blocked due to accident on I-70 E, near 5th Ave.",I-70 E,Miami,Miami-Dade,FL,33115-3001,US,US/Eastern,KMIA,2019-07-07 15:13:00,77.6,,64,29.83,10.0,NE,5.5,0.0,Partly Cloudy,False,False,False,False,False,False,False,False,False,False,False,False,False,Day,Day,Day,Day
SYN-645,Source3,3,2018-12-29 17:32:00,2018-12-29 20:34:00,39.915781,-83.033240,,,0.0,Lane blocked due to accident on I-70 E.,I-70 E,Columbus,Franklin,OH,43228,US,US/Eastern,KCMH,2018-12-29 17:11:00,30.8,,88,29.49,4.2,NE,12.1,,Haze,False,False,False,False,True,False,False,False,False,False,False,False,False,Day,Day,Day,Day
SYN-646,Source3,3,2017-12-15 02:46:00,2017-12-15 05:25:00,29.737593,-95.357455,29.736212,-95.367919,0.456,Lane blocked due to accident on E Washington Ave.,E Washington Ave,Houston,Harris,TX,77094,US,US/Central,KHOU,2017-12-15 02:28:00,47.9,,92,29.67,10.0,E,15.0,0.38,Rain,False,False,False,False,False,False,False,False,False,False,False,False,False,Night,,Night,Night
SYN-647,Source1,3,2021-07-05 01:38:00,2021-07-05 04:45:00,33.431637,-112.105933,,,0.0,Incident on Market St near Exit 12. Expect delays.,Market St,Phoenix,Maricopa,AZ,85047,US,US/Mountain,KPHX,2021-07-05 01:15:00,98.3,,31,30.35,10.0,SE,,,Clear,False,False,False,False,False,False,False,False,False,False,False,False,False,Night,Night,,Night
SYN-648,Source2,2,2021-09-12 14:48:00.000000000,2021-09-12 19:04:00.000000000,32.850789,-96.824636,,,0.0,"Right lane blocked due to accident on State Route 4, near 5th Ave.",State Route 4,Dallas,Dallas,TX,75220,US,US/Central,KDAL,2021-09-12 14:26:00.000000000,,,32,30.38,10.0,NE,,0.38,Rain,False,False,False,False,False,True,False,False,False,False,False,False,False,Day,Day,Day,Day
SYN-649,Source3,3,2020-11-12 00:16:00,2020-11-12 02:22:00,47.649123,-117.369220,47.647952,-117.355402,1.889,Incident on N High St near Park Rd. Expect delays.,N High St,Spokane,Spokane,WA,99266,US,US/Pacific,KGEG,2020-11-12 00:15:00,54.9,,41,29.82,10.0,VAR,24.7,,Fair,False,False,False,False,False,False,False,False,False,False,False,False,False,Night,Night,Night,Night
SYN-650,Source3,2,2021-06-05 04:29:00,2021-06-05 07:50:00,37.353001,-121.836265,,,0.0,Lane blocked due to accident on I-5 N.,I-5 N,San Jose,Santa Clara,CA,95190,US,US/Pacific,KSJC,2021-06-05 04:20:00,76.4,,66,29.81,10.0,E,16.3,,Thunderstorm,False,False,False,False,False,False,False,False,False,False,False,False,False,Night,Night,Night,Night
SYN-651,Source2,1,2018-02-05 11:19:00,2018-02-05 13:25:00,30.273076,-97.769353,,,0.0,Accident on I-10 W at Oak St.,I-10 W,Austin,Travis,TX,78715,US,US/Central,KAUS,2018-02-05 11:05:00,56.0,,33,30.43,10.0,NW,24.1,0.42,Heavy Rain,False,False,False,False,False,False,False,False,False,False,False,False,False,Day,Day,Day,Day
SYN-652,Source2,2,2017-10-11 02:36:00,2017-10-11 08:16:00,32.289995,-110.981454,32.271938,-110.968569,1.971,"Right lane blocked due to accident on I-10 W, near Exit 12.",I-10 W,Tucson,Pima,AZ,85782,US,US/Mountain,KTUS,2017-10-11 02:30:00,76.0,,75,30.08,10.0,SE,22.3,,Partly Cloudy,False,False,False,False,False,False,False,False,False,False,False,False,False,Night,Night,Night,Night
SYN-653,Source2,2,2017-02-24 12:09:00.000000000,2017-02-24 14:19:00.000000000,29.695520,-95.439990,29.694610,-95.432379,2.366,Lane blocked due to accident on US-101 S.,US-101 S,Houston,Harris,TX,77052,US,US/Central,,2017-02-24 11:39:00.000000000,53.8,,94,29.25,10.0,E,3.0,0.03,Rain,False,False,False,False,False,False,False,False,False,False,False,True,False,Day,Day,Day,Day
SYN-654,Source3,3,2022-10-15 03:19:00.000000000,2022-10-15 03:46:00.000000000,30.323413,-97.706090,30.333564,-97.694647,2.651,"Right lane blocked due to accident on Highway 99, near 5th Ave.",Highway 99,Austin,Travis,TX,78703-4691,US,US/Central,KAUS,2022-10-15 02:40:00.000000000,69.7,,23,30.02,,N,11.6,0.0,Overcast,False,False,False,False,False,False,False,False,False,False,False,False,False,Night,Night,Night,Night
SYN-655,Source1,2,2018-11-08 03:51:00,2018-11-08 08:41:00,38.502999,-121.458218,38.514137,-121.439740,0.839,Accident on N High St at 5th Ave.,N High St,Sacramento,Sacramento,CA,95810,US,US/Pacific,KSAC,2018-11-08 03:45:00,68.2,,55,29.70,10.0,CALM,8.7,,Cloudy,False,False,False,False,False,False,False,False,False,False,False,False,False,Night,Night,Night,Night
SYN-656,Source2,2,2017-12-26 23:29:00.000000000,2017-12-27 02:07:00.000000000,29.416556,-98.441010,29.405700,-98.453396,2.846,Accident on Broadway at Exit 108.,Broadway,San Antonio,Bexar,TX,78257-3785,US,US/Central,KSAT,2017-12-26 23:10:00.000000000,46.8,37.1,57,29.53,10.0,,,,Overcast,False,False,False,False,False,False,False,False,True,False,False,False,False,Night,Night,Night,
SYN-657,Source3,2,2019-09-05 04:52:00.000000000,2019-09-05 09:36:00.000000000,32.754379,-96.773584,32.759823,-96.771006,2.946,Incident on Broadway near Park Rd. Expect delays.,Broadway,Dallas,Dallas,TX,75296,US,US/Central,KDAL,2019-09-05 04:35:00.000000000,75.6,,94,30.26,10.0,E,13.9,0.0,Thunderstorm,False,False,False,False,False,False,False,False,True,False,False,False,False,Night,Night,Night,Night
SYN-658,Source1,2,2019-10-27 16:22:00,2019-10-27 21:12:00,34.096869,-118.233856,34.114480,-118.223048,2.925,Lane blocked due to accident on I-75 S.,I-75 S,Los Angeles,Los Angeles,CA,90057,US,US/Pacific,KCQT,2019-10-27 15:50:00,69.1,,34,29.42,10.0,SE,7.4,,Cloudy,False,False,False,False,False,False,False,False,False,False,False,False,False,Day,Day,Day,Day
SYN-659,Source1,3,2022-05-25 00:59:00,2022-05-25 02:53:00,29.369483,-98.521920,29.370175,-98.505206,1.053,Accident on State Route 4 at Exit 12.,State Route 4,San Antonio,Bexar,TX,78242,US,US/Central,KSAT,2022-05-25 00:42:00,76.8,,49,30.45,10.0,W,21.7,,Mostly Cloudy,False,False,False,False,False,False,False,False,False,False,False,False,False,Night,Night,Night,Night
SYN-660,Source2,2,2016-06-28 03:20:00.000000000,2016-06-28 06:02:00.000000000,42.917202,-78.798881,42.905358,-78.785696,0.932,Lane blocked due to accident on I-71 N.,I-71 N,Buffalo,Erie,NY,14257,US,US/Eastern,KBUF,2016-06-28 02:50:00.000000000,68.6,,78,30.19,6.5,E,7.3,,Fair,False,False,False,False,False,False,False,False,False,False,False,False,False,Night,Night,Night,Night
SYN-661,Source1,2,2019-06-14 01:38:00,2019-06-14 06:07:00,30.243964,-97.802792,,,0.0,Incident on Main St near Exit 108. Expect delays.,Main St,Austin,Travis,TX,78788,US,US/Central,KAUS,2019-06-14 01:04:00,81.6,,27,29.39,10.0,S,19.9,0.17,Heavy Rain,False,False,False,False,False,False,False,False,False,False,False,False,False,Night,Night,Night,Night
SYN-662,Source3,2,2019-11-15 17:02:00.000000000,2019-11-15 20:48:00.000000000,47.578940,-117.370486,,,0.0,"Right lane blocked due to accident on I-90 E, near 5th Ave.",I-90 E,Spokane,Spokane,WA,99250-1873,US,US/Pacific,KGEG,2019-11-15 16:25:00.000000000,43.8,,30,29.60,10.0,W,21.3,,Haze,False,False,False,False,False,False,False,False,False,False,False,False,False,Day,Day,Day,Day
SYN-663,Source1,2,2021-05-21 12:54:00,2021-05-21 14:44:00,39.910356,-83.059097,39.900737,-83.040824,0.751,Lane blocked due to accident on I-75 S.,I-75 S,Columbus,Franklin,OH,43255,US,US/Eastern,,2021-05-21 12:34:00,65.2,,84,,10.0,CALM,0.7,0.0,Mostly Cloudy,False,False,True,False,False,False,False,False,False,False,False,False,False,Day,Day,Day,Day
SYN-664,Source1,2,2021-02-13 00:07:00,2021-02-13 06:00:00,39.812772,-84.215252,,,0.0,"Right lane blocked due to accident on I-35 S, near Oak St.",I-35 S,Dayton,Montgomery,OH,45429,US,US/Eastern,KDAY,2021-02-12 23:38:00,34.4,29.0,31,30.43,5.9,NW,,0.0,Clear,False,False,True,False,False,False,False,False,False,False,False,False,False,Night,Night,Night,Night
SYN-665,Source2,2,2021-07-28 01:25:00.000000000,2021-07-28 04:26:00.000000000,25.702436,-80.235783,,,0.0,Lane blocked due to accident on I-35 S.,I-35 S,Miami,Miami-Dade,FL,33143,US,US/Eastern,KMIA,2021-07-28 00:58:00.000000000,88.2,,51,30.03,10.0,S,16.1,0.19,Heavy Rain,False,False,False,False,False,False,False,False,False,False,False,False,False,Night,Night,Night,Night
SYN-666,Source2,2,2023-03-27 19:21:00.000000000,2023-03-27 22:06:00.000000000,47.597742,-122.328614,,,0.0,"Right lane blocked due to accident on N High St, near 5th Ave.",N High St,Seattle,King,WA,98115-7156,US,US/Pacific,KBFI,2023-03-27 19:12:00.000000000,46.2,,46,29.93,10.0,NW,2.1,0.40,Light Rain,False,False,False,False,False,False,False,False,False,False,False,False,False,Night,Day,Day,Day
SYN-667,Source3,4,2017-06-01 23:43:00.000000000,2017-06-02 00:40:00.000000000,39.911712,-83.007850,,,0.0,Lane blocked due to accident on I-35 S.,I-35 S,Columbus,Franklin,OH,43285,US,US/Eastern,KCMH,2017-06-01 23:20:00.000000000,76.7,,76,29.81,10.0,N,6.6,,Mostly Cloudy,False,False,True,False,True,False,False,False,False,False,False,True,False,Night,Night,Night,Night
SYN-668,Source1,2,2019-01-20 01:28:00.000000000,2019-01-20 04:15:00.000000000,43.087591,-77.606893,,,0.0,"Right lane blocked due to accident on Main St, near Park Rd.",Main St,Rochester,Monroe,NY,14654-2058,US,US/Eastern,KROC,2019-01-20 01:27:00.000000000,34.8,31.9,35,29.36,10.0,W,15.6,,Partly Cloudy,False,False,False,False,False,False,False,False,False,False,False,False,False,Night,Night,Night,Night
SYN-669,Source1,2,2018-07-28 12:27:00,2018-07-28 13:01:00,33.507163,-112.017399,,,0.0,Incident on I-95 N near Exit 12. Expect delays.,I-95 N,Phoenix,Maricopa,AZ,85037,US,US/Mountain,KPHX,2018-07-28 11:48:00,102.9,,90,29.98,10.0,S,19.9,0.0,Fog,False,False,False,False,False,False,False,False,False,False,False,False,False,Day,Day,Day,Day
SYN-670,Source3,3,2019-08-23 23:52:00.000000000,2019-08-24 01:30:00.000000000,34.129041,-118.311319,34.110055,-118.291589,3.511,"Right lane blocked due to accident on Broadway, near 5th Ave.",Broadway,Los Angeles,Los Angeles,CA,90026,US,US/Pacific,KCQT,2019-08-23 23:46:00.000000000,70.8,,88,29.90,10.0,SE,21.4,,Clear,False,False,False,False,False,False,False,False,False,False,False,False,False,Night,Night,Night,Night
SYN-671,Source1,2,2016-10-25 19:26:00,2016-10-26 00:11:00,34.077879,-118.289141,,,0.0,Incident on Market St near Exit 108. Expect delays.,Market St,Los Angeles,Los Angeles,CA,90007-8098,US,US/Pacific,KCQT,2016-10-25 18:59:00,63.7,,72,29.58,10.0,N,20.8,0.0,Cloudy,False,False,False,False,False,False,False,False,False,False,False,False,False,Night,Day,Day,Day
SYN-672,Source3,2,2021-10-23 01:50:00.000000000,2021-10-23 07:11:00.000000000,32.789049,-96.786264,,,0.0,Incident on I-70 E near Exit 12. Expect delays.,I-70 E,Dallas,Dallas,TX,75266-2761,US,US/Central,KDAL,2021-10-23 01:07:00.000000000,70.2,,33,30.28,10.0,,7.7,,Mostly Cloudy,False,False,False,False,False,False,False,False,False,False,False,True,False,Night,Night,Night,Night
SYN-673,Source2,2,2018-08-04 13:04:00,2018-08-04 19:03:00,38.755374,-104.748376,,,0.0,Lane blocked due to accident on US-101 S.,US-101 S,Colorado Springs,El Paso,CO,80968,US,US/Mountain,KCOS,2018-08-04 12:52:00,65.6,,44,29.77,0.6,NW,8.2,0.0,Clear,False,False,False,False,False,False,False,False,False,False,False,False,False,Day,Day,Day,Day
SYN-674,Source1,2,2020-09-12 06:22:00.000000000,2020-09-12 09:22:00.000000000,28.488071,-81.410951,,,0.0,"Right lane blocked due to accident on Main St, near Exit 12.",Main St,Orlando,Orange,FL,32848-5561,US,US/Eastern,KORL,2020-09-12 06:04:00.000000000,76.0,,51,29.23,10.0,NW,21.3,0.0,Mostly Cloudy,False,False,False,False,False,False,False,False,False,False,False,True,False,Night,Day,Day,Day
SYN-675,Source3,2,2017-08-25 07:07:00,2017-08-25 12:38:00,47.598173,-117.373190,47.581200,-117.355296,0.095,Incident on Market St near Exit 108. Expect delays.,Market St,Spokane,Spokane,WA,99221,US,US/Pacific,KGEG,2017-08-25 06:56:00,64.5,,33,,10.0,S,23.6,,Cloudy,False,False,False,False,False,False,False,False,False,False,False,False,False,Day,Day,Day,Day
SYN-676,Source1,1,2019-04-12 18:00:00,2019-04-12 18:37:00,43.085224,-77.579143,43.102895,-77.576869,0.487,Incident on I-35 S near Park Rd. Expect delays.,I-35 S,Rochester,Monroe,NY,14637,US,US/Eastern,KROC,2019-04-12 17:38:00,45.8,41.0,43,30.30,10.0,NNE,,,,False,False,False,False,False,False,False,False,False,False,False,False,False,Day,Day,Day,Day
SYN-677,Source3,3,2021-09-11 18:05:00.000000000,2021-09-11 23:11:00.000000000,29.722058,-95.414683,29.708252,-95.400898,2.482,"Right lane blocked due to accident on I-70 E, near 5th Ave.",I-70 E,Houston,Harris,TX,77069,US,US/Central,KHOU,2021-09-11 17:59:00.000000000,75.0,,78,30.41,10.0,W,12.8,0.01,Heavy Rain,False,False,False,False,False,False,False,False,False,False,False,False,False,Day,Day,Day,Day
SYN-678,Source2,2,2021-12-21 12:32:00.000000000,2021-12-21 16:52:00.000000000,34.103370,-118.190455,,,0.0,"Right lane blocked due to accident on I-10 W, near 5th Ave.",I-10 W,Los Angeles,Los Angeles,CA,90069,US,US/Pacific,KCQT,2021-12-21 12:21:00.000000000,54.1,,22,29.81,7.0,NW,22.6,,Thunderstorm,False,False,True,False,False,False,False,False,False,False,False,False,False,Day,Day,Day,Day
SYN-679,Source1,2,2021-01-13 13:13:00,2021-01-13 15:03:00,47.697016,-117.364986,47.707130,-117.382404,2.607,Accident on I-35 S at Oak St.,I-35 S,Spokane,Spokane,WA,99268-4348,US,,KGEG,2021-01-13 12:43:00,41.2,,65,29.82,10.0,NNE,20.1,,Fair,False,False,False,False,False,False,False,False,False,False,False,False,False,Day,Day,Day,Day
SYN-680,Source2,2,2018-11-06 16:15:00,2018-11-06 22:13:00,39.754166,-84.128271,39.748262,-84.123706,3.112,"Right lane blocked due to accident on I-95 N, near 5th Ave.",I-95 N,Dayton,Montgomery,OH,45461,US,US/Eastern,KDAY,2018-11-06 15:27:00,37.8,32.3,47,29.77,4.3,NE,,,Cloudy,False,False,False,False,True,False,False,False,False,False,False,False,False,Day,Day,Day,Day
SYN-681,Source1,2,2019-07-30 03:08:00,2019-07-30 04:10:00,38.912817,-104.839012,,,0.0,Accident on I-70 E at Exit 12.,I-70 E,Colorado Springs,El Paso,CO,80963,US,US/Mountain,KCOS,2019-07-30 02:44:00,82.0,,98,29.94,0.4,NW,,0.0,Mostly Cloudy,False,False,False,False,False,False,False,False,False,False,False,False,False,Night,Night,Night,Night
SYN-682,Source1,1,2019-03-20 18:22:00.000000000,2019-03-20 20:34:00.000000000,29.823521,-95.413944,29.831122,-95.400643,2.215,Incident on E Washington Ave near Oak St. Expect delays.,E Washington Ave,Houston,Harris,TX,77025,US,US/Central,KHOU,2019-03-20 18:17:00.000000000,62.4,,43,29.88,10.0,E,22.7,,Fog,False,False,False,False,False,False,False,False,False,False,False,True,False,Day,Day,Day,Day
SYN-683,Source1,2,2017-01-09 21:15:00,2017-01-10 02:50:00,38.513217,-121.441448,,,0.0,"Right lane blocked due to accident on I-71 N, near Exit 12.",I-71 N,Sacramento,Sacramento,CA,95886,US,US/Pacific,KSAC,,64.8,,23,29.46,10.0,W,8.6,,Clear,False,False,False,False,False,False,False,False,False,False,False,False,False,Night,Night,Night,Night
SYN-684,Source2,4,2016-09-11 15:19:00,2016-09-11 20:55:00,43.109749,-77.638222,,,0.0,Accident on I-95 N at 5th Ave.,I-95 N,Rochester,Monroe,NY,14617,US,US/Eastern,KROC,2016-09-11 15:13:00,62.1,,65,29.33,5.5,S,9.7,0.0,Fog,False,False,False,False,False,False,False,False,False,False,False,False,False,Day,Day,Day,Day
SYN-685,Source1,3,2020-09-17 18:30:00,2020-09-17 21:23:00,37.310900,-121.836007,37.314162,-121.831940,3.206,Lane blocked due to accident on I-10 W.,I-10 W,San Jose,Santa Clara,CA,95126,US,US/Pacific,KSJC,2020-09-17 18:28:00,71.7,,81,29.85,10.0,N,2.3,0.0,Haze,False,False,True,False,False,False,False,False,False,False,False,True,False,Day,Day,Day,Day
SYN-686,Source1,2,2018-06-11 03:24:00.000000000,2018-06-11 05:35:00.000000000,34.049312,-118.288570,,,0.0,"Right lane blocked due to accident on I-71 N, near Elm St.",I-71 N,Los Angeles,Los Angeles,CA,90044,US,US/Pacific,KCQT,2018-06-11 02:46:00.000000000,75.9,,88,29.90,3.1,N,18.2,0.31,Rain,False,False,False,False,False,False,False,False,False,False,False,True,False,Night,Night,Night,Night
SYN-687,Source1,2,2020-01-26 21:18:00.000000000,2020-01-27 01:04:00.000000000,39.815285,-105.061086,,,0.0,Incident on E Washington Ave near Exit 108. Expect delays.,E Washington Ave,Denver,Denver,CO,80275-7182,US,US/Mountain,KDEN,,26.6,18.0,75,29.74,10.0,W,2.6,,Clear,False,False,False,False,False,False,False,False,False,False,False,False,False,Night,Night,Night,Night
SYN-688,Source2,1,2021-09-06 02:49:00,2021-09-06 04:21:00,39.754167,-84.146808,39.749971,-84.155433,0.638,Accident on I-35 S at Exit 108.,I-35 S,Dayton,Montgomery,OH,45486-3997,US,US/Eastern,KDAY,2021-09-06 02:46:00,70.4,,93,29.84,10.0,S,8.9,0.0,,False,False,False,False,False,False,False,False,False,False,False,False,False,Night,Night,Night,Night
SYN-689,Source2,2,2017-01-05 19:45:00,2017-01-06 00:41:00,39.683929,-84.268235,,,0.0,"Right lane blocked due to accident on Market St, near Exit 108.",Market St,Dayton,Montgomery,OH,45410,US,US/Eastern,KDAY,2017-01-05 19:08:00,27.4,27.1,,29.28,10.0,NE,15.6,0.0,Cloudy,False,False,False,False,False,False,False,False,False,False,False,True,False,Night,Day,Day,Day
SYN-690,Source3,2,2022-11-26 21:26:00,2022-11-27 02:22:00,38.829434,-104.848736,38.844951,-104.865512,1.694,"Right lane blocked due to accident on I-71 N, near Oak St.",I-71 N,Colorado Springs,El Paso,CO,80959,US,US/Mountain,KCOS,2022-11-26 20:51:00,36.2,36.0,57,,3.3,NE,20.5,0.33,Rain,False,False,False,False,False,False,False,False,False,False,False,False,False,Night,Night,Night,Night
SYN-691,Source2,2,2021-04-05 06:38:00,2021-04-05 08:32:00,40.772806,-73.959989,,,0.0,Accident on Main St at Elm St.,Main St,New York,New York,NY,10082,US,US/Eastern,KNYC,2021-04-05 06:18:00,55.5,,58,29.60,10.0,E,22.9,,Fair,False,False,False,False,False,False,False,False,False,False,False,False,False,Night,Day,Day,Day
SYN-692,Source3,2,2019-06-29 04:42:00,2019-06-29 05:12:00,32.492203,-84.996699,32.487541,-84.989924,2.844,Incident on I-71 N near Oak St. Expect delays.,I-71 N,Columbus,Muscogee,GA,31967,US,US/Eastern,KCSG,2019-06-29 04:22:00,87.4,,64,29.77,10.0,W,10.1,0.39,Light Rain,False,False,False,False,False,False,False,False,False,False,False,False,False,Night,Night,Night,Night
SYN-693,Source2,2,2017-09-05 05:32:00,2017-09-05 11:28:00,32.761694,-117.122982,32.780268,-117.127718,2.442,Accident on Market St at Exit 108.,Market St,San Diego,San Diego,CA,92193,US,US/Pacific,KSAN,2017-09-05 04:45:00,67.6,,54,30.02,10.0,NNE,10.6,,Mostly Cloudy,False,False,True,False,False,False,False,False,False,False,False,False,False,Night,Night,Night,Day
SYN-694,Source2,2,2016-02-09 03:07:00,2016-02-09 07:17:00,34.109871,-118.235805,,,0.0,Accident on Main St at Oak St.,Main St,Los Angeles,Los Angeles,CA,90001-9185,US,US/Pacific,KCQT,2016-02-09 02:39:00,62.9,,80,30.09,10.0,CALM,,0.10,Rain,False,False,False,False,False,False,False,False,False,False,False,False,False,Night,Night,Night,Night
SYN-695,Source3,2,2022-05-01 20:04:00,2022-05-02 01:56:00,32.406261,-85.025081,32.392911,-85.020126,3.942,"Right lane blocked due to accident on I-10 W, near Oak St.",I-10 W,Columbus,Muscogee,GA,31958-4712,US,US/Eastern,KCSG,2022-05-01 19:34:00,81.4,,36,29.53,2.5,NNE,4.3,0.30,Heavy Rain,False,False,True,False,False,False,False,False,False,True,False,False,False,Night,Night,Night,Day
SYN-696,Source1,2,2021-04-25 05:08:00,2021-04-25 11:00:00,47.676998,-122.410423,,,0.0,Accident on I-90 E at Exit 12.,I-90 E,Seattle,King,WA,98158-4686,US,US/Pacific,KBFI,2021-04-25 04:20:00,48.9,,22,30.43,10.0,W,5.9,0.05,Light Rain,False,False,False,False,False,False,False,False,False,False,False,True,False,Night,Night,Night,Day
SYN-697,Source1,2,2020-04-21 03:25:00.000000000,2020-04-21 04:21:00.000000000,25.720069,-80.129789,,,0.0,Incident on State Route 4 near Oak St. Expect delays.,State Route 4,Miami,Miami-Dade,FL,33192,US,US/Eastern,KMIA,2020-04-21 02:45:00.000000000,73.9,,,29.76,10.0,SW,15.7,,Mostly Cloudy,False,False,False,False,False,False,False,False,False,False,False,False,False,Night,Night,Night,Night
SYN-698,Source1,2,2018-06-13 18:58:00,2018-06-13 20:45:00,42.823135,-78.826333,,,0.0,Incident on Highway 99 near Oak St. Expect delays.,Highway 99,Buffalo,Erie,NY,14222,US,US/Eastern,KBUF,2018-06-13 18:42:00,73.8,,86,29.55,10.0,SW,8.7,0.27,Light Rain,False,False,False,False,False,False,False,False,False,True,False,False,False,Day,Day,Day,Day
SYN-699,Source2,2,2023-01-12 06:20:00.000000000,2023-01-12 12:00:00.000000000,42.828596,-78.872713,42.813110,-78.889684,0.043,Incident on I-90 E near Elm St. Expect delays.,I-90 E,Buffalo,Erie,NY,14250-2188,US,US/Eastern,KBUF,2023-01-12 05:59:00.000000000,37.8,,26,30.37,7.0,NE,23.1,0.30,Light Rain,False,False,False,False,False,False,False,False,False,False,False,False,False,Night,Day,Day,Day
SYN-700,Source2,2,2019-11-19 11:05:00.000000000,2019-11-19 15:14:00.000000000,47.609383,-122.295472,47.606495,-122.279280,2.024,"Right lane blocked due to accident on Market St, near Oak St.",Market St,Seattle,King,WA,98133,US,US/Pacific,KBFI,2019-11-19 10:34:00.000000000,56.2,,44,30.26,10.0,NW,24.9,,Mostly Cloudy,False,False,False,False,False,False,False,False,False,False,False,True,False,Day,Day,Day,Day
SYN-701,Source2,2,2021-08-07 14:58:00.000000000,2021-08-07 16:18:00.000000000,40.688304,-74.003964,40.701664,-74.000184,0.704,Lane blocked due to accident on I-10 W.,I-10 W,New York,New York,NY,10047,US,US/Eastern,KNYC,2021-08-07 14:16:00.000000000,68.7,,54,29.62,4.5,NE,18.5,,Overcast,False,False,False,False,True,False,False,False,False,False,False,False,False,Day,Day,Day,Day
SYN-702,Source1,3,2019-03-04 02:43:00,2019-03-04 08:28:00,29.454886,-98.498849,,,0.0,"Right lane blocked due to accident on I-75 S, near 5th Ave.",I-75 S,San Antonio,Bexar,TX,78269,US,US/Central,KSAT,2019-03-04 01:58:00,57.8,,49,30.27,10.0,W,6.8,0.06,Light Rain,False,False,False,False,False,False,False,False,False,False,False,False,False,Night,Night,Night,Night
SYN-703,Source1,3,2019-06-08 02:22:00,2019-06-08 04:13:00,33.405241,-112.020473,,,0.0,Lane blocked due to accident on I-10 W.,I-10 W,Phoenix,Maricopa,AZ,85090,US,US/Mountain,KPHX,2019-06-08 02:16:00,96.7,,33,30.21,10.0,SE,5.0,,Partly Cloudy,False,False,False,False,False,False,False,False,False,False,False,False,False,Night,Night,Night,Night
SYN-704,Source1,2,2018-11-08 22:13:00.000000000,2018-11-09 01:32:00.000000000,30.298795,-97.667496,30.287798,-97.669018,2.673,Lane blocked due to accident on I-5 N.,I-5 N,Austin,Travis,TX,78725-3810,US,US/Central,KAUS,2018-11-08 22:08:00.000000000,63.4,,61,30.37,0.6,NW,17.7,,Overcast,False,False,False,False,False,False,False,False,False,False,False,False,False,Night,Night,Night,Night
SYN-705,Source2,2,2021-05-22 16:41:00.000000000,2021-05-22 22:09:00.000000000,39.989953,-82.971002,40.006765,-82.958723,2.630,"Right lane blocked due to accident on I-95 N, near Oak St.",I-95 N,Columbus,Franklin,OH,43283-2070,US,US/Eastern,KCMH,2021-05-22 16:05:00.000000000,64.8,,25,30.02,10.0,NE,16.0,0.45,Light Rain,False,False,False,False,False,False,False,False,False,False,False,False,False,Day,Day,Day,Day
SYN-706,Source2,3,2020-11-21 05:43:00,2020-11-21 07:15:00,34.124464,-118.299172,34.111979,-118.303679,1.640,Accident on Market St at Elm St.,Market St,Los Angeles,Los Angeles,CA,90073,US,US/Pacific,KCQT,2020-11-21 05:38:00,59.9,,28,29.78,10.0,NE,18.9,,Fair,False,False,False,False,False,False,False,False,False,False,False,False,False,Night,Night,Night,Day
SYN-707,Source2,2,2018-12-01 13:35:00,2018-12-01 17:18:00,32.203430,-111.025106,,,0.0,Incident on Broadway near Exit 12. Expect delays.,Broadway,Tucson,Pima,AZ,85729,US,US/Mountain,KTUS,2018-12-01 13:11:00,66.0,,53,29.52,10.0,N,24.0,0.0,Overcast,False,False,False,False,False,False,False,False,False,False,False,False,False,Day,Day,Day,Day
SYN-708,Source1,2,2021-01-20 21:44:00,2021-01-21 03:11:00,37.358006,-121.877188,,,0.0,"Right lane blocked due to accident on I-70 E, near Oak St.",I-70 E,San Jose,Santa Clara,CA,95116,US,US/Pacific,KSJC,2021-01-20 21:03:00,51.7,,61,30.46,10.0,NNE,1.7,,Thunderstorm,False,False,False,False,False,False,False,False,False,False,False,False,False,Night,Night,Night,Night
SYN-709,Source3,2,2020-11-22 02:40:00.000000000,2020-11-22 04:44:00.000000000,29.785130,-95.362724,,,0.0,Incident on Market St near Oak St. Expect delays.,Market St,Houston,Harris,TX,77033-9291,US,US/Central,KHOU,2020-11-22 01:52:00.000000000,66.2,,41,29.61,3.1,NE,24.4,0.0,Fair,False,False,False,False,False,False,False,False,False,False,False,False,False,Night,Night,Night,Night
SYN-710,Source3,2,2022-12-20 09:15:00,2022-12-20 11:00:00,42.927119,-78.828307,,,0.0,Lane blocked due to accident on I-75 S.,I-75 S,Buffalo,Erie,NY,14292,US,US/Eastern,KBUF,2022-12-20 08:38:00,33.6,,82,29.35,10.0,NW,10.8,,Fog,False,False,False,False,True,False,False,False,False,False,False,False,False,Day,Day,Day,Day
SYN-711,Source1,3,2019-02-11 01:25:00,2019-02-11 07:13:00,32.521254,-85.012857,32.541026,-84.997237,3.832,Incident on I-90 E near Park Rd. Expect delays.,I-90 E,Columbus,Muscogee,GA,31936-3252,US,US/Eastern,KCSG,2019-02-11 00:45:00,42.5,,40,29.58,10.0,SE,13.9,0.44,Heavy Rain,False,False,True,False,False,False,False,False,False,False,False,False,False,Night,Night,Night,Night
SYN-712,Source2,2,2019-08-03 03:07:00,2019-08-03 07:35:00,33.487121,-112.112058,33.482768,-112.110580,0.793,"Right lane blocked due to accident on Main St, near Park Rd.",Main St,Phoenix,Maricopa,AZ,85047,US,US/Mountain,KPHX,2019-08-03 02:54:00,89.4,,31,29.90,,N,,0.41,Rain,False,False,False,False,False,False,False,False,False,False,False,False,False,Night,Night,Night,Night
SYN-713,Source2,3,2022-10-24 09:46:00,2022-10-24 14:59:00,40.029387,-82.934674,40.043506,-82.953262,1.811,Accident on Highway 99 at Elm St.,Highway 99,Columbus,Franklin,OH,43217,US,US/Eastern,KCMH,,46.9,,90,,10.0,NNE,5.6,0.0,Overcast,False,True,False,False,False,False,False,False,False,False,False,False,False,Day,Day,Day,Day
SYN-714,Source2,2,2021-08-29 17:13:00,2021-08-29 23:04:00,39.699368,-105.017171,,,0.0,Incident on I-35 S near Park Rd. Expect delays.,I-35 S,Denver,Denver,CO,80229,US,US/Mountain,KDEN,2021-08-29 16:29:00,75.8,,90,30.33,10.0,SE,12.1,0.11,Rain,False,False,False,False,False,False,False,False,False,False,False,True,False,Day,Day,Day,Day
SYN-715,Source1,2,2016-02-21 06:58:00,2016-02-21 10:06:00,39.699570,-84.169779,39.691153,-84.164691,2.311,Incident on I-35 S near Oak St. Expect delays.,I-35 S,Dayton,Montgomery,OH,45427,US,US/Eastern,KDAY,2016-02-21 06:23:00,32.0,23.8,56,30.48,10.0,CALM,14.4,,Cloudy,False,False,False,False,False,False,False,False,False,False,False,False,False,Night,Day,Day,Day
SYN-716,Source1,2,2022-05-16 22:10:00.000000000,2022-05-16 23:59:00.000000000,34.029593,-118.174684,,,0.0,Accident on Market St at Elm St.,Market St,Los Angeles,Los Angeles,CA,90070,US,US/Pacific,KCQT,2022-05-16 21:59:00.000000000,,,,30.33,10.0,S,12.4,0.0,Haze,False,False,False,False,False,False,False,False,False,False,False,True,False,Night,Night,Night,Night
SYN-717,Source2,2,2017-02-05 07:57:00,2017-02-05 11:38:00,33.386950,-112.106846,,,0.0,Lane blocked due to accident on I-70 E.,I-70 E,Phoenix,Maricopa,AZ,85043-9095,US,US/Mountain,KPHX,2017-02-05 07:07:00,52.8,,35,29.27,10.0,S,19.1,,Fair,False,False,False,False,False,False,False,False,False,False,False,False,False,Day,Day,Day,Day
SYN-718,Source1,3,2021-09-15 21:01:00,2021-09-15 21:25:00,38.864862,-104.890484,,,0.0,"Right lane blocked due to accident on Market St, near Exit 12.",Market St,Colorado Springs,El Paso,CO,80968,US,US/Mountain,KCOS,2021-09-15 20:13:00,60.8,,48,29.26,10.0,CALM,9.2,,Fair,False,False,False,False,False,False,False,False,True,False,False,False,False,Night,Night,Night,Night
SYN-719,Source2,3,2017-01-10 22:49:00,2017-01-11 00:41:00,39.907106,-83.013239,39.925332,-83.019910,0.376,Incident on Main St near Elm St. Expect delays.,Main St,Columbus,Franklin,OH,43271-1425,US,US/Eastern,KCMH,2017-01-10 22:31:00,36.4,29.9,78,29.89,10.0,CALM,4.6,0.06,Rain,False,False,False,False,False,False,False,False,False,False,False,False,False,Night,Night,Night,Night
SYN-720,Source1,2,2017-02-10 15:02:00,2017-02-10 17:58:00,42.832180,-78.889257,,,0.0,Accident on I-75 S at Oak St.,I-75 S,Buffalo,Erie,NY,14232-1459,US,US/Eastern,KBUF,2017-02-10 14:42:00,40.0,30.8,47,30.13,10.0,S,0.3,0.0,Fog,False,False,False,False,False,False,False,False,False,False,False,False,False,Day,Day,Day,Day
SYN-721,Source2,3,2023-01-09 03:16:00.000000000,2023-01-09 06:48:00.000000000,33.373173,-112.025244,,,0.0,"Right lane blocked due to accident on I-71 N, near Exit 12.",I-71 N,Phoenix,Maricopa,AZ,85091,US,US/Mountain,KPHX,2023-01-09 02:56:00.000000000,63.9,,41,29.90,10.0,NNE,24.8,0.0,Cloudy,False,False,False,False,False,False,False,False,False,False,False,False,False,Night,Night,Night,Night
SYN-722,Source1,3,2021-07-17 11:08:00,2021-07-17 16:33:00,29.483797,-98.508587,,,0.0,"Right lane blocked due to accident on E Washington Ave, near Exit 108.",E Washington Ave,San Antonio,Bexar,TX,78270,US,US/Central,KSAT,,90.9,,32,30.44,10.0,E,21.0,0.0,Fair,False,False,False,False,False,False,False,False,False,False,False,False,False,Day,Day,Day,Day
SYN-723,Source1,2,2017-12-01 10:32:00,2017-12-01 14:08:00,27.884939,-82.519941,27.880811,-82.521285,3.436,"Right lane blocked due to accident on I-5 N, near Exit 12.",I-5 N,Tampa,Hillsborough,FL,33692-6860,US,US/Eastern,KTPA,2017-12-01 10:11:00,63.3,,77,29.46,10.0,S,18.0,0.36,Rain,False,False,False,False,True,False,False,False,False,False,False,False,False,Day,Day,Day,Day
SYN-724,Source2,3,2019-10-20 12:09:00,2019-10-20 16:13:00,39.171547,-84.483302,,,0.0,Lane blocked due to accident on I-71 N.,I-71 N,Cincinnati,Hamilton,OH,45230,US,US/Eastern,KLUK,2019-10-20 12:07:00,46.0,,66,29.28,10.0,NW,17.9,,Fog,False,False,True,False,False,False,False,False,False,False,False,False,False,Day,Day,Day,Day
SYN-725,Source3,4,2020-01-12 22:06:00,2020-01-13 01:58:00,47.669094,-117.493929,,,0.0,"Right lane blocked due to accident on I-95 N, near Oak St.",I-95 N,Spokane,Spokane,WA,99260,US,US/Pacific,KGEG,2020-01-12 22:00:00,36.5,,32,30.33,10.0,N,3.5,0.16,Light Rain,False,False,False,False,False,False,False,False,False,False,False,False,False,Night,Night,Night,Night
SYN-726,Source2,1,2019-05-03 18:46:00,2019-05-03 22:06:00,28.483472,-81.343041,28.464792,-81.351689,0.544,Incident on Market St near Exit 108. Expect delays.,Market St,Orlando,Orange,FL,32875,US,US/Eastern,,2019-05-03 18:09:00,83.5,,72,29.73,10.0,SW,15.7,0.31,Heavy Rain,False,False,False,False,False,False,False,False,False,False,False,True,False,Day,Day,Day,Day
SYN-727,Source3,2,2021-01-26 13:02:00.000000000,2021-01-26 13:22:00.000000000,32.496251,-84.960101,,,0.0,Lane blocked due to accident on I-75 S.,I-75 S,Columbus,Muscogee,GA,31939-4860,US,US/Eastern,KCSG,2021-01-26 12:19:00.000000000,53.5,,26,29.23,10.0,W,21.5,,Partly Cloudy,False,False,False,False,False,True,False,False,False,False,False,False,False,Day,Day,Day,Day
SYN-728,Source1,2,2017-10-21 16:33:00,2017-10-21 19:52:00,42.815313,-78.924451,42.801122,-78.939331,0.831,Incident on State Route 4 near Elm St. Expect delays.,State Route 4,Buffalo,Erie,NY,14230,US,US/Eastern,KBUF,2017-10-21 15:55:00,50.9,,56,30.07,8.4,NNE,1.3,0.0,Thunderstorm,False,False,False,False,False,False,False,False,False,False,False,False,False,Day,Day,Day,Day
SYN-729,Source1,4,2016-06-02 15:55:00,2016-06-02 19:00:00,29.447472,-98.437197,29.460402,-98.453756,0.176,Lane blocked due to accident on Market St.,Market St,San Antonio,Bexar,TX,78239,US,US/Central,KSAT,2016-06-02 15:51:00,81.3,,91,29.97,10.0,NW,5.9,0.03,Heavy Rain,False,False,False,False,False,False,False,False,False,False,False,True,False,Day,Day,Day,Day
SYN-730,Source3,2,2017-06-17 19:26:00,2017-06-17 21:04:00,29.451300,-98.478854,29.442467,-98.459854,3.423,Incident on I-75 S near 5th Ave. Expect delays.,I-75 S,San Antonio,Bexar,TX,78268,US,US/Central,KSAT,2017-06-17 19:19:00,86.7,,28,30.41,10.0,NE,4.5,,Cloudy,False,False,False,False,False,False,False,False,False,False,False,False,False,Night,Day,Day,Day
SYN-731,Source1,2,2021-07-25 21:39:00.000000000,2021-07-26 02:02:00.000000000,27.899999,-82.450119,27.904934,-82.444916,0.554,"Right lane blocked due to accident on Broadway, near Exit 108.",Broadway,Tampa,Hillsborough,FL,33630,US,US/Eastern,KTPA,2021-07-25 21:18:00.000000000,80.6,,34,29.43,10.0,,18.3,,Fair,False,False,False,False,False,False,False,False,False,False,False,False,False,Night,Night,Night,Night
SYN-732,Source1,2,2021-12-23 13:05:00.000000000,2021-12-23 18:05:00.000000000,27.938469,-82.515842,,,0.0,Incident on US-101 S near Exit 12. Expect delays.,US-101 S,Tampa,Hillsborough,FL,33633-2463,US,US/Eastern,KTPA,2021-12-23 12:26:00.000000000,62.8,,41,29.54,4.6,S,20.3,,Haze,False,False,False,False,False,False,False,False,False,False,False,False,False,Day,Day,Day,Day
SYN-733,Source2,2,2018-11-22 22:35:00,2018-11-23 02:48:00,39.709351,-84.216076,39.702026,-84.231344,2.225,Accident on I-95 N at Oak St.,I-95 N,Dayton,Montgomery,OH,45496,US,US/Eastern,KDAY,2018-11-22 22:14:00,41.0,35.1,27,29.75,10.0,N,22.3,0.21,Rain,False,False,False,False,False,False,False,False,False,False,False,False,False,Night,Night,Night,Night
SYN-734,Source2,3,2022-02-16 11:03:00,2022-02-16 12:57:00,32.736750,-117.233984,,,0.0,Lane blocked due to accident on I-95 N.,I-95 N,San Diego,San Diego,CA,92169,US,US/Pacific,KSAN,2022-02-16 10:27:00,63.4,,76,30.14,10.0,S,4.6,,Haze,False,False,False,False,True,False,False,False,False,False,False,False,False,Day,Day,Day,Day
SYN-735,Source2,1,2016-08-19 22:04:00,2016-08-19 23:08:00,42.878421,-78.898552,,,0.0,Accident on I-75 S at Park Rd.,I-75 S,Buffalo,Erie,NY,14295-6293,US,US/Eastern,KBUF,2016-08-19 21:56:00,68.6,,21,29.36,10.0,SE,24.1,,Thunderstorm,False,False,True,False,True,False,False,False,False,False,False,False,False,Night,Night,Night,Night
SYN-736,Source1,2,2020-01-12 13:54:00.000000000,2020-01-12 16:22:00.000000000,41.530051,-81.646212,41.534315,-81.635880,1.561,Lane blocked due to accident on Highway 99.,Highway 99,Cleveland,Cuyahoga,OH,44117-3191,US,US/Eastern,KCLE,2020-01-12 13:10:00.000000000,33.8,31.5,99,30.12,10.0,W,,,Thunderstorm,False,False,False,False,False,False,False,False,False,False,False,True,False,Day,Day,Day,Day
SYN-737,Source2,2,2021-01-16 11:59:00.000000000,2021-01-16 13:22:00.000000000,47.622356,-117.488634,47.625166,-117.471834,0.517,Accident on E Washington Ave at 5th Ave.,E Washington Ave,Spokane,Spokane,WA,99265,US,US/Pacific,KGEG,2021-01-16 11:39:00.000000000,45.4,43.7,59,29.78,10.0,SE,24.9,,Thunderstorm,False,False,False,False,False,False,False,False,False,False,False,False,False,Day,Day,Day,Day
SYN-738,Source3,2,2020-07-22 05:24:00,2020-07-22 07:39:00,38.777572,-104.838968,,,0.0,Incident on Highway 99 near Park Rd. Expect delays.,Highway 99,Colorado Springs,El Paso,CO,80988-3622,US,US/Mountain,KCOS,2020-07-22 05:19:00,,,55,30.38,10.0,SW,22.0,,Overcast,False,False,False,False,False,False,False,False,True,True,False,False,False,Night,Night,Night,Day
SYN-739,Source2,2,2017-04-02 01:57:00.000000000,2017-04-02 05:03:00.000000000,39.126421,-84.450640,,,0.0,Lane blocked due to accident on US-101 S.,US-101 S,Cincinnati,Hamilton,OH,45293,US,US/Eastern,KLUK,2017-04-02 01:46:00.000000000,57.6,,49,29.61,10.0,N,21.1,,Clear,True,False,False,False,True,False,False,False,False,False,False,False,False,Night,Night,Night,Night
SYN-740,Source2,2,2017-12-27 19:40:00,2017-12-27 23:38:00,27.879983,-82.462224,27.885421,-82.477549,2.968,Lane blocked due to accident on E Washington Ave.,E Washington Ave,Tampa,Hillsborough,FL,33675,US,US/Eastern,KTPA,2017-12-27 19:05:00,65.7,,94,29.87,10.0,VAR,,0.0,Thunderstorm,False,False,False,False,False,False,False,False,False,False,False,False,False,Night,Day,Day,Day
SYN-741,Source3,2,2017-06-01 05:56:00.000000000,2017-06-01 06:19:00.000000000,30.322986,-97.713781,,,0.0,Accident on I-35 S at Park Rd.,I-35 S,Austin,Travis,TX,78764,US,US/Central,KAUS,2017-06-01 05:11:00.000000000,75.7,,40,30.24,10.0,E,0.8,,Thunderstorm,False,False,False,False,False,False,False,False,False,False,False,True,False,Night,Night,Night,Day
SYN-742,Source1,2,2016-11-05 22:54:00,2016-11-06 02:56:00,47.640477,-122.331454,47.636311,-122.349496,3.846,Incident on N High St near 5th Ave. Expect delays.,N High St,Seattle,King,WA,98141,US,US/Pacific,KBFI,,55.2,,94,29.38,3.9,S,1.3,0.14,Light Rain,False,False,False,False,False,False,False,False,False,False,False,False,False,Night,Night,Night,Night
SYN-743,Source2,2,2017-12-22 02:00:00,2017-12-22 04:01:00,27.963798,-82.398669,,,0.0,Incident on I-35 S near Elm St. Expect delays.,I-35 S,Tampa,Hillsborough,FL,33619,US,US/Eastern,KTPA,2017-12-22 01:50:00,68.9,,34,29.78,10.0,VAR,2.7,,Fog,False,False,False,False,False,False,False,False,False,False,False,False,False,Night,Night,Night,Night
SYN-744,Source3,2,2023-02-10 05:22:00,2023-02-10 10:10:00,32.489932,-85.008023,32.474224,-85.026325,0.176,"Right lane blocked due to accident on I-90 E, near Oak St.",I-90 E,Columbus,Muscogee,GA,31935-7103,US,US/Eastern,KCSG,2023-02-10 04:46:00,,,76,29.38,10.0,NE,6.5,,Partly Cloudy,False,False,False,False,False,False,False,False,False,False,False,True,False,Night,Night,Night,Day
SYN-745,Source1,4,2016-03-29 16:48:00,2016-03-29 18:51:00,38.554402,-121.459995,,,0.0,Accident on Main St at 5th Ave.,Main St,Sacramento,Sacramento,CA,95803,US,US/Pacific,KSAC,2016-03-29 16:31:00,53.5,,79,29.56,10.0,SW,22.3,0.0,Fair,False,False,False,False,False,False,False,False,False,False,False,False,False,Day,Day,Day,Day
SYN-746,Source3,2,2016-05-02 21:43:00,2016-05-03 00:40:00,39.896576,-82.925484,,,0.0,Lane blocked due to accident on I-90 E.,I-90 E,Columbus,Franklin,OH,43221,US,US/Eastern,KCMH,2016-05-02 21:41:00,60.9,,52,30.27,10.0,VAR,16.5,0.0,Mostly Cloudy,False,False,False,False,False,False,False,False,False,False,False,False,False,Night,Night,Night,Night
SYN-747,Source1,2,2017-02-14 18:42:00,2017-02-15 00:30:00,25.725214,-80.115894,,,0.0,Accident on N High St at Park Rd.,N High St,Miami,Miami-Dade,FL,33102,US,US/Eastern,KMIA,2017-02-14 18:34:00,62.0,,55,29.95,10.0,NE,20.2,0.0,Clear,False,False,False,False,False,False,False,False,False,False,False,False,False,Day,Day,Day,Day
SYN-748,Source2,2,2018-09-30 06:45:00.000000000,2018-09-30 07:53:00.000000000,32.698066,-96.830899,,,0.0,"Right lane blocked due to accident on N High St, near Park Rd.",N High St,Dallas,Dallas,TX,75278,US,US/Central,KDAL,2018-09-30 06:17:00.000000000,72.2,,81,29.64,10.0,SW,10.1,,Fog,False,False,False,False,False,False,False,False,False,False,False,False,False,Night,Day,Day,Day
SYN-749,Source2,2,2016-03-13 23:05:00,2016-03-14 01:20:00,38.656224,-121.415930,38.669793,-121.401989,2.248,Incident on I-90 E near Exit 12. Expect delays.,I-90 E,Sacramento,Sacramento,CA,95883-8575,US,US/Pacific,KSAC,2016-03-13 22:45:00,57.2,,49,29.55,10.0,NNE,5.0,,Overcast,False,False,False,False,False,False,False,False,False,False,False,False,False,Night,Night,Night,Night
SYN-750,Source1,2,2018-08-23 06:23:00,2018-08-23 08:39:00,25.683311,-80.152841,,,0.0,Lane blocked due to accident on I-70 E.,I-70 E,,Miami-Dade,FL,33170-1618,US,US/Eastern,KMIA,2018-08-23 06:18:00,76.9,,24,30.43,10.0,CALM,10.1,,Fog,False,False,False,False,False,False,False,False,False,False,False,False,False,Night,Day,Day,Day
SYN-751,Source1,2,2018-07-20 09:39:00.000000000,2018-07-20 13:39:00.000000000,33.819551,-84.384832,33.817174,-84.385271,0.142,"Right lane blocked due to accident on Broadway, near Exit 108.",Broadway,Atlanta,Fulton,GA,30357,US,US/Eastern,KATL,2018-07-20 09:32:00.000000000,77.8,,,29.32,6.4,VAR,18.6,,Mostly Cloudy,False,False,False,False,False,False,False,False,False,False,False,False,False,Day,Day,Day,Day
SYN-752,Source3,2,2017-05-17 15:14:00,2017-05-17 15:44:00,25.757841,-80.244472,,,0.0,Lane blocked due to accident on E Washington Ave.,E Washington Ave,Miami,Miami-Dade,FL,33148-9221,US,US/Eastern,KMIA,2017-05-17 14:53:00,79.4,,39,29.69,10.0,VAR,9.4,0.18,Light Rain,False,False,False,False,False,False,False,False,False,False,False,False,False,Day,Day,Day,Day
SYN-753,Source2,4,2018-03-02 14:58:00.000000000,2018-03-02 15:17:00.000000000,32.713846,-117.094819,32.723880,-117.103823,0.055,Accident on I-75 S at Elm St.,I-75 S,San Diego,San Diego,CA,92168-8009,US,US/Pacific,KSAN,2018-03-02 14:28:00.000000000,68.9,,37,30.44,10.0,E,9.8,,Fog,False,False,False,False,False,False,False,False,False,False,False,False,False,Day,Day,Day,Day
SYN-754,Source2,2,2022-01-06 04:59:00.000000000,2022-01-06 05:24:00.000000000,25.730750,-80.254467,25.719264,-80.237502,1.938,"Right lane blocked due to accident on I-10 W, near Elm St.",I-10 W,Miami,Miami-Dade,FL,33108,US,US/Eastern,KMIA,2022-01-06 04:46:00.000000000,62.8,,69,30.14,10.0,VAR,14.2,0.0,Haze,False,False,False,False,False,False,False,False,False,False,False,True,False,Night,Night,Night,Night
SYN-755,Source3,1,2016-11-13 20:24:00,2016-11-14 01:38:00,47.600841,-117.397560,47.615055,-117.397250,1.909,"Right lane blocked due to accident on Highway 99, near Park Rd.",Highway 99,Spokane,Spokane,WA,99251-8303,US,US/Pacific,KGEG,2016-11-13 19:56:00,56.2,,97,29.80,10.0,S,17.6,0.37,Rain,False,False,False,False,False,False,False,False,False,False,False,False,False,Night,Night,Night,Day
SYN-756,Source2,3,2019-10-18 13:32:00,2019-10-18 14:43:00,38.805866,-104.810834,38.821798,-104.814339,3.972,Incident on Highway 99 near Elm St. Expect delays.,Highway 99,Colorado Springs,El Paso,CO,80924-3246,US,US/Mountain,KCOS,2019-10-18 13:21:00,46.7,40.1,54,29.73,10.0,NNE,11.9,,Clear,False,False,False,False,False,False,False,False,False,False,False,False,False,Day,Day,Day,Day
SYN-757,Source2,4,2019-03-15 06:00:00.000000000,2019-03-15 06:24:00.000000000,34.040430,-118.175134,,,0.0,Incident on Highway 99 near Park Rd. Expect delays.,Highway 99,Los Angeles,Los Angeles,CA,90025,US,US/Pacific,KCQT,2019-03-15 05:29:00.000000000,55.8,,56,29.36,10.0,S,19.4,0.0,Mostly Cloudy,False,False,True,False,False,False,False,False,False,False,False,False,False,Night,Day,Day,Day
SYN-758,Source3,2,2021-07-08 04:31:00,2021-07-08 08:28:00,39.163285,-84.577931,,,0.0,Lane blocked due to accident on N High St.,N High St,Cincinnati,Hamilton,OH,45275,US,US/Eastern,KLUK,2021-07-08 04:16:00,67.8,,77,29.44,10.0,SE,15.0,0.29,Rain,False,False,False,False,False,False,False,False,False,False,False,True,False,Night,Night,Night,Night
SYN-759,Source2,4,2017-12-21 18:13:00,2017-12-21 20:48:00,41.527600,-81.771282,,,0.0,Lane blocked due to accident on I-75 S.,I-75 S,Cleveland,Cuyahoga,OH,44185,US,US/Eastern,KCLE,2017-12-21 18:03:00,39.6,,67,29.25,10.0,N,20.8,0.0,Fog,False,False,True,False,False,False,False,False,False,False,False,False,False,Day,Day,Day,Day
SYN-760,Source1,2,2016-08-26 23:55:00.000000000,2016-08-27 02:37:00.000000000,38.635700,-121.509372,38.648694,-121.501335,3.783,Accident on US-101 S at Exit 12.,US-101 S,Sacramento,Sacramento,CA,95813,US,US/Pacific,KSAC,2016-08-26 23:20:00.000000000,74.4,,34,29.55,10.0,S,19.1,0.26,Heavy Rain,False,False,False,False,False,False,False,False,False,False,False,False,False,Night,Night,Night,Night
SYN-761,Source1,2,2018-05-07 05:22:00,2018-05-07 10:11:00,30.337631,-97.726779,30.349809,-97.740665,1.160,Incident on I-90 E near Elm St. Expect delays.,I-90 E,Austin,Travis,TX,78786,US,US/Central,KAUS,2018-05-07 05:07:00,71.5,,27,30.24,1.9,VAR,15.0,,Thunderstorm,False,False,False,False,False,True,False,False,False,False,False,False,False,Night,Night,Night,Day
SYN-762,Source3,4,2017-11-26 11:17:00,2017-11-26 16:49:00,32.772164,-117.164311,,,0.0,Incident on I-35 S near Park Rd. Expect delays.,I-35 S,San Diego,San Diego,CA,92192,US,US/Pacific,KSAN,2017-11-26 10:38:00,58.7,,64,,7.5,VAR,16.7,0.0,Thunderstorm,False,False,False,False,False,False,False,False,False,False,False,False,False,Day,Day,Day,Day
SYN-763,Source1,2,2018-10-13 08:55:00,2018-10-13 10:42:00,33.391968,-112.031064,,,0.0,"Right lane blocked due to accident on Broadway, near Elm St.",Broadway,Phoenix,Maricopa,AZ,85071,US,US/Mountain,KPHX,2018-10-13 08:29:00,82.1,,88,29.40,10.0,CALM,15.8,0.43,Light Rain,False,False,False,False,False,False,False,False,False,False,False,False,False,Day,Day,Day,Day
SYN-764,Source2,2,2017-03-22 06:22:00.000000000,2017-03-22 10:38:00.000000000,40.684637,-73.937736,,,0.0,"Right lane blocked due to accident on I-71 N, near Exit 12.",I-71 N,New York,New York,NY,10001,US,US/Eastern,KNYC,2017-03-22 05:55:00.000000000,46.8,38.1,52,30.29,10.0,SW,17.0,,Clear,False,False,False,False,False,False,False,False,False,False,False,True,False,Night,Day,Day,Day
SYN-765,Source2,2,2022-08-04 01:32:00,2022-08-04 02:43:00,39.942624,-83.050982,,,0.0,"Right lane blocked due to accident on Main St, near Exit 108.",Main St,Columbus,Franklin,OH,43242,US,US/Eastern,KCMH,2022-08-04 01:00:00,76.1,,43,,10.0,N,2.9,0.41,Heavy Rain,False,False,False,False,False,False,False,False,False,False,False,True,False,Night,Night,Night,Night
SYN-766,Source3,3,2018-12-31 23:39:00,2019-01-01 02:01:00,38.643796,-121.497222,,,0.0,Lane blocked due to accident on I-75 S.,I-75 S,Sacramento,Sacramento,CA,95830-1282,US,US/Pacific,KSAC,2018-12-31 23:24:00,63.9,,87,29.95,10.0,NNE,3.5,,Thunderstorm,False,False,False,False,False,False,False,False,False,False,False,True,False,Night,Night,Night,Night
SYN-767,Source2,2,2019-01-21 07:56:00,2019-01-21 11:31:00,32.766467,-96.816974,,,0.0,Accident on I-70 E at Park Rd.,I-70 E,Dallas,Dallas,TX,75269-4225,US,US/Central,KDAL,2019-01-21 07:49:00,45.7,,55,29.72,10.0,SW,4.7,0.02,Rain,False,False,False,False,False,False,False,False,False,False,False,False,False,Day,Day,Day,Day
SYN-768,Source3,3,2022-09-09 10:46:00,2022-09-09 16:07:00,33.466582,-112.027454,,,0.0,"Right lane blocked due to accident on I-5 N, near Park Rd.",I-5 N,Phoenix,Maricopa,AZ,85084-7063,US,US/Mountain,KPHX,2022-09-09 10:01:00,82.1,,84,29.22,10.0,W,11.7,,Clear,False,False,False,False,False,False,False,False,False,False,False,False,False,Day,Day,Day,Day
SYN-769,Source2,2,2017-11-29 11:37:00,2017-11-29 13:03:00,29.746940,-95.374844,,,0.0,Incident on I-90 E near 5th Ave. Expect delays.,I-90 E,Houston,Harris,TX,77024,US,US/Central,KHOU,2017-11-29 10:54:00,56.2,,27,29.32,10.0,CALM,,0.16,Heavy Rain,False,False,False,False,False,False,False,False,False,False,False,False,False,Day,Day,Day,Day
SYN-770,Source2,2,2022-10-25 15:51:00,2022-10-25 21:09:00,30.218693,-97.763776,,,0.0,Accident on Broadway at Oak St.,Broadway,Austin,Travis,TX,78703,US,US/Central,KAUS,2022-10-25 15:40:00,73.4,,47,30.43,10.0,S,4.1,,Cloudy,False,False,False,False,False,False,False,False,False,False,False,False,False,Day,Day,Day,Day
SYN-771,Source2,2,2021-02-14 04:02:00,2021-02-14 05:49:00,41.551653,-81.733086,,,0.0,Incident on Market St near Oak St. Expect delays.,Market St,Cleveland,Cuyahoga,OH,44114,US,US/Eastern,KCLE,2021-02-14 03:37:00,29.6,21.4,20,29.37,10.0,S,22.8,0.0,Haze,False,False,False,False,False,False,False,False,False,False,False,False,False,Night,Night,Night,Night
SYN-772,Source1,3,2017-12-31 15:29:00.000000000,2017-12-31 15:57:00.000000000,28.485039,-81.382477,,,0.0,Incident on Main St near Exit 12. Expect delays.,Main St,Orlando,Orange,FL,32881-4602,US,US/Eastern,KORL,2017-12-31 15:14:00.000000000,73.0,,24,30.22,6.0,NE,3.3,,Fair,False,False,False,True,False,False,False,False,False,False,False,False,False,Day,Day,Day,Day
SYN-773,Source2,3,2016-07-15 03:52:00,2016-07-15 05:38:00,41.441563,-81.628808,41.449813,-81.612862,3.163,"Right lane blocked due to accident on Market St, near Oak St.",Market St,Cleveland,Cuyahoga,OH,44143,US,US/Eastern,KCLE,2016-07-15 03:05:00,69.5,,91,29.50,10.0,NW,7.7,,Overcast,False,False,False,False,False,False,False,False,False,False,False,False,False,Night,Night,Night,Night
SYN-774,Source2,4,2022-02-04 04:17:00.000000000,2022-02-04 09:16:00.000000000,37.414371,-121.852373,,,0.0,"Right lane blocked due to accident on I-5 N, near Exit 108.",I-5 N,San Jose,Santa Clara,CA,95196,US,US/Pacific,KSJC,2022-02-04 03:56:00.000000000,,,41,,10.0,NW,,0.47,Light Rain,False,False,False,False,False,False,False,False,False,False,False,False,False,Night,Night,Night,
SYN-775,Source2,2,2016-12-26 15:26:00,2016-12-26 18:44:00,39.827773,-84.269065,,,0.0,Accident on Highway 99 at Exit 108.,Highway 99,Dayton,Montgomery,OH,45469-5672,US,US/Eastern,KDAY,2016-12-26 15:20:00,24.7,17.6,45,30.45,10.0,NNE,23.0,,Clear,False,False,False,False,True,False,False,False,False,False,False,False,False,Day,Day,Day,Day
SYN-776,Source2,2,2018-01-21 21:42:00,2018-01-21 23:03:00,39.798084,-104.934370,,,0.0,"Right lane blocked due to accident on State Route 4, near 5th Ave.",State Route 4,Denver,Denver,CO,80296,US,,KDEN,2018-01-21 21:26:00,32.8,,60,30.01,2.3,SW,12.8,0.0,Mostly Cloudy,False,False,False,False,False,False,False,False,False,False,False,False,False,Night,Night,Night,Night
SYN-777,Source1,2,2021-12-13 14:15:00,2021-12-13 20:01:00,25.740958,-80.222543,,,0.0,Accident on E Washington Ave at Exit 108.,E Washington Ave,Miami,Miami-Dade,FL,33123-5446,US,US/Eastern,KMIA,2021-12-13 14:05:00,66.2,,46,30.35,10.0,CALM,14.3,,Overcast,False,False,False,False,False,False,False,False,False,False,False,False,False,Day,Day,Day,Day
SYN-778,Source3,3,2016-11-20 03:26:00,2016-11-20 07:14:00,30.275206,-97.784691,30.274153,-97.780192,1.026,Lane blocked due to accident on State Route 4.,State Route 4,Austin,Travis,TX,78748,US,US/Central,KAUS,2016-11-20 03:01:00,58.1,,24,30.19,10.0,,24.4,0.0,Cloudy,False,False,False,False,False,False,False,False,False,False,False,False,False,Night,Night,Night,Night
SYN-779,Source2,2,2018-06-27 03:54:00,2018-06-27 08:42:00,30.289983,-97.714599,30.277214,-97.722389,2.078,Accident on State Route 4 at Exit 108.,State Route 4,Austin,Travis,TX,78798,US,US/Central,KAUS,2018-06-27 03:11:00,77.1,,92,29.38,6.2,NW,15.4,0.0,Cloudy,False,False,True,False,False,False,False,False,False,False,False,False,False,Night,Night,Night,Night
SYN-780,Source2,2,2022-07-25 13:58:00.000000000,2022-07-25 19:21:00.000000000,42.847545,-78.892628,,,0.0,"Right lane blocked due to accident on I-71 N, near Oak St.",I-71 N,Buffalo,Erie,NY,14252,US,US/Eastern,KBUF,2022-07-25 13:53:00.000000000,69.4,,57,29.47,,VAR,8.5,,Clear,False,False,True,False,False,False,False,False,False,False,False,False,False,Day,Day,Day,Day
SYN-781,Source3,2,2022-04-19 03:32:00,2022-04-19 04:01:00,33.508064,-112.100735,33.491857,-112.110264,3.492,Lane blocked due to accident on Market St.,Market St,Phoenix,Maricopa,AZ,85006,US,US/Mountain,KPHX,2022-04-19 03:11:00,81.7,,74,30.40,10.0,S,13.5,0.0,Cloudy,False,False,False,False,False,False,False,False,False,False,False,False,False,Night,Night,Night,Night
SYN-782,Source2,2,2023-03-04 04:05:00.000000000,2023-03-04 06:36:00.000000000,32.746553,-117.207325,32.758363,-117.209322,0.970,Accident on N High St at Elm St.,N High St,San Diego,San Diego,CA,92137,US,US/Pacific,KSAN,2023-03-04 03:57:00.000000000,55.7,,98,30.30,4.7,NW,12.9,,Mostly Cloudy,False,False,False,False,True,False,False,False,False,False,False,False,False,Night,,Night,Night
SYN-783,Source1,3,2019-05-06 16:37:00,2019-05-06 18:24:00,47.579948,-117.492163,47.577285,-117.509130,3.181,Incident on Broadway near Exit 12. Expect delays.,Broadway,Spokane,Spokane,WA,99278,US,US/Pacific,KGEG,2019-05-06 16:30:00,64.3,,58,30.40,10.0,CALM,,0.14,Heavy Rain,False,False,False,False,False,False,False,False,False,False,False,False,False,Day,Day,Day,Day
SYN-784,Source2,2,2016-12-31 20:52:00,2016-12-31 23:00:00,40.670655,-74.058828,,,0.0,Incident on I-35 S near Park Rd. Expect delays.,I-35 S,New York,New York,NY,10042,US,US/Eastern,KNYC,2016-12-31 20:04:00,29.9,29.7,32,30.15,10.0,,21.3,0.0,Cloudy,False,False,False,False,False,False,False,False,False,False,False,True,False,Night,Night,Night,Day
SYN-785,Source2,2,2020-10-15 22:54:00.000000000,2020-10-15 23:47:00.000000000,39.117663,-84.509458,,,0.0,"Right lane blocked due to accident on N High St, near Elm St.",N High St,Cincinnati,Hamilton,OH,45265,US,US/Eastern,KLUK,2020-10-15 22:40:00.000000000,55.8,,34,29.43,10.0,VAR,1.2,0.38,Heavy Rain,False,False,False,False,False,False,False,False,False,False,False,True,False,Night,Night,Night,Night
SYN-786,Source1,2,2020-07-16 20:42:00,2020-07-16 22:29:00,33.515125,-112.076207,,,0.0,Incident on I-90 E near Exit 108. Expect delays.,I-90 E,Phoenix,Maricopa,AZ,85021-4881,US,US/Mountain,KPHX,2020-07-16 20:07:00,101.5,,29,29.68,10.0,VAR,14.2,0.10,Rain,False,False,False,False,False,False,False,False,False,False,False,True,False,Night,Night,Night,Day
SYN-787,Source2,3,2018-02-17 11:53:00,2018-02-17 12:49:00,40.772456,-73.947881,40.767682,-73.947032,1.718,"Right lane blocked due to accident on State Route 4, near 5th Ave.",State Route 4,New York,New York,NY,10092,US,US/Eastern,KNYC,2018-02-17 11:30:00,40.9,38.1,,30.10,10.0,VAR,7.6,0.02,Heavy Rain,False,False,False,False,False,False,False,False,False,False,False,True,False,Day,Day,Day,Day
SYN-788,Source1,2,2019-07-23 16:16:00,2019-07-23 21:15:00,39.926199,-83.028376,,,0.0,"Right lane blocked due to accident on I-70 E, near Oak St.",I-70 E,Columbus,Franklin,OH,43261-8114,US,US/Eastern,KCMH,2019-07-23 15:32:00,72.3,,37,30.32,2.2,SW,13.1,0.0,Thunderstorm,False,False,False,False,False,False,False,False,False,False,False,False,False,Day,Day,Day,Day
SYN-789,Source2,2,2019-12-01 02:57:00.000000000,2019-12-01 08:18:00.000000000,32.209196,-110.903250,,,0.0,Lane blocked due to accident on I-35 S.,I-35 S,Tucson,Pima,AZ,85703,US,US/Mountain,KTUS,2019-12-01 02:32:00.000000000,57.5,,47,29.29,10.0,SE,4.2,,Overcast,False,False,False,False,False,False,False,False,False,False,False,False,False,Night,Night,Night,Night
SYN-790,Source2,2,2022-12-09 21:16:00.000000000,2022-12-09 21:45:00.000000000,34.041150,-118.320105,34.041595,-118.323336,0.647,Accident on Highway 99 at 5th Ave.,Highway 99,Los Angeles,Los Angeles,CA,90098,US,US/Pacific,KCQT,2022-12-09 20:40:00.000000000,51.6,,36,29.73,10.0,E,1.1,0.0,Mostly Cloudy,False,False,False,False,False,False,False,False,False,False,False,False,False,Night,Night,Night,Night
SYN-791,Source1,2,2021-03-08 03:21:00,2021-03-08 05:38:00,39.694585,-104.948351,39.697606,-104.957833,2.082,"Right lane blocked due to accident on Market St, near 5th Ave.",Market St,Denver,Denver,CO,80241,US,US/Mountain,KDEN,2021-03-08 03:12:00,45.3,38.0,93,30.34,10.0,NNE,22.8,,Mostly Cloudy,False,False,False,False,False,False,False,False,False,False,False,True,False,Night,Night,Night,Night
SYN-792,Source3,2,2023-02-15 23:12:00,2023-02-16 04:48:00,39.144390,-84.532997,,,0.0,Incident on I-90 E near Elm St. Expect delays.,I-90 E,Cincinnati,Hamilton,OH,45204,US,US/Eastern,KLUK,2023-02-15 23:00:00,38.4,,61,29.54,10.0,E,9.0,0.50,Rain,False,False,True,False,False,False,False,False,False,True,False,True,False,Night,Night,,Night
SYN-793,Source1,2,2018-07-29 14:57:00,2018-07-29 17:43:00,34.064175,-118.207343,34.054954,-118.190352,1.215,Accident on Highway 99 at Oak St.,Highway 99,Los Angeles,Los Angeles,CA,90059,US,US/Pacific,KCQT,2018-07-29 14:42:00,81.2,,35,29.76,10.0,N,23.3,0.48,Light Rain,False,False,False,False,False,False,False,False,False,False,False,False,False,Day,Day,Day,Day
SYN-794,Source2,1,2016-08-03 22:11:00,2016-08-03 22:54:00,33.383791,-112.023810,33.398388,-112.043280,0.477,Accident on I-35 S at Exit 108.,I-35 S,Phoenix,Maricopa,AZ,85056,US,US/Mountain,,,,,38,29.85,10.0,SW,11.0,0.16,Heavy Rain,False,False,False,False,False,False,False,False,False,False,False,True,False,Night,Night,Night,Night
SYN-795,Source2,1,2022-01-07 06:36:00,2022-01-07 12:03:00,33.766656,-84.452500,,,0.0,Incident on I-71 N near 5th Ave. Expect delays.,I-71 N,Atlanta,Fulton,GA,30358,US,US/Eastern,KATL,2022-01-07 06:27:00,55.6,,50,29.64,10.0,N,6.7,,Mostly Cloudy,False,False,False,False,False,False,False,False,False,False,False,False,False,Night,Day,Day,Day
SYN-796,Source1,2,2018-09-25 09:49:00.000000000,2018-09-25 10:44:00.000000000,32.456897,-85.050837,32.457155,-85.031443,1.808,Incident on I-75 S near Exit 108. Expect delays.,I-75 S,Columbus,Muscogee,GA,31901,US,US/Eastern,KCSG,2018-09-25 09:02:00.000000000,72.4,,70,29.30,10.0,CALM,4.7,0.49,Rain,False,False,False,False,False,False,False,False,False,False,False,False,False,Day,Day,Day,Day
SYN-797,Source2,2,2017-06-30 08:42:00,2017-06-30 11:03:00,32.670034,-117.093330,32.689651,-117.084629,0.906,Lane blocked due to accident on N High St.,N High St,San Diego,San Diego,CA,92141-4200,US,US/Pacific,KSAN,2017-06-30 07:58:00,,,35,29.81,10.0,W,3.8,0.13,Light Rain,False,False,False,False,False,False,False,False,False,False,False,False,False,Day,Day,Day,Day
SYN-798,Source2,2,2017-12-04 05:18:00,2017-12-04 05:44:00,33.703275,-84.388067,,,0.0,Incident on State Route 4 near 5th Ave. Expect delays.,State Route 4,Atlanta,Fulton,GA,30367-9392,US,US/Eastern,KATL,2017-12-04 04:45:00,52.0,,26,29.49,10.0,SW,13.8,0.0,Cloudy,False,False,False,False,False,False,False,False,False,False,False,False,False,Night,Night,Night,Day
SYN-799,Source2,2,2016-05-30 14:10:00,2016-05-30 16:36:00,33.787005,-84.439295,,,0.0,"Right lane blocked due to accident on I-90 E, near 5th Ave.",I-90 E,Atlanta,Fulton,GA,30351,US,US/Eastern,KATL,2016-05-30 13:50:00,77.8,,87,29.59,10.0,NW,,,Fog,False,False,False,False,True,False,False,False,False,False,False,False,False,Day,Day,Day,Day
SYN-800,Source1,2,2019-08-26 04:16:00.000000000,2019-08-26 10:03:00.000000000,41.432995,-81.715019,,,0.0,Incident on Broadway near Exit 108. Expect delays.,Broadway,Cleveland,Cuyahoga,OH,44124,US,US/Eastern,KCLE,2019-08-26 03:50:00.000000000,73.5,,78,29.86,10.0,E,10.2,0.16,Rain,False,False,False,False,False,False,False,False,False,False,False,False,False,Night,Night,Night,Night
SYN-801,Source1,2,2022-01-29 14:51:00,2022-01-29 19:29:00,38.776760,-104.816146,,,0.0,Accident on State Route 4 at Exit 108.,State Route 4,Colorado Springs,El Paso,CO,80946,US,US/Mountain,KCOS,2022-01-29 14:48:00,23.3,15.5,89,29.96,10.0,NE,8.5,0.38,Light Rain,False,False,False,False,False,False,False,False,False,False,False,True,False,Day,Day,Day,Day
SYN-802,Source1,3,2019-04-13 02:25:00,2019-04-13 07:03:00,43.090546,-77.685533,43.102901,-77.701851,1.727,Lane blocked due to accident on US-101 S.,US-101 S,Rochester,Monroe,NY,14618-9142,US,US/Eastern,KROC,2019-04-13 01:42:00,47.5,,57,29.71,10.0,NW,0.4,,Thunderstorm,False,False,True,False,True,False,False,False,False,False,False,False,False,Night,Night,Night,Night
SYN-803,Source1,2,2016-03-08 00:00:00.000000000,2016-03-08 03:45:00.000000000,39.103110,-84.578909,,,0.0,"Right lane blocked due to accident on N High St, near Exit 12.",N High St,Cincinnati,Hamilton,OH,45207,US,US/Eastern,KLUK,2016-03-07 23:19:00.000000000,42.1,38.3,75,29.25,10.0,SW,22.9,,Cloudy,False,False,False,False,False,False,False,False,False,False,False,False,False,Night,Night,Night,Night
SYN-804,Source2,2,2022-01-24 13:54:00,2022-01-24 17:21:00,47.648261,-117.464003,47.646468,-117.467266,2.924,"Right lane blocked due to accident on Broadway, near Elm St.",Broadway,Spokane,Spokane,WA,99255,US,US/Pacific,KGEG,2022-01-24 13:48:00,48.4,,59,30.19,10.0,S,16.1,0.0,Clear,False,False,True,False,False,False,False,False,False,False,False,False,False,Day,Day,Day,Day
SYN-805,Source2,4,2023-03-08 17:39:00,2023-03-08 21:17:00,28.535814,-81.323606,,,0.0,"Right lane blocked due to accident on E Washington Ave, near Elm St.",E Washington Ave,Orlando,Orange,FL,32834,US,US/Eastern,KORL,2023-03-08 17:02:00,73.2,,22,30.41,10.0,NW,19.2,0.36,Rain,False,False,False,False,False,False,False,False,False,True,False,False,False,Day,Day,Day,Day
SYN-806,Source2,2,2017-08-29 20:18:00,2017-08-29 21:07:00,27.926815,-82.481771,,,0.0,"Right lane blocked due to accident on Market St, near Exit 108.",Market St,Tampa,Hillsborough,FL,33624,US,US/Eastern,KTPA,2017-08-29 20:14:00,79.9,,92,30.21,10.0,NW,21.9,0.36,Rain,False,False,False,False,False,False,False,False,False,False,False,False,False,Night,Night,Night,Day
SYN-807,Source1,2,2017-07-08 03:51:00,2017-07-08 06:41:00,29.688365,-95.440642,29.701751,-95.460078,1.690,Accident on State Route 4 at 5th Ave.,State Route 4,Houston,Harris,TX,77072,US,US/Central,KHOU,2017-07-08 03:29:00,86.5,,29,,10.0,NE,10.6,0.20,Heavy Rain,False,False,False,False,False,False,False,False,False,False,False,False,False,Night,Night,Night,Night
SYN-808,Source1,1,2016-02-10 23:23:00.000000000,2016-02-10 23:49:00.000000000,32.661881,-117.240703,32.675353,-117.223250,2.159,Lane blocked due to accident on Main St.,Main St,San Diego,San Diego,CA,92107,US,US/Pacific,KSAN,2016-02-10 22:42:00.000000000,55.0,,85,29.82,10.0,E,7.8,0.0,Thunderstorm,False,False,False,False,False,False,False,False,False,False,False,False,False,Night,Night,Night,Night
SYN-809,Source1,2,2020-02-28 04:55:00,2020-02-28 06:53:00,32.458906,-84.914522,32.455046,-84.896291,3.268,Lane blocked due to accident on Highway 99.,Highway 99,Columbus,Muscogee,GA,31910-6038,US,US/Eastern,KCSG,2020-02-28 04:47:00,49.4,,89,30.38,10.0,NW,15.8,0.09,Heavy Rain,False,False,False,False,False,False,False,False,False,False,False,True,False,Night,Night,Night,Night
SYN-810,Source3,2,2017-05-24 02:40:00,2017-05-24 02:56:00,29.441317,-98.479425,,,0.0,Accident on I-71 N at 5th Ave.,I-71 N,San Antonio,Bexar,TX,78289,US,US/Central,KSAT,2017-05-24 02:01:00,79.2,,40,29.24,5.8,N,0.1,0.0,Haze,False,False,True,False,False,False,False,False,False,False,False,True,False,Night,Night,Night,Night
SYN-811,Source2,3,2016-06-11 04:14:00,2016-06-11 09:52:00,39.751879,-105.020993,,,0.0,Incident on I-90 E near 5th Ave. Expect delays.,I-90 E,Denver,Denver,CO,80239,US,US/Mountain,KDEN,2016-06-11 04:06:00,77.5,,61,30.19,10.0,E,0.1,0.0,Overcast,False,False,False,False,False,False,False,False,False,False,False,False,False,Night,Night,Night,Night
SYN-812,Source3,2,2016-04-03 08:49:00.000000000,2016-04-03 09:44:00.000000000,43.196371,-77.682135,,,0.0,Incident on I-90 E near Park Rd. Expect delays.,I-90 E,Rochester,Monroe,NY,14659,US,US/Eastern,KROC,2016-04-03 08:34:00.000000000,52.0,,49,29.46,3.2,S,10.8,,Clear,False,False,False,False,False,False,False,False,False,False,False,False,False,Day,Day,Day,Day
SYN-813,Source2,4,2016-11-09 21:49:00.000000000,2016-11-09 22:15:00.000000000,39.737896,-104.950279,39.751795,-104.934321,3.067,Incident on State Route 4 near 5th Ave. Expect delays.,State Route 4,Denver,Denver,CO,80235,US,US/Mountain,KDEN,2016-11-09 21:46:00.000000000,47.9,,74,29.77,10.0,NNE,21.9,0.0,Fog,False,False,False,False,False,False,False,False,False,False,False,False,False,Night,Night,Night,Night
SYN-814,Source2,3,2021-02-03 05:28:00.000000000,2021-02-03 07:15:00.000000000,42.885957,-78.918860,,,0.0,Incident on I-35 S near Exit 12. Expect delays.,I-35 S,Buffalo,Erie,NY,14255,US,US/Eastern,KBUF,2021-02-03 04:58:00.000000000,31.7,28.8,58,29.89,10.0,W,4.1,0.22,Light Rain,False,False,False,False,False,False,False,False,False,False,False,False,False,Night,Night,Night,Day
SYN-815,Source1,2,2018-10-05 10:39:00,2018-10-05 11:38:00,32.780304,-96.821213,32.800077,-96.822483,0.505,Incident on I-5 N near Oak St. Expect delays.,I-5 N,Dallas,Dallas,TX,75289,US,US/Central,KDAL,2018-10-05 10:19:00,70.8,,23,29.32,,S,20.8,0.0,Partly Cloudy,False,False,False,False,False,False,False,False,False,False,False,False,False,Day,Day,Day,Day
SYN-816,Source3,2,2019-11-11 02:54:00.000000000,2019-11-11 08:25:00.000000000,41.519900,-81.695521,,,0.0,Accident on Broadway at Exit 108.,Broadway,Cleveland,Cuyahoga,OH,44171,US,US/Eastern,KCLE,2019-11-11 02:29:00.000000000,46.3,37.6,65,29.80,3.5,SW,,,Clear,False,False,False,False,False,False,False,False,False,False,False,False,False,Night,Night,Night,Night
SYN-817,Source2,2,2021-10-08 05:13:00.000000000,2021-10-08 09:44:00.000000000,39.086139,-84.433609,,,0.0,"Right lane blocked due to accident on Market St, near Exit 12.",Market St,Cincinnati,Hamilton,OH,45261,US,US/Eastern,KLUK,2021-10-08 05:06:00.000000000,51.9,,81,29.32,10.0,VAR,9.6,,Clear,False,False,False,False,False,False,False,False,False,False,False,False,False,Night,Night,Night,Day
SYN-818,Source2,2,2018-10-26 19:54:00,2018-10-26 21:43:00,32.705075,-117.234782,32.696056,-117.222832,3.279,"Right lane blocked due to accident on Market St, near Elm St.",Market St,San Diego,San Diego,CA,92156,US,US/Pacific,KSAN,2018-10-26 19:31:00,68.3,,58,29.22,10.0,CALM,13.1,,Cloudy,False,False,False,False,False,False,False,False,False,False,False,False,False,Night,Day,Day,Day
SYN-819,Source1,2,2023-03-02 10:06:00,2023-03-02 10:51:00,32.209852,-110.950667,32.203576,-110.950806,2.037,Lane blocked due to accident on I-90 E.,I-90 E,Tucson,Pima,AZ,85705,US,US/Mountain,KTUS,2023-03-02 09:26:00,68.8,,36,29.77,10.0,W,0.2,,Partly Cloudy,False,False,False,False,False,False,False,False,False,False,False,False,False,Day,Day,Day,Day
SYN-820,Source3,2,2020-09-25 20:46:00.000000000,2020-09-26 02:26:00.000000000,32.738170,-96.733658,32.751013,-96.749630,0.604,"Right lane blocked due to accident on I-5 N, near Exit 12.",I-5 N,Dallas,Dallas,TX,75207,US,US/Central,KDAL,2020-09-25 19:57:00.000000000,70.0,,90,29.34,,NNE,16.8,0.00,Light Rain,False,False,False,False,False,False,False,False,False,False,False,False,False,Night,Night,Night,Day
SYN-821,Source3,2,2019-09-07 17:27:00.000000000,2019-09-07 19:56:00.000000000,29.385203,-98.463693,,,0.0,Incident on I-35 S near Elm St. Expect delays.,I-35 S,San Antonio,Bexar,TX,78238,US,US/Central,KSAT,2019-09-07 16:48:00.000000000,79.8,,82,29.60,10.0,W,1.6,0.20,,False,False,False,False,False,False,False,False,False,False,False,False,False,Day,Day,Day,Day
SYN-822,Source3,2,2019-04-17 05:19:00,2019-04-17 11:09:00,39.820918,-84.180819,,,0.0,Lane blocked due to accident on State Route 4.,State Route 4,Dayton,Montgomery,OH,45439,US,US/Eastern,KDAY,2019-04-17 04:51:00,59.0,,59,29.88,10.0,S,4.8,0.0,Overcast,False,False,False,False,False,False,False,False,False,False,False,False,False,Night,Night,Night,Day
SYN-823,Source1,2,2022-09-24 14:42:00,2022-09-24 18:06:00,33.515399,-112.001792,33.530783,-111.989831,0.882,Incident on N High St near 5th Ave. Expect delays.,N High St,Phoenix,Maricopa,AZ,85075,US,US/Mountain,KPHX,2022-09-24 14:09:00,86.7,,72,30.15,10.0,SE,,0.19,Heavy Rain,False,False,True,False,False,False,False,False,False,False,False,True,False,Day,Day,Day,Day
SYN-824,Source1,2,2016-08-07 00:28:00,2016-08-07 05:07:00,34.069542,-118.251857,34.084575,-118.238207,3.607,Accident on Market St at Exit 12.,Market St,Los Angeles,Los Angeles,CA,90088-9234,US,US/Pacific,KCQT,2016-08-06 23:43:00,65.8,,55,29.25,10.0,SE,8.2,,Clear,False,False,False,False,True,False,False,False,False,False,False,False,False,Night,Night,Night,Night
SYN-825,Source2,2,2017-12-19 12:27:00,2017-12-19 17:07:00,43.193036,-77.577521,,,0.0,Incident on I-90 E near 5th Ave. Expect delays.,I-90 E,Rochester,Monroe,NY,14631-8635,US,US/Eastern,KROC,2017-12-19 12:18:00,30.0,,47,29.34,10.0,S,17.6,,Fog,False,False,False,False,False,False,False,False,False,False,False,False,False,Day,Day,Day,Day
SYN-826,Source2,2,2021-06-19 16:33:00.000000000,2021-06-19 22:02:00.000000000,33.688596,-84.408865,,,0.0,Incident on Broadway near Exit 108. Expect delays.,Broadway,Atlanta,Fulton,GA,30359-5826,US,US/Eastern,KATL,2021-06-19 15:44:00.000000000,75.8,,75,30.41,10.0,SE,20.6,,Thunderstorm,False,False,False,False,False,False,False,False,False,False,False,False,False,Day,Day,Day,Day
SYN-827,Source2,2,2021-06-11 12:10:00,2021-06-11 15:02:00,39.694086,-84.182215,39.696783,-84.163920,1.167,"Right lane blocked due to accident on N High St, near 5th Ave.",N High St,Dayton,Montgomery,OH,45469,US,US/Eastern,KDAY,2021-06-11 12:05:00,78.8,,39,29.68,10.0,E,14.6,,Fog,False,False,False,False,False,False,False,False,False,False,False,False,False,Day,Day,Day,Day
SYN-828,Source2,2,2016-04-06 12:53:00.000000000,2016-04-06 15:53:00.000000000,32.451277,-85.063065,32.445542,-85.079485,3.615,Lane blocked due to accident on I-5 N.,I-5 N,Columbus,Muscogee,GA,31903,US,US/Eastern,KCSG,2016-04-06 12:26:00.000000000,69.5,,59,29.35,10.0,SW,3.4,,Clear,False,False,True,False,False,False,False,False,False,False,False,False,False,Day,Day,Day,Day
SYN-829,Source1,3,2020-10-18 23:39:00,2020-10-19 05:14:00,29.691205,-95.433959,,,0.0,Accident on E Washington Ave at Elm St.,E Washington Ave,Houston,Harris,TX,77003,US,US/Central,KHOU,2020-10-18 22:58:00,70.7,,35,30.47,10.0,SW,22.6,0.33,Heavy Rain,False,False,False,False,False,False,False,False,False,False,False,False,False,Night,Night,Night,Night
SYN-830,Source1,2,2022-06-05 20:02:00.000000000,2022-06-05 22:43:00.000000000,38.570706,-121.447932,,,0.0,Incident on Main St near Elm St. Expect delays.,Main St,Sacramento,Sacramento,CA,95843,US,US/Pacific,KSAC,2022-06-05 19:18:00.000000000,71.5,,72,29.97,10.0,NE,21.7,,Cloudy,False,False,False,False,False,False,False,False,False,False,False,False,False,Night,Night,Night,Day
SYN-831,Source3,2,2017-02-05 11:30:00.000000000,2017-02-05 11:50:00.000000000,32.656593,-117.141255,32.642340,-117.157231,0.345,Incident on I-90 E near Oak St. Expect delays.,I-90 E,San Diego,San Diego,CA,92153,US,US/Pacific,,2017-02-05 11:28:00.000000000,53.9,,63,29.70,10.0,S,21.6,,Partly Cloudy,False,False,False,False,False,False,False,False,False,False,False,False,False,Day,Day,Day,Day
SYN-832,Source1,2,2018-08-24 08:13:00,2018-08-24 09:09:00,33.469202,-112.085910,,,0.0,Lane blocked due to accident on I-35 S.,I-35 S,Phoenix,Maricopa,AZ,85019,US,US/Mountain,KPHX,2018-08-24 07:27:00,89.9,,20,,10.0,NE,22.7,,Clear,False,False,False,False,False,False,False,False,False,False,False,False,False,Day,Day,Day,Day
SYN-833,Source1,2,2021-03-25 17:16:00,2021-03-25 21:00:00,29.399028,-98.485957,,,0.0,"Right lane blocked due to accident on I-71 N, near Exit 108.",I-71 N,San Antonio,Bexar,TX,78289,US,US/Central,KSAT,2021-03-25 16:36:00,53.2,,29,30.21,10.0,SE,14.4,,Fair,False,False,False,False,False,False,False,False,False,False,False,False,False,Day,Day,Day,Day
SYN-834,Source2,2,2018-04-06 02:24:00,2018-04-06 05:59:00,39.776564,-105.035271,39.777759,-105.034506,1.192,Incident on I-95 N near Exit 108. Expect delays.,I-95 N,Denver,Denver,CO,80207,US,US/Mountain,KDEN,2018-04-06 01:39:00,46.3,36.6,69,30.24,10.0,VAR,13.0,0.0,Haze,False,False,False,False,False,False,False,False,False,True,False,False,False,Night,Night,Night,Night
SYN-835,Source2,2,2017-01-26 09:17:00.000000000,2017-01-26 10:21:00.000000000,32.740294,-96.874479,32.723761,-96.877257,1.564,Lane blocked due to accident on US-101 S.,US-101 S,Dallas,Dallas,TX,75251,US,US/Central,KDAL,2017-01-26 08:36:00.000000000,57.4,,95,29.35,10.0,N,6.9,0.0,Thunderstorm,False,False,False,False,False,False,False,False,False,False,False,False,False,Day,Day,Day,Day
SYN-836,Source1,3,2019-09-16 10:43:00.000000000,2019-09-16 13:29:00.000000000,32.241555,-110.931081,,,0.0,Accident on I-35 S at Park Rd.,I-35 S,Tucson,Pima,AZ,85763-1964,US,US/Mountain,KTUS,2019-09-16 10:35:00.000000000,81.6,,66,29.64,,CALM,4.0,0.43,Rain,False,False,False,False,False,False,False,False,False,False,False,False,False,Day,Day,Day,Day
SYN-837,Source2,2,2021-01-05 12:39:00,2021-01-05 18:15:00,40.637744,-74.039562,,,0.0,Incident on Main St near Park Rd. Expect delays.,Main St,New York,New York,NY,10012,US,US/Eastern,KNYC,2021-01-05 12:37:00,25.2,16.2,59,29.35,10.0,S,17.3,0.0,Haze,False,False,False,False,False,False,False,False,False,False,False,True,False,Day,Day,Day,Day
SYN-838,Source1,2,2018-02-03 20:18:00,2018-02-04 01:39:00,38.642482,-121.551968,,,0.0,Lane blocked due to accident on Highway 99.,Highway 99,Sacramento,Sacramento,CA,95805,US,US/Pacific,KSAC,,59.9,,50,29.80,10.0,S,22.5,,Overcast,False,False,False,False,False,False,False,False,False,False,False,False,False,Night,Night,Night,Day
SYN-839,Source1,2,2022-01-24 23:34:00,2022-01-25 05:14:00,27.951751,-82.410730,,,0.0,Incident on State Route 4 near Exit 12. Expect delays.,State Route 4,Tampa,Hillsborough,FL,33641,US,US/Eastern,KTPA,2022-01-24 23:25:00,61.1,,25,29.21,10.0,VAR,0.8,0.0,Haze,False,False,False,False,False,False,False,False,False,False,False,False,False,Night,Night,Night,Night
SYN-840,Source1,2,2016-09-09 10:36:00,2016-09-09 13:26:00,33.711007,-84.317130,33.703040,-84.320724,2.739,"Right lane blocked due to accident on I-70 E, near Exit 12.",I-70 E,Atlanta,Fulton,GA,30329,US,US/Eastern,KATL,2016-09-09 10:25:00,80.0,,62,30.35,10.0,W,9.9,,Mostly Cloudy,False,False,False,False,False,False,False,False,False,False,False,False,False,Day,Day,Day,Day
SYN-841,Source2,2,2019-07-16 20:04:00,2019-07-16 22:14:00,39.809757,-105.048226,39.791721,-105.059800,2.290,Lane blocked due to accident on Highway 99.,Highway 99,Denver,Denver,CO,80287,US,US/Mountain,KDEN,2019-07-16 19:26:00,72.3,,50,29.51,10.0,N,20.6,0.0,Partly Cloudy,False,False,True,False,False,False,False,False,False,False,False,False,False,Night,Night,Night,Day
SYN-842,Source2,3,2018-06-30 07:18:00,2018-06-30 09:02:00,42.867423,-78.936498,42.861903,-78.918990,1.804,"Right lane blocked due to accident on I-75 S, near Park Rd.",I-75 S,Buffalo,Erie,NY,14233-9479,US,US/Eastern,KBUF,2018-06-30 06:29:00,,,77,30.02,4.3,NNE,3.8,,Cloudy,False,False,False,False,False,False,False,False,False,False,False,True,False,Day,Day,Day,Day
SYN-843,Source2,2,2017-02-25 11:44:00,2017-02-25 17:04:00,47.555034,-122.332013,,,0.0,"Right lane blocked due to accident on Highway 99, near Exit 108.",Highway 99,Seattle,King,WA,98186,US,US/Pacific,KBFI,2017-02-25 11:18:00,37.6,34.1,69,29.93,10.0,SW,22.6,0.33,Rain,False,False,False,False,False,False,False,False,False,False,False,True,False,Day,Day,Day,Day
SYN-844,Source1,4,2017-05-22 03:47:00,2017-05-22 08:11:00,38.655240,-121.514721,38.644132,-121.507258,1.949,Incident on Market St near Oak St. Expect delays.,Market St,Sacramento,Sacramento,CA,95801,US,US/Pacific,KSAC,2017-05-22 03:22:00,,,44,29.27,9.3,CALM,20.4,0.0,Fair,False,False,True,False,False,False,False,False,False,False,False,False,False,Night,Night,Night,Night
SYN-845,Source2,3,2019-06-30 10:30:00,2019-06-30 14:53:00,32.669070,-117.148085,32.661926,-117.156196,3.938,"Right lane blocked due to accident on E Washington Ave, near 5th Ave.",E Washington Ave,San Diego,San Diego,CA,92116,US,US/Pacific,KSAN,2019-06-30 09:48:00,79.3,,45,29.83,10.0,NW,2.0,0.38,Heavy Rain,False,False,False,False,False,False,False,False,False,False,False,False,False,Day,Day,Day,Day
SYN-846,Source2,2,2017-07-28 00:04:00,2017-07-28 02:36:00,42.948958,-78.806026,,,0.0,Lane blocked due to accident on I-75 S.,I-75 S,Buffalo,Erie,NY,14283-7346,US,US/Eastern,KBUF,2017-07-27 23:24:00,81.9,,87,29.78,10.0,E,17.1,0.27,Heavy Rain,False,False,False,False,False,False,False,False,False,False,False,False,False,Night,Night,Night,Night
SYN-847,Source1,2,2021-12-09 03:06:00.000000000,2021-12-09 03:46:00.000000000,40.024578,-82.974472,,,0.0,"Right lane blocked due to accident on Main St, near Exit 108.",Main St,Columbus,Franklin,OH,43217,US,US/Eastern,KCMH,2021-12-09 02:55:00.000000000,27.0,,69,29.86,10.0,VAR,,,Thunderstorm,False,False,False,False,False,False,False,False,False,False,False,False,False,,Night,Night,Night
SYN-848,Source1,2,2020-10-17 00:34:00,2020-10-17 04:55:00,28.592470,-81.328689,,,0.0,"Right lane blocked due to accident on Broadway, near 5th Ave.",Broadway,Orlando,Orange,FL,32869,US,US/Eastern,KORL,,75.1,,27,30.14,10.0,SE,24.2,0.47,Light Rain,False,False,False,False,False,False,False,False,False,False,False,False,False,Night,Night,Night,Night
SYN-849,Source3,1,2016-03-07 12:27:00,2016-03-07 16:13:00,47.652477,-122.279272,47.641255,-122.275637,0.425,Lane blocked due to accident on E Washington Ave.,E Washington Ave,Seattle,King,WA,98117-1778,US,US/Pacific,KBFI,2016-03-07 12:01:00,43.7,40.2,22,30.42,8.6,W,17.6,0.0,Thunderstorm,False,False,False,False,False,False,False,False,False,False,False,False,False,Day,Day,Day,Day
SYN-850,Source3,2,2016-07-01 20:05:00,2016-07-01 22:21:00,41.443955,-81.652491,41.443303,-81.640950,2.033,Lane blocked due to accident on E Washington Ave.,E Washington Ave,Cleveland,Cuyahoga,OH,44140-6934,US,US/Eastern,KCLE,2016-07-01 19:18:00,71.9,,23,29.97,2.1,N,14.8,,Overcast,False,False,False,False,False,False,False,False,False,False,False,False,False,Night,Night,Night,Day
SYN-851,Source1,2,2021-04-11 18:45:00.000000000,2021-04-11 23:34:00.000000000,28.557621,-81.408239,28.549786,-81.400542,0.553,"Right lane blocked due to accident on I-95 N, near Elm St.",I-95 N,Orlando,Orange,FL,32820-8471,US,US/Eastern,KORL,2021-04-11 18:28:00.000000000,70.3,,83,30.40,10.0,E,3.4,,Fog,False,False,False,False,False,False,False,False,False,False,False,False,False,Day,Day,Day,Day
SYN-852,Source2,2,2021-09-07 19:26:00,2021-09-07 21:01:00,38.565740,-121.523669,38.579681,-121.542009,0.114,Lane blocked due to accident on I-10 W.,I-10 W,Sacramento,Sacramento,CA,95838,US,US/Pacific,KSAC,2021-09-07 18:42:00,76.8,,60,30.43,10.0,SE,11.0,,Overcast,False,False,False,False,False,False,False,False,False,False,False,False,False,Night,Day,Day,Day
SYN-853,Source2,3,2019-06-28 10:49:00.000000000,2019-06-28 14:28:00.000000000,38.541656,-121.491181,,,0.0,Lane blocked due to accident on I-35 S.,I-35 S,Sacramento,Sacramento,CA,95849,US,US/Pacific,KSAC,2019-06-28 10:42:00.000000000,72.1,,98,30.13,10.0,W,23.3,0.0,Partly Cloudy,False,False,False,False,False,False,False,False,False,False,False,False,False,Day,Day,Day,Day
SYN-854,Source1,2,2021-12-06 01:23:00.000000000,2021-12-06 02:09:00.000000000,39.779663,-104.914889,39.767330,-104.910877,0.956,Incident on N High St near Exit 12. Expect delays.,N High St,Denver,Denver,CO,80223,US,US/Mountain,KDEN,2021-12-06 00:50:00.000000000,40.5,37.0,64,29.89,10.0,NW,,,Clear,False,False,False,False,True,False,False,False,False,False,False,True,False,Night,Night,Night,Night
SYN-855,Source2,2,2016-10-15 09:26:00.000000000,2016-10-15 13:37:00.000000000,29.837422,-95.330790,,,0.0,"Right lane blocked due to accident on I-75 S, near Park Rd.",I-75 S,Houston,Harris,TX,77035,US,US/Central,KHOU,2016-10-15 08:50:00.000000000,63.7,,100,29.25,10.0,W,21.1,0.0,Partly Cloudy,False,False,False,False,False,False,False,False,False,False,False,False,False,Day,Day,Day,Day
SYN-856,Source3,2,2019-12-29 13:30:00,2019-12-29 16:24:00,33.495854,-112.005215,33.486678,-112.019511,0.889,"Right lane blocked due to accident on I-90 E, near Exit 108.",I-90 E,Phoenix,Maricopa,AZ,85086-7067,US,US/Mountain,KPHX,2019-12-29 12:59:00,59.6,,83,29.32,7.3,W,,,Partly Cloudy,False,False,False,False,False,False,False,False,False,False,False,False,False,Day,Day,Day,Day
SYN-857,Source1,2,2016-03-22 05:33:00,2016-03-22 10:45:00,29.356391,-98.515129,29.346989,-98.508403,0.134,Incident on Market St near Oak St. Expect delays.,Market St,San Antonio,Bexar,TX,78258,US,US/Central,KSAT,2016-03-22 05:24:00,61.5,,60,29.26,10.0,S,23.3,0.38,Heavy Rain,False,False,False,False,False,False,False,False,False,False,False,False,False,Night,Night,Night,Day
SYN-858,Source2,2,2020-09-19 13:47:00.000000000,2020-09-19 15:39:00.000000000,29.490628,-98.523692,,,0.0,Incident on N High St near 5th Ave. Expect delays.,N High St,San Antonio,Bexar,TX,78205,US,US/Central,KSAT,2020-09-19 13:15:00.000000000,71.7,,99,29.69,10.0,NNE,20.9,0.20,Rain,False,False,False,False,False,False,False,False,False,False,False,False,False,Day,Day,Day,Day
SYN-859,Source2,2,2019-08-01 11:53:00,2019-08-01 15:18:00,32.799492,-96.809017,32.793279,-96.814293,1.381,Lane blocked due to accident on I-75 S.,I-75 S,Dallas,Dallas,TX,75210,US,US/Central,,2019-08-01 11:23:00,77.2,,77,29.28,10.0,VAR,15.3,0.0,Partly Cloudy,False,False,False,False,True,False,False,False,False,False,False,False,False,Day,Day,Day,Day
SYN-860,Source1,2,2017-10-23 11:01:00.000000000,2017-10-23 15:16:00.000000000,25.781982,-80.155621,25.793277,-80.169028,1.373,Lane blocked due to accident on I-70 E.,I-70 E,Miami,Miami-Dade,FL,33181-4075,US,US/Eastern,KMIA,2017-10-23 10:40:00.000000000,74.0,,39,29.52,5.9,VAR,0.4,0.39,Heavy Rain,False,False,False,False,False,False,False,False,False,False,False,False,False,Day,Day,Day,Day
SYN-861,Source2,2,2018-08-29 18:20:00,2018-08-29 22:24:00,38.770348,-104.755675,,,0.0,Incident on Broadway near 5th Ave. Expect delays.,Broadway,Colorado Springs,El Paso,CO,80924,US,US/Mountain,KCOS,2018-08-29 17:45:00,78.2,,25,30.19,10.0,W,4.9,,Fog,False,False,True,False,False,False,False,False,True,True,False,True,False,Day,Day,Day,Day
SYN-862,Source2,2,2016-10-08 01:05:00,2016-10-08 06:23:00,39.798199,-105.060434,,,0.0,"Right lane blocked due to accident on E Washington Ave, near Park Rd.",E Washington Ave,Denver,Denver,CO,80262-6805,US,US/Mountain,KDEN,2016-10-08 00:31:00,52.0,,27,29.68,10.0,E,17.8,0.27,Rain,False,False,False,False,False,False,False,False,False,False,False,False,False,Night,Night,Night,Night
SYN-863,Source1,3,2017-10-19 11:37:00,2017-10-19 15:52:00,32.694187,-117.220959,,,0.0,"Right lane blocked due to accident on I-95 N, near 5th Ave.",I-95 N,San Diego,San Diego,CA,92188,US,US/Pacific,KSAN,2017-10-19 11:36:00,71.8,,66,29.46,5.5,W,1.4,,Partly Cloudy,False,False,False,False,False,False,False,False,False,False,False,True,False,Day,Day,Day,Day
SYN-864,Source2,2,2019-08-05 06:00:00,2019-08-05 06:54:00,43.201687,-77.680538,,,0.0,"Right lane blocked due to accident on I-71 N, near Exit 12.",I-71 N,Rochester,Monroe,NY,14660,US,US/Eastern,KROC,2019-08-05 05:48:00,77.3,,23,30.44,9.1,CALM,5.4,0.45,Heavy Rain,False,False,False,False,False,False,False,False,False,False,False,False,False,Night,Day,Day,Day
SYN-865,Source1,2,2021-07-01 06:45:00,2021-07-01 08:18:00,33.386647,-112.130883,33.380478,-112.131618,0.942,Incident on Broadway near Oak St. Expect delays.,Broadway,Phoenix,Maricopa,AZ,85056,US,US/Mountain,KPHX,2021-07-01 06:43:00,,,23,29.74,10.0,CALM,2.3,,Partly Cloudy,False,False,False,False,False,False,False,False,True,False,False,False,False,Night,Day,Day,Day
SYN-866,Source3,2,2021-11-10 22:32:00,2021-11-11 03:50:00,47.604885,-122.316299,47.605152,-122.297833,3.517,Incident on Main St near 5th Ave. Expect delays.,Main St,Seattle,King,WA,98102,US,US/Pacific,KBFI,2021-11-10 21:42:00,55.3,,22,29.97,10.0,NE,,,Partly Cloudy,False,False,False,False,True,False,False,False,False,False,False,False,False,Night,Night,Night,Night
SYN-867,Source1,4,2019-03-06 21:19:00,2019-03-06 22:59:00,29.358104,-98.509387,,,0.0,"Right lane blocked due to accident on State Route 4, near Park Rd.",State Route 4,San Antonio,Bexar,TX,78281,US,US/Central,KSAT,2019-03-06 20:35:00,,,89,30.00,10.0,,8.6,,Clear,False,False,False,False,False,False,False,False,False,False,False,False,False,,Night,Night,Night
SYN-868,Source2,2,2021-06-25 00:18:00,2021-06-25 01:22:00,33.456312,-112.040638,,,0.0,Accident on I-5 N at Exit 108.,I-5 N,Phoenix,Maricopa,AZ,85087,US,US/Mountain,KPHX,2021-06-24 23:35:00,100.0,,90,29.72,10.0,E,20.5,,Haze,False,False,False,False,False,False,False,False,False,False,False,True,False,Night,Night,Night,Night
SYN-869,Source3,2,2019-10-31 13:57:00,2019-10-31 19:42:00,47.650085,-122.388149,,,0.0,"Right lane blocked due to accident on I-71 N, near Exit 12.",I-71 N,Seattle,King,WA,98125-6312,US,US/Pacific,KBFI,2019-10-31 13:45:00,52.6,,82,29.67,10.0,VAR,8.5,0.40,Light Rain,False,False,False,False,False,False,False,False,False,False,False,False,False,Day,Day,Day,Day
SYN-870,Source1,2,2021-06-05 23:03:00,2021-06-06 00:11:00,39.803641,-84.255616,39.801258,-84.267310,2.669,Accident on Market St at Exit 12.,Market St,Dayton,Montgomery,OH,45453-9017,US,US/Eastern,KDAY,2021-06-05 22:54:00,66.8,,83,30.36,10.0,NW,15.8,0.0,Cloudy,False,False,False,False,False,False,False,False,False,False,False,False,False,Night,Night,Night,Night
SYN-871,Source2,2,2017-05-27 17:54:00,2017-05-27 20:38:00,28.019830,-82.380902,28.016094,-82.362165,3.630,Incident on I-90 E near Elm St. Expect delays.,I-90 E,Tampa,Hillsborough,FL,33653,US,US/Eastern,KTPA,2017-05-27 17:39:00,83.0,,80,30.01,7.1,CALM,20.2,,Overcast,False,False,False,False,False,False,False,False,False,False,False,False,False,Day,Day,Day,Day
SYN-872,Source3,2,2021-12-21 06:13:00.000000000,2021-12-21 11:22:00.000000000,42.950607,-78.849513,,,0.0,Accident on I-5 N at Oak St.,I-5 N,Buffalo,Erie,NY,14271,US,US/Eastern,KBUF,2021-12-21 05:51:00.000000000,40.7,40.3,85,29.94,10.0,NE,3.8,,Thunderstorm,False,False,False,False,False,False,False,False,False,False,False,False,False,Night,Day,Day,Day
SYN-873,Source1,2,2018-10-25 09:36:00.000000000,2018-10-25 11:48:00.000000000,39.119980,-84.460739,,,0.0,Lane blocked due to accident on I-95 N.,I-95 N,Cincinnati,Hamilton,OH,45297,US,,KLUK,2018-10-25 09:25:00.000000000,56.8,,86,29.31,10.0,VAR,,,Clear,False,False,False,False,False,False,False,False,False,False,False,False,False,Day,Day,Day,Day
SYN-874,Source1,2,2020-02-02 19:44:00,2020-02-03 00:25:00,47.600688,-117.456390,,,0.0,Accident on I-70 E at Elm St.,I-70 E,Spokane,Spokane,WA,99280-9853,US,US/Pacific,KGEG,2020-02-02 19:23:00,49.5,40.7,63,29.67,10.0,SE,16.5,0.0,Fog,False,False,False,False,False,False,False,False,False,False,False,False,False,Night,Day,Day,Day
SYN-875,Source3,3,2022-07-28 07:19:00,2022-07-28 08:23:00,32.657627,-117.121537,32.659787,-117.137249,0.594,Incident on State Route 4 near Exit 12. Expect delays.,State Route 4,San Diego,San Diego,CA,92109,US,US/Pacific,KSAN,2022-07-28 06:34:00,82.0,,62,30.14,5.0,CALM,12.8,,Fog,False,False,False,False,False,False,False,False,False,False,False,False,False,Day,Day,Day,Day
SYN-876,Source1,2,2022-05-05 16:22:00,2022-05-05 17:07:00,28.494742,-81.411282,,,0.0,Lane blocked due to accident on I-71 N.,I-71 N,Orlando,Orange,FL,32850,US,US/Eastern,KORL,2022-05-05 15:57:00,77.8,,53,29.68,10.0,SW,10.8,0.0,Cloudy,False,False,False,False,False,False,False,False,False,False,False,False,False,Day,Day,Day,Day
SYN-877,Source2,2,2016-08-11 10:36:00,2016-08-11 12:18:00,37.339965,-121.965246,,,0.0,Accident on I-5 N at Exit 108.,I-5 N,San Jose,Santa Clara,CA,95111,US,US/Pacific,KSJC,2016-08-11 10:04:00,69.1,,37,30.04,10.0,E,19.5,0.0,Partly Cloudy,False,False,False,False,False,False,False,False,False,False,False,False,False,Day,Day,Day,Day
SYN-878,Source2,3,2022-03-03 15:46:00,2022-03-03 16:54:00,37.415724,-121.953474,37.417447,-121.938669,1.287,Incident on Highway 99 near Oak St. Expect delays.,Highway 99,San Jose,Santa Clara,CA,95158-1217,US,US/Pacific,KSJC,2022-03-03 15:36:00,58.9,,89,30.03,10.0,S,16.8,0.25,Light Rain,False,False,False,False,False,False,False,False,False,False,False,False,False,Day,Day,Day,Day
SYN-879,Source1,2,2017-12-05 12:10:00.000000000,2017-12-05 17:49:00.000000000,28.595846,-81.439144,28.576627,-81.427314,1.662,Lane blocked due to accident on E Washington Ave.,E Washington Ave,Orlando,Orange,FL,32871,US,US/Eastern,KORL,2017-12-05 11:51:00.000000000,68.2,,75,29.43,10.0,NNE,3.6,0.0,Haze,False,False,False,False,False,False,False,False,False,False,False,False,False,Day,Day,Day,Day
SYN-880,Source2,2,2016-12-20 01:59:00.000000000,2016-12-20 02:25:00.000000000,39.682910,-84.215836,39.699653,-84.226905,0.972,Incident on Main St near Exit 108. Expect delays.,Main St,Dayton,Montgomery,OH,45460,US,US/Eastern,KDAY,2016-12-20 01:49:00.000000000,36.9,,84,30.20,10.0,N,23.3,0.21,Light Rain,False,False,False,False,False,False,False,False,False,False,False,False,False,Night,Night,Night,Night
SYN-881,Source1,2,2018-03-22 10:43:00,2018-03-22 11:47:00,33.712136,-84.327754,,,0.0,Incident on Market St near Elm St. Expect delays.,Market St,Atlanta,Fulton,GA,30331,US,US/Eastern,KATL,2018-03-22 10:06:00,50.2,,66,29.54,10.0,NE,4.4,,Mostly Cloudy,False,False,False,False,False,False,False,False,False,False,False,False,False,Day,Day,Day,Day
SYN-882,Source1,2,2022-02-05 03:10:00,2022-02-05 05:06:00,37.379926,-121.848845,37.373953,-121.863616,2.806,"Right lane blocked due to accident on Highway 99, near Exit 108.",Highway 99,San Jose,Santa Clara,CA,95104,US,US/Pacific,KSJC,2022-02-05 02:33:00,63.8,,92,30.10,10.0,S,,0.28,Light Rain,False,False,False,False,False,False,False,False,False,False,False,False,False,Night,Night,Night,Night
SYN-883,Source1,3,2018-07-09 15:37:00,2018-07-09 16:59:00,38.885733,-104.831576,,,0.0,Lane blocked due to accident on State Route 4.,State Route 4,Colorado Springs,El Paso,CO,80978-6976,US,US/Mountain,KCOS,,70.3,,33,29.32,10.0,NW,17.8,,Fair,False,False,False,False,False,False,False,False,False,False,False,False,False,Day,Day,Day,Day
SYN-884,Source2,2,2022-03-09 00:58:00,2022-03-09 05:37:00,27.927007,-82.449351,,,0.0,Lane blocked due to accident on I-5 N.,I-5 N,Tampa,Hillsborough,FL,33678-2804,US,US/Eastern,KTPA,2022-03-09 00:26:00,75.0,,68,29.39,10.0,VAR,22.7,0.18,Heavy Rain,False,False,False,False,False,False,False,False,False,False,False,False,False,Night,Night,Night,Night
SYN-885,Source3,2,2018-04-06 05:42:00.000000000,2018-04-06 09:46:00.000000000,41.577802,-81.762948,,,0.0,Incident on State Route 4 near Park Rd. Expect delays.,State Route 4,Cleveland,Cuyahoga,OH,44127-8126,US,US/Eastern,KCLE,2018-04-06 05:08:00.000000000,54.1,,22,29.32,10.0,VAR,16.8,,Clear,False,False,False,False,False,False,False,False,False,False,False,True,False,Night,Night,Night,Day
SYN-886,Source3,2,2018-09-14 05:01:00.000000000,2018-09-14 06:56:00.000000000,43.133539,-77.537437,,,0.0,Incident on Market St near Oak St. Expect delays.,Market St,Rochester,Monroe,NY,14692-9360,US,US/Eastern,KROC,2018-09-14 04:54:00.000000000,71.6,,87,29.58,10.0,S,18.7,,Clear,False,False,False,False,False,False,False,False,False,False,False,False,False,Night,Night,Night,Day
SYN-887,Source3,3,2018-06-12 10:57:00,2018-06-12 12:28:00,38.796927,-104.822967,,,0.0,Accident on I-95 N at Elm St.,I-95 N,Colorado Springs,El Paso,CO,80987,US,US/Mountain,KCOS,2018-06-12 10:22:00,70.0,,100,29.68,10.0,N,0.1,0.05,Rain,False,False,False,False,False,False,False,False,False,False,False,False,False,Day,Day,Day,Day
SYN-888,Source2,2,2019-10-12 07:01:00.000000000,2019-10-12 10:36:00.000000000,39.835847,-84.180874,39.815970,-84.175117,1.238,Lane blocked due to accident on I-10 W.,I-10 W,Dayton,Montgomery,OH,45403,US,US/Eastern,KDAY,2019-10-12 06:53:00.000000000,49.7,47.0,25,30.13,10.0,S,2.3,0.0,Haze,False,False,False,False,False,False,False,False,False,False,False,True,False,Day,Day,Day,Day
SYN-889,Source2,2,2021-08-22 22:52:00,2021-08-23 04:47:00,32.747710,-117.164726,,,0.0,Lane blocked due to accident on I-5 N.,I-5 N,San Diego,San Diego,CA,92135,US,US/Pacific,KSAN,2021-08-22 22:15:00,71.2,,27,29.23,10.0,SW,17.2,0.0,Clear,False,False,False,False,False,False,False,False,False,False,False,False,False,Night,Night,Night,Night
SYN-890,Source3,3,2022-01-25 21:18:00,2022-01-25 23:26:00,29.814828,-95.302687,,,0.0,Accident on US-101 S at 5th Ave.,US-101 S,Houston,Harris,TX,77091,US,US/Central,KHOU,2022-01-25 20:39:00,45.0,40.3,64,29.30,10.0,SW,21.5,,Fair,False,False,False,False,False,False,False,False,False,False,False,False,False,Night,Night,Night,Night
SYN-891,Source1,1,2020-03-21 10:47:00,2020-03-21 13:46:00,33.381925,-112.044023,33.378050,-112.028900,1.059,Lane blocked due to accident on I-5 N.,I-5 N,Phoenix,Maricopa,AZ,85045,US,US/Mountain,KPHX,2020-03-21 10:17:00,66.6,,25,29.87,10.0,VAR,2.6,,Cloudy,False,False,False,False,False,False,False,False,False,False,False,False,False,Day,Day,Day,Day
SYN-892,Source1,2,2019-07-02 07:33:00.000000000,2019-07-02 12:59:00.000000000,42.949967,-78.833375,42.949564,-78.822341,2.553,Lane blocked due to accident on I-70 E.,I-70 E,Buffalo,Erie,NY,14215-6244,US,US/Eastern,KBUF,2019-07-02 07:23:00.000000000,68.1,,33,29.28,10.0,NNE,0.2,,Mostly Cloudy,False,False,False,False,False,False,False,False,False,False,False,False,False,Day,Day,Day,Day
SYN-893,Source1,3,2022-04-01 14:54:00,2022-04-01 15:43:00,28.557633,-81.333500,28.573676,-81.348902,3.486,Lane blocked due to accident on I-71 N.,I-71 N,Orlando,Orange,FL,32808,US,US/Eastern,KORL,2022-04-01 14:14:00,78.4,,91,29.39,10.0,,15.0,0.0,Fog,False,False,False,False,True,False,False,False,False,False,False,False,False,Day,Day,Day,Day
SYN-894,Source2,3,2020-04-29 07:52:00,2020-04-29 12:29:00,29.442336,-98.441080,29.431495,-98.426017,0.282,Lane blocked due to accident on Market St.,Market St,San Antonio,Bexar,TX,78295-2886,US,US/Central,KSAT,2020-04-29 07:50:00,74.1,,77,30.14,10.0,S,17.5,,Thunderstorm,False,False,False,False,False,False,False,False,False,False,False,False,False,Day,Day,Day,Day
SYN-895,Source1,2,2016-10-06 13:02:00,2016-10-06 18:23:00,40.008144,-83.019337,,,0.0,Lane blocked due to accident on Broadway.,Broadway,Columbus,Franklin,OH,43244,US,US/Eastern,KCMH,2016-10-06 12:12:00,45.1,,58,30.22,10.0,VAR,,0.0,Cloudy,False,False,False,False,True,False,False,False,False,False,False,False,False,Day,Day,Day,Day
SYN-896,Source1,2,2022-05-10 20:47:00,2022-05-10 22:43:00,33.374542,-112.083423,33.357055,-112.073627,1.957,Accident on E Washington Ave at Exit 12.,E Washington Ave,Phoenix,Maricopa,AZ,85067,US,US/Mountain,,2022-05-10 20:41:00,89.2,,46,30.27,9.3,CALM,4.7,0.42,Rain,False,False,False,False,False,False,False,False,False,False,False,False,False,Night,Night,Night,Day
SYN-897,Source1,1,2022-04-08 18:57:00.000000000,2022-04-08 22:18:00.000000000,42.899102,-78.901076,,,0.0,"Right lane blocked due to accident on Main St, near Elm St.",Main St,Buffalo,Erie,NY,14229,US,US/Eastern,KBUF,2022-04-08 18:41:00.000000000,60.2,,28,29.60,10.0,SW,,0.0,,False,False,False,False,False,False,False,False,False,False,False,False,False,Day,Day,Day,Day
SYN-898,Source1,2,2016-02-11 08:30:00,2016-02-11 11:18:00,42.841803,-78.901954,,,0.0,Accident on Broadway at 5th Ave.,Broadway,Buffalo,Erie,NY,14228-1518,US,US/Eastern,KBUF,2016-02-11 07:56:00,30.7,,56,30.00,10.0,SW,24.8,0.14,Rain,False,False,False,False,True,False,False,False,False,False,False,False,False,Day,Day,Day,Day
SYN-899,Source3,2,2021-10-10 09:45:00,2021-10-10 14:42:00,39.975682,-82.992982,39.987240,-82.982112,3.813,"Right lane blocked due to accident on N High St, near 5th Ave.",N High St,Columbus,Franklin,OH,43262,US,US/Eastern,KCMH,2021-10-10 09:44:00,49.2,,,29.68,10.0,NW,23.3,0.0,Thunderstorm,False,False,False,False,False,False,False,False,False,True,False,False,False,Day,Day,Day,Day
SYN-900,Source1,2,2017-09-09 22:06:00,2017-09-10 01:35:00,37.313926,-121.861710,37.316361,-121.878548,0.386,Incident on Broadway near Oak St. Expect delays.,Broadway,San Jose,Santa Clara,CA,95195-5259,US,US/Pacific,KSJC,2017-09-09 21:31:00,68.6,,52,30.28,10.0,NNE,5.0,,Partly Cloudy,False,False,False,False,False,False,False,False,False,False,False,False,False,Night,Night,Night,Night
SYN-901,Source2,3,2022-04-21 08:02:00,2022-04-21 09:34:00,42.918915,-78.862872,,,0.0,"Right lane blocked due to accident on I-90 E, near Exit 12.",I-90 E,Buffalo,Erie,NY,14243,US,US/Eastern,KBUF,2022-04-21 08:01:00,50.3,,68,29.74,2.1,NNE,15.2,0.0,Mostly Cloudy,False,False,True,False,False,False,False,False,False,False,False,False,False,Day,Day,Day,Day
SYN-902,Source1,2,2017-02-18 03:35:00,2017-02-18 08:01:00,30.250585,-97.680211,,,0.0,Incident on Market St near 5th Ave. Expect delays.,Market St,Austin,Travis,TX,78736,US,US/Central,KAUS,2017-02-18 03:22:00,61.6,,85,30.29,10.0,S,7.7,0.0,Overcast,False,False,False,False,False,False,False,False,False,False,False,False,False,Night,Night,Night,Night
SYN-903,Source2,2,2017-10-20 21:58:00,2017-10-21 00:04:00,32.148473,-110.933173,,,0.0,Incident on I-95 N near Park Rd. Expect delays.,I-95 N,Tucson,Pima,AZ,85780,US,US/Mountain,KTUS,2017-10-20 21:52:00,75.5,,43,29.25,10.0,S,24.9,0.0,Clear,False,False,False,False,False,False,False,False,False,False,False,False,False,Night,Night,Night,Night
SYN-904,Source1,3,2021-02-24 21:34:00,2021-02-25 02:18:00,33.984429,-118.283612,34.002959,-118.280849,3.178,Incident on US-101 S near Park Rd. Expect delays.,US-101 S,Los Angeles,Los Angeles,CA,90048,US,US/Pacific,KCQT,2021-02-24 20:49:00,51.2,,69,30.04,10.0,SW,9.3,0.0,Haze,False,False,True,False,False,False,False,False,False,False,False,False,False,Night,Night,Night,Night
SYN-905,Source1,2,2019-04-03 02:06:00.000000000,2019-04-03 05:33:00.000000000,37.388899,-121.808381,,,0.0,"Right lane blocked due to accident on Broadway, near 5th Ave.",Broadway,San Jose,Santa Clara,CA,95166-7357,US,US/Pacific,KSJC,2019-04-03 01:56:00.000000000,59.0,,34,29.58,3.6,VAR,14.0,0.46,Light Rain,False,False,False,False,False,False,False,False,False,False,False,False,False,Night,Night,Night,Night
SYN-906,Source2,2,2021-04-19 23:03:00,2021-04-20 01:09:00,33.745053,-84.457765,33.755815,-84.438219,2.910,Incident on E Washington Ave near 5th Ave. Expect delays.,E Washington Ave,Atlanta,Fulton,GA,30333,US,US/Eastern,KATL,2021-04-19 22:37:00,63.1,,26,29.43,10.0,VAR,17.8,,Fog,False,False,False,False,False,False,False,False,True,False,False,True,False,Night,Night,Night,Night
SYN-907,Source3,2,2022-05-10 12:44:00.000000000,2022-05-10 13:03:00.000000000,33.735413,-84.320992,33.720149,-84.304681,2.231,Lane blocked due to accident on I-95 N.,I-95 N,Atlanta,Fulton,GA,30357,US,US/Eastern,KATL,2022-05-10 12:11:00.000000000,70.1,,73,29.87,10.0,S,5.9,,,False,False,False,False,False,False,False,False,False,False,False,False,False,Day,Day,Day,Day
SYN-908,Source3,2,2019-11-11 06:29:00,2019-11-11 12:08:00,32.676995,-117.213110,32.674564,-117.203959,0.877,"Right lane blocked due to accident on I-71 N, near Exit 12.",I-71 N,San Diego,San Diego,CA,92148,US,US/Pacific,KSAN,2019-11-11 06:28:00,57.2,,23,29.30,10.0,CALM,24.8,0.20,Light Rain,False,False,False,False,False,False,False,False,False,False,False,False,False,Night,Day,Day,Day
SYN-909,Source2,2,2019-04-25 02:52:00,2019-04-25 08:30:00,39.982599,-83.041797,39.992492,-83.040434,3.756,Lane blocked due to accident on State Route 4.,State Route 4,Columbus,Franklin,OH,43271,US,US/Eastern,KCMH,2019-04-25 02:22:00,53.7,,35,30.42,10.0,S,17.5,0.0,Fair,False,False,False,False,False,False,False,False,False,False,False,False,False,Night,Night,Night,Night
SYN-910,Source1,3,2019-11-08 15:11:00,2019-11-08 20:58:00,29.786290,-95.360552,29.774453,-95.375242,2.688,Accident on E Washington Ave at 5th Ave.,E Washington Ave,Houston,Harris,TX,77020,US,US/Central,KHOU,2019-11-08 15:01:00,64.2,,73,30.40,10.0,NE,6.0,,Mostly Cloudy,False,False,False,False,False,False,False,False,False,False,False,False,False,Day,Day,Day,Day
SYN-911,Source1,2,2017-09-16 15:25:00,2017-09-16 20:43:00,38.653513,-121.519834,38.649217,-121.519193,0.566,Incident on I-70 E near Exit 108. Expect delays.,I-70 E,Sacramento,Sacramento,CA,95851,US,US/Pacific,KSAC,2017-09-16 15:18:00,75.1,,65,30.02,10.0,W,21.3,,Thunderstorm,False,False,False,False,False,False,False,False,False,False,False,False,False,Day,Day,Day,Day
SYN-912,Source1,3,2019-07-07 03:01:00,2019-07-07 06:00:00,33.457287,-112.148007,33.471825,-112.163601,0.489,Accident on I-5 N at Exit 108.,I-5 N,Phoenix,Maricopa,AZ,85046,US,US/Mountain,KPHX,2019-07-07 02:43:00,94.4,,31,29.87,10.0,NW,20.5,,Fair,False,False,False,False,False,False,False,False,False,False,False,False,False,Night,Night,Night,Night
SYN-913,Source1,3,2022-04-26 10:38:00.000000000,2022-04-26 14:57:00.000000000,37.269219,-121.924416,37.263659,-121.925969,0.046,Incident on I-5 N near Exit 108. Expect delays.,I-5 N,San Jose,Santa Clara,CA,95120-3454,US,US/Pacific,KSJC,2022-04-26 10:28:00.000000000,61.3,,82,30.04,10.0,NE,1.7,0.0,Partly Cloudy,False,False,False,False,False,False,False,False,False,False,False,True,False,Day,Day,Day,Day
SYN-914,Source2,2,2022-09-13 07:10:00,2022-09-13 11:45:00,40.654299,-73.992655,,,0.0,Accident on I-71 N at Elm St.,I-71 N,New York,New York,NY,10019,US,US/Eastern,,2022-09-13 06:39:00,57.9,,39,29.77,8.4,N,22.2,,Thunderstorm,False,False,False,False,False,False,False,False,False,False,False,False,False,Day,Day,Day,Day
SYN-915,Source2,2,2016-07-09 20:04:00,2016-07-10 00:05:00,33.816430,-84.427516,,,0.0,Lane blocked due to accident on I-70 E.,I-70 E,Atlanta,Fulton,GA,30311,US,US/Eastern,KATL,2016-07-09 20:04:00,75.8,,54,30.12,10.0,SW,6.2,0.49,Light Rain,False,False,False,False,False,False,False,False,True,False,False,False,False,Night,Night,Night,Day
SYN-916,Source1,3,2020-12-28 23:24:00,2020-12-29 01:55:00,38.869097,-104.789653,38.867106,-104.784848,1.960,Lane blocked due to accident on I-10 W.,I-10 W,Colorado Springs,El Paso,CO,80931,US,US/Mountain,KCOS,2020-12-28 22:51:00,39.1,35.4,,29.25,10.0,NW,22.4,0.49,Heavy Rain,False,False,True,False,False,False,False,False,False,False,False,False,False,Night,Night,Night,Night
SYN-917,Source1,2,2021-08-29 01:09:00,2021-08-29 06:09:00,47.602972,-117.442937,,,0.0,Lane blocked due to accident on I-90 E.,I-90 E,Spokane,Spokane,WA,99290,US,US/Pacific,KGEG,2021-08-29 00:56:00,62.1,,38,29.38,10.0,NE,20.0,,Overcast,False,False,False,False,False,False,False,False,False,False,False,True,False,Night,Night,Night,Night
SYN-918,Source2,4,2022-09-18 12:16:00,2022-09-18 14:14:00,43.128988,-77.539807,,,0.0,Accident on Broadway at Exit 108.,Broadway,Rochester,Monroe,NY,14638-2790,US,US/Eastern,KROC,2022-09-18 12:12:00,64.9,,73,30.30,10.0,N,7.6,,Thunderstorm,False,False,False,False,False,False,False,False,False,False,False,False,False,Day,Day,Day,Day
SYN-919,Source1,2,2016-10-04 12:04:00.000000000,2016-10-04 13:18:00.000000000,32.758831,-117.121677,32.773967,-117.129094,3.026,Lane blocked due to accident on US-101 S.,US-101 S,San Diego,San Diego,CA,92190,US,US/Pacific,KSAN,2016-10-04 11:23:00.000000000,66.3,,86,29.49,10.0,NNE,21.1,0.0,Thunderstorm,False,False,False,False,False,False,False,False,False,False,False,True,False,Day,Day,Day,Day
SYN-920,Source2,2,2016-02-26 18:09:00,2016-02-26 23:02:00,27.927831,-82.401798,,,0.0,"Right lane blocked due to accident on Highway 99, near Oak St.",Highway 99,Tampa,Hillsborough,FL,33671,US,US/Eastern,KTPA,2016-02-26 17:44:00,61.6,,31,30.36,10.0,CALM,5.2,,Partly Cloudy,False,False,False,False,True,False,False,False,False,False,False,True,False,Day,Day,Day,Day
SYN-921,Source1,3,2016-10-28 04:12:00,2016-10-28 04:57:00,29.494082,-98.420405,,,0.0,"Right lane blocked due to accident on Main St, near Exit 12.",Main St,San Antonio,Bexar,TX,78289,US,US/Central,KSAT,2016-10-28 04:01:00,75.4,,45,30.26,10.0,NE,17.5,0.0,Mostly Cloudy,False,False,False,False,False,False,False,False,False,False,False,True,False,Night,Night,Night,Night
SYN-922,Source1,3,2019-02-10 12:05:00.000000000,2019-02-10 16:06:00.000000000,25.716069,-80.202580,25.731345,-80.214189,0.097,Incident on N High St near Exit 12. Expect delays.,N High St,Miami,Miami-Dade,FL,33161-3079,US,US/Eastern,KMIA,2019-02-10 12:05:00.000000000,66.2,,23,30.12,10.0,CALM,,,Mostly Cloudy,False,False,False,False,False,False,False,False,False,False,False,False,False,Day,Day,Day,Day
SYN-923,Source3,2,2018-05-16 23:15:00,2018-05-17 01:36:00,33.815720,-84.335556,,,0.0,"Right lane blocked due to accident on I-71 N, near Elm St.",I-71 N,Atlanta,Fulton,GA,30369,US,US/Eastern,KATL,2018-05-16 22:40:00,76.5,,69,29.94,10.0,NE,,0.32,Light Rain,False,False,False,False,False,False,False,False,False,False,False,False,False,Night,Night,Night,Night
SYN-924,Source1,2,2019-09-26 06:31:00,2019-09-26 10:42:00,38.597022,-121.428296,,,0.0,Accident on Broadway at Elm St.,Broadway,Sacramento,Sacramento,CA,95818,US,US/Pacific,KSAC,2019-09-26 05:47:00,77.5,,53,30.06,10.0,NW,3.4,0.17,Light Rain,False,False,False,False,False,False,False,False,False,False,False,False,False,Night,Day,Day,Day
SYN-925,Source2,3,2020-07-05 02:38:00,2020-07-05 04:25:00,40.023907,-82.932083,,,0.0,Incident on I-70 E near Elm St. Expect delays.,I-70 E,Columbus,Franklin,OH,43266-6099,US,US/Eastern,KCMH,2020-07-05 02:33:00,,,28,29.24,10.0,VAR,,,Thunderstorm,False,False,False,False,True,False,False,False,False,True,False,True,False,Night,Night,Night,Night
SYN-926,Source3,4,2018-09-09 01:42:00,2018-09-09 03:34:00,29.822936,-95.342162,,,0.0,Incident on Highway 99 near Exit 12. Expect delays.,Highway 99,Houston,Harris,TX,77088,US,US/Central,KHOU,2018-09-09 01:22:00,72.7,,82,29.39,10.0,E,18.2,,Fog,False,False,False,False,False,False,False,False,False,False,False,False,False,Night,Night,Night,Night
SYN-927,Source3,3,2021-04-07 09:00:00,2021-04-07 14:22:00,30.295280,-97.793761,,,0.0,Incident on I-70 E near Oak St. Expect delays.,I-70 E,Austin,Travis,TX,78773,US,US/Central,KAUS,2021-04-07 08:43:00,72.6,,77,29.20,10.0,N,23.2,,Haze,False,False,False,False,False,False,False,False,True,False,False,False,False,Day,Day,Day,Day
SYN-928,Source2,2,2017-04-28 00:39:00,2017-04-28 03:36:00,39.163742,-84.484237,,,0.0,Incident on I-70 E near Elm St. Expect delays.,I-70 E,Cincinnati,Hamilton,OH,45208-3015,US,US/Eastern,KLUK,2017-04-27 23:52:00,58.3,,24,29.75,10.0,NNE,14.3,0.21,Heavy Rain,False,False,False,False,False,False,False,False,False,False,False,False,False,Night,Night,Night,Night
SYN-929,Source2,2,2020-02-13 18:40:00.000000000,2020-02-13 20:20:00.000000000,29.737817,-95.395989,,,0.0,Accident on Highway 99 at Oak St.,Highway 99,Houston,Harris,TX,77001,US,US/Central,KHOU,2020-02-13 17:57:00.000000000,56.4,,48,29.25,10.0,S,24.8,,Cloudy,False,False,False,False,False,False,False,False,False,False,False,False,False,Day,Day,Day,Day
SYN-930,Source2,2,2018-03-22 06:59:00,2018-03-22 08:40:00,39.783117,-84.150031,39.764328,-84.133400,3.081,Accident on Broadway at Elm St.,Broadway,Dayton,Montgomery,OH,45468,US,US/Eastern,KDAY,2018-03-22 06:46:00,35.9,,38,30.21,10.0,NNE,5.1,0.0,Haze,False,False,False,False,False,False,False,False,False,False,False,False,False,Night,Day,Day,Day
SYN-931,Source3,2,2019-09-23 22:26:00.000000000,2019-09-24 03:52:00.000000000,33.386707,-112.079527,,,0.0,"Right lane blocked due to accident on Broadway, near Elm St.",Broadway,Phoenix,Maricopa,AZ,85023,US,US/Mountain,KPHX,2019-09-23 21:49:00.000000000,87.1,,47,29.32,10.0,CALM,,,Haze,False,False,False,True,False,False,False,False,False,False,False,False,False,Night,Night,Night,Night
SYN-932,Source1,2,2017-11-24 04:53:00.000000000,2017-11-24 09:50:00.000000000,25.773276,-80.213897,,,0.0,"Right lane blocked due to accident on E Washington Ave, near Exit 12.",E Washington Ave,Miami,Miami-Dade,FL,33142,US,US/Eastern,KMIA,2017-11-24 04:40:00.000000000,67.0,,43,30.15,10.0,VAR,17.2,,Mostly Cloudy,False,False,True,False,False,False,False,False,False,True,False,True,False,Night,Night,Night,Night
SYN-933,Source2,4,2017-12-25 08:20:00.000000000,2017-12-25 14:10:00.000000000,39.080190,-84.555934,,,0.0,Lane blocked due to accident on I-35 S.,I-35 S,Cincinnati,Hamilton,OH,45253,US,US/Eastern,KLUK,2017-12-25 08:11:00.000000000,25.2,,79,30.48,10.0,N,9.4,,Thunderstorm,False,False,True,False,True,False,False,False,False,False,False,False,False,Day,Day,Day,Day
SYN-934,Source1,2,2017-08-27 04:03:00,2017-08-27 06:45:00,42.841695,-78.853708,42.826554,-78.856327,3.562,Accident on State Route 4 at Elm St.,State Route 4,Buffalo,Erie,NY,14272,US,US/Eastern,KBUF,2017-08-27 03:44:00,71.0,,74,30.00,10.0,NE,6.1,,Mostly Cloudy,False,False,False,False,False,False,False,False,False,False,False,False,False,Night,Night,Night,Night
SYN-935,Source1,2,2018-01-05 17:20:00,2018-01-05 21:37:00,38.817242,-104.840310,38.835150,-104.844080,3.058,Accident on N High St at Park Rd.,N High St,Colorado Springs,El Paso,CO,80928,US,US/Mountain,KCOS,2018-01-05 17:04:00,23.9,14.8,52,29.48,10.0,SW,11.9,,Haze,False,False,True,False,False,False,False,False,False,False,False,False,False,Day,Day,Day,Day
SYN-936,Source1,2,2017-12-07 12:39:00,2017-12-07 14:39:00,42.905193,-78.942185,,,0.0,Incident on US-101 S near Oak St. Expect delays.,US-101 S,Buffalo,Erie,NY,14296,US,US/Eastern,KBUF,2017-12-07 12:03:00,27.9,,44,29.53,5.6,NNE,2.9,0.27,Heavy Rain,False,False,False,False,False,False,False,False,False,False,False,False,False,Day,Day,Day,Day
SYN-937,Source2,3,2021-09-12 15:33:00,2021-09-12 21:15:00,38.610959,-121.550747,,,0.0,"Right lane blocked due to accident on N High St, near Park Rd.",N High St,Sacramento,Sacramento,CA,95845,US,US/Pacific,KSAC,2021-09-12 14:57:00,62.9,,75,29.94,10.0,SE,13.7,,Fair,False,False,False,False,False,False,False,False,False,False,False,False,False,Day,Day,Day,Day
SYN-938,Source1,4,2018-01-30 06:33:00,2018-01-30 07:03:00,29.789723,-95.425807,29.778786,-95.443125,2.057,Accident on I-10 W at Oak St.,I-10 W,Houston,Harris,TX,77092,US,US/Central,KHOU,2018-01-30 05:55:00,59.8,,33,30.25,10.0,S,5.7,,Partly Cloudy,False,False,False,False,False,False,False,False,False,False,False,False,False,Night,Day,Day,Day
SYN-939,Source3,3,2017-12-06 01:41:00,2017-12-06 02:49:00,43.082381,-77.580054,,,0.0,Accident on N High St at Park Rd.,N High St,Rochester,Monroe,NY,14666,US,US/Eastern,KROC,2017-12-06 01:03:00,34.7,,79,30.22,10.0,E,1.1,0.0,Fair,False,False,False,False,False,False,False,False,False,False,False,False,False,Night,Night,Night,Night
SYN-940,Source1,2,2019-07-02 12:46:00,2019-07-02 15:03:00,28.566307,-81.315494,28.572129,-81.321603,2.197,Incident on N High St near 5th Ave. Expect delays.,N High St,Orlando,Orange,FL,32863-9797,US,US/Eastern,KORL,2019-07-02 12:15:00,88.1,,82,29.87,10.0,E,6.3,,Haze,False,False,False,False,False,False,False,False,False,False,False,False,False,Day,Day,Day,Day
SYN-941,Source3,1,2020-04-03 04:58:00.000000000,2020-04-03 07:31:00.000000000,47.564683,-122.407942,47.564295,-122.392542,2.005,"Right lane blocked due to accident on N High St, near Oak St.",N High St,Seattle,King,WA,98177,US,US/Pacific,KBFI,2020-04-03 04:37:00.000000000,55.2,,58,29.93,10.0,SW,17.3,,Cloudy,False,False,True,False,False,False,False,False,False,False,False,False,False,Night,Night,Night,Night
SYN-942,Source1,2,2021-07-21 12:56:00,2021-07-21 14:46:00,34.008901,-118.319558,34.003511,-118.310581,3.270,Lane blocked due to accident on N High St.,N High St,Los Angeles,Los Angeles,CA,90024-4795,US,US/Pacific,KCQT,2021-07-21 12:40:00,79.1,,23,29.98,10.0,N,19.2,,Cloudy,False,False,False,False,False,False,False,False,False,False,False,False,False,Day,Day,Day,Day
SYN-943,Source2,3,2016-04-12 03:30:00,2016-04-12 07:30:00,32.651813,-117.118621,32.662818,-117.117421,0.668,Incident on I-90 E near Exit 12. Expect delays.,I-90 E,San Diego,San Diego,CA,92182,US,US/Pacific,KSAN,2016-04-12 03:19:00,65.9,,28,29.91,10.0,NW,17.8,0.25,Heavy Rain,False,False,False,False,True,False,False,False,False,False,False,True,False,Night,Night,Night,Night
SYN-944,Source1,3,2016-05-25 23:59:00,2016-05-26 00:38:00,34.075446,-118.166688,34.061971,-118.148864,3.460,Incident on I-71 N near Oak St. Expect delays.,I-71 N,Los Angeles,Los Angeles,CA,90079-4097,US,US/Pacific,KCQT,2016-05-25 23:16:00,75.7,,40,29.93,,W,,0.0,Haze,False,False,True,False,False,False,False,False,False,False,False,False,False,Night,Night,Night,Night
SYN-945,Source1,2,2018-11-11 11:01:00,2018-11-11 15:24:00,37.263802,-121.880929,,,0.0,"Right lane blocked due to accident on I-90 E, near Park Rd.",I-90 E,San Jose,Santa Clara,CA,95160,US,US/Pacific,KSJC,2018-11-11 11:00:00,55.2,,70,30.35,10.0,NW,23.3,,Thunderstorm,False,False,False,False,False,False,False,False,False,False,False,False,False,Day,Day,Day,Day
SYN-946,Source1,2,2022-03-15 13:25:00,2022-03-15 19:24:00,32.752879,-96.749869,32.747971,-96.763854,0.070,Lane blocked due to accident on Market St.,Market St,Dallas,Dallas,TX,75255,US,US/Central,KDAL,2022-03-15 12:42:00,55.1,,85,30.03,10.0,VAR,7.8,,Clear,False,False,False,False,False,False,False,False,False,False,False,False,False,Day,Day,Day,Day
SYN-947,Source3,2,2020-09-03 21:51:00,2020-09-04 02:36:00,34.057813,-118.243862,34.064738,-118.228887,2.610,Incident on E Washington Ave near Exit 12. Expect delays.,E Washington Ave,Los Angeles,Los Angeles,CA,90097,US,US/Pacific,KCQT,2020-09-03 21:25:00,,,96,30.04,10.0,SW,10.9,0.15,Rain,False,False,False,False,True,False,False,False,False,False,False,False,False,Night,Night,Night,Night
SYN-948,Source1,2,2016-09-07 08:37:00.000000000,2016-09-07 10:25:00.000000000,27.903049,-82.377212,27.897808,-82.395091,1.659,Lane blocked due to accident on Market St.,Market St,Tampa,Hillsborough,FL,33672,US,US/Eastern,KTPA,2016-09-07 07:54:00.000000000,75.2,,39,29.46,10.0,E,18.9,0.0,Fair,False,False,False,False,False,False,False,False,False,False,False,False,False,Day,Day,Day,Day
SYN-949,Source1,2,2019-03-13 18:16:00,2019-03-13 20:37:00,40.782141,-74.051064,,,0.0,"Right lane blocked due to accident on N High St, near Park Rd.",N High St,New York,New York,NY,10034-9798,US,US/Eastern,KNYC,2019-03-13 17:34:00,35.8,,29,30.07,10.0,CALM,3.6,0.0,Fair,False,False,False,False,False,False,False,False,False,False,False,False,False,Day,Day,Day,Day
SYN-950,Source2,2,2022-02-02 09:46:00,2022-02-02 15:34:00,37.361917,-121.916099,,,0.0,Lane blocked due to accident on I-70 E.,I-70 E,San Jose,Santa Clara,CA,95137-7543,US,US/Pacific,KSJC,2022-02-02 08:58:00,55.3,,86,29.54,10.0,CALM,19.9,0.27,Light Rain,False,False,False,False,False,False,False,False,False,False,False,False,False,Day,Day,Day,Day
SYN-951,Source2,2,2020-01-31 07:44:00,2020-01-31 13:10:00,25.832731,-80.192867,,,0.0,Accident on I-5 N at 5th Ave.,I-5 N,Miami,Miami-Dade,FL,33187,US,US/Eastern,KMIA,2020-01-31 07:14:00,59.8,,61,29.99,10.0,SW,5.8,0.0,Clear,False,False,False,False,False,False,False,False,False,False,False,False,False,Day,Day,Day,Day
SYN-952,Source1,2,2021-09-13 14:51:00,2021-09-13 16:40:00,47.590318,-122.379420,,,0.0,Accident on Highway 99 at Oak St.,Highway 99,Seattle,King,WA,98123,US,US/Pacific,,2021-09-13 14:14:00,60.9,,61,29.33,1.4,E,15.3,0.0,Clear,False,False,False,False,False,False,False,False,False,False,False,False,False,Day,Day,Day,Day
SYN-953,Source2,3,2021-01-25 08:10:00.000000000,2021-01-25 10:38:00.000000000,32.279455,-110.935265,,,0.0,Accident on I-35 S at Elm St.,I-35 S,Tucson,Pima,AZ,85783-8737,US,US/Mountain,KTUS,2021-01-25 07:23:00.000000000,58.8,,55,29.29,10.0,E,24.8,,Haze,False,False,False,False,True,False,False,False,False,False,False,True,False,Day,Day,Day,Day
SYN-954,Source1,2,2018-10-23 02:11:00,2018-10-23 03:26:00,39.130484,-84.570229,39.115859,-84.572786,3.707,Accident on Broadway at Exit 12.,Broadway,Cincinnati,Hamilton,OH,45251,US,US/Eastern,KLUK,2018-10-23 01:57:00,43.9,,65,29.94,10.0,E,24.2,,Fair,False,False,False,False,False,False,False,False,False,False,False,False,False,Night,Night,Night,Night
SYN-955,Source1,2,2022-06-15 09:53:00.000000000,2022-06-15 12:41:00.000000000,32.166061,-110.964822,32.181755,-110.950732,1.920,Lane blocked due to accident on State Route 4.,State Route 4,Tucson,Pima,AZ,85773,US,US/Mountain,KTUS,2022-06-15 09:23:00.000000000,89.4,,32,29.88,10.0,CALM,0.1,0.34,Rain,False,False,False,False,False,False,False,False,False,False,False,True,False,Day,Day,Day,Day
SYN-956,Source3,2,2021-05-26 22:47:00,2021-05-27 00:29:00,32.248099,-110.946425,,,0.0,Incident on I-75 S near Exit 108. Expect delays.,I-75 S,Tucson,Pima,AZ,85744,US,US/Mountain,KTUS,2021-05-26 22:30:00,93.2,,87,29.85,10.0,CALM,6.7,,Clear,False,False,False,False,False,False,False,False,False,False,False,False,False,Night,Night,Night,Night
SYN-957,Source1,2,2023-02-02 08:03:00.000000000,2023-02-02 12:34:00.000000000,47.735886,-117.378285,,,0.0,Accident on Broadway at Oak St.,Broadway,Spokane,Spokane,WA,99251,US,US/Pacific,KGEG,2023-02-02 07:40:00.000000000,40.8,,65,30.23,10.0,W,19.7,0.0,Mostly Cloudy,False,False,False,False,False,False,False,False,False,False,False,False,False,Day,Day,Day,Day
SYN-958,Source1,2,2017-01-19 00:09:00.000000000,2017-01-19 02:39:00.000000000,30.235691,-97.814851,,,0.0,Incident on I-71 N near Elm St. Expect delays.,I-71 N,Austin,Travis,TX,78762-3077,US,US/Central,KAUS,2017-01-18 23:35:00.000000000,53.2,,25,29.37,10.0,W,7.8,,Thunderstorm,False,False,False,False,False,False,False,False,False,False,False,False,False,Night,Night,Night,Night
SYN-959,Source3,3,2021-02-25 07:14:00,2021-02-25 07:57:00,32.396655,-84.917123,,,0.0,Accident on Broadway at 5th Ave.,Broadway,Columbus,Muscogee,GA,31980,US,US/Eastern,KCSG,2021-02-25 06:59:00,49.0,44.5,62,29.26,10.0,SE,1.8,0.17,Rain,False,False,False,False,False,False,False,False,False,False,False,False,False,Day,Day,Day,Day
SYN-960,Source2,2,2018-05-18 07:16:00.000000000,2018-05-18 08:24:00.000000000,38.772997,-104.801135,,,0.0,Accident on I-10 W at 5th Ave.,I-10 W,Colorado Springs,El Paso,CO,80927,US,US/Mountain,KCOS,2018-05-18 07:03:00.000000000,66.3,,76,29.88,10.0,VAR,15.0,,Clear,False,False,False,False,False,False,False,False,True,False,False,False,False,Day,Day,Day,Day
SYN-961,Source2,3,2016-03-17 07:33:00,2016-03-17 10:46:00,33.988167,-118.296696,,,0.0,Accident on I-75 S at Elm St.,I-75 S,Los Angeles,Los Angeles,CA,90026,US,US/Pacific,KCQT,2016-03-17 06:50:00,63.2,,64,30.48,10.0,SE,19.1,0.38,Rain,False,False,False,False,False,False,False,False,False,False,False,False,False,Day,Day,Day,Day
SYN-962,Source2,2,2021-10-02 11:32:00,2021-10-02 16:00:00,37.342351,-121.916389,37.342935,-121.901215,1.675,Lane blocked due to accident on Market St.,Market St,San Jose,Santa Clara,CA,95106,US,US/Pacific,KSJC,2021-10-02 11:24:00,,,36,30.26,10.0,S,1.7,,Fair,False,False,False,False,True,False,False,False,False,False,False,False,False,Day,Day,Day,Day
SYN-963,Source2,2,2018-07-02 23:43:00,2018-07-03 03:19:00,40.792474,-74.014563,40.781337,-73.996236,2.174,Incident on I-70 E near Elm St. Expect delays.,I-70 E,New York,New York,NY,10041,US,US/Eastern,KNYC,2018-07-02 23:12:00,74.1,,64,30.45,10.0,E,10.6,,Clear,False,False,False,False,False,False,False,False,False,False,False,False,False,Night,Night,Night,Night
SYN-964,Source2,2,2021-08-29 01:23:00,2021-08-29 03:09:00,27.895635,-82.484251,27.889334,-82.480357,2.742,Lane blocked due to accident on Market St.,Market St,Tampa,Hillsborough,FL,33675-5961,US,US/Eastern,KTPA,2021-08-29 00:50:00,78.3,,71,29.39,10.0,S,24.4,,Fog,False,False,False,False,False,False,False,False,False,False,False,False,False,Night,Night,Night,Night
SYN-965,Source3,2,2022-06-23 16:52:00,2022-06-23 20:03:00,25.699762,-80.237709,,,0.0,Lane blocked due to accident on Main St.,Main St,Miami,Miami-Dade,FL,33168-8476,US,US/Eastern,KMIA,2022-06-23 16:20:00,85.4,,48,29.36,10.0,S,11.7,0.34,Light Rain,False,False,False,False,False,False,False,False,False,False,False,False,False,Day,Day,Day,Day
SYN-966,Source1,2,2020-10-08 07:47:00.000000000,2020-10-08 13:26:00.000000000,43.130466,-77.616203,,,0.0,"Right lane blocked due to accident on E Washington Ave, near Oak St.",E Washington Ave,Rochester,Monroe,NY,14674,US,US/Eastern,KROC,2020-10-08 07:32:00.000000000,57.9,,86,29.54,10.0,NNE,10.5,,Thunderstorm,False,False,False,False,False,False,False,False,False,False,False,False,False,Day,Day,Day,Day
SYN-967,Source1,2,2019-07-02 16:52:00,2019-07-02 17:23:00,33.396049,-112.087466,,,0.0,"Right lane blocked due to accident on I-10 W, near Oak St.",I-10 W,Phoenix,Maricopa,AZ,85076,US,US/Mountain,KPHX,2019-07-02 16:08:00,100.7,,48,29.58,10.0,SW,19.2,0.09,Rain,False,False,True,False,False,False,False,False,False,False,False,False,False,Day,Day,Day,Day
SYN-968,Source1,3,2020-08-15 16:48:00,2020-08-15 18:43:00,47.714674,-117.353634,,,0.0,Incident on N High St near 5th Ave. Expect delays.,N High St,Spokane,Spokane,WA,99231,US,US/Pacific,KGEG,2020-08-15 16:32:00,64.4,,74,29.89,10.0,NW,15.8,0.31,Light Rain,False,False,False,False,False,False,False,False,False,False,False,False,False,Day,Day,Day,Day
SYN-969,Source2,2,2019-12-17 03:59:00.000000000,2019-12-17 08:42:00.000000000,39.908560,-82.998097,39.913804,-83.004404,2.579,Accident on I-75 S at Exit 108.,I-75 S,Columbus,Franklin,OH,43214-1448,US,US/Eastern,KCMH,2019-12-17 03:10:00.000000000,34.0,26.7,27,30.33,,CALM,12.7,0.0,Partly Cloudy,False,False,False,False,False,False,False,False,False,False,False,False,False,Night,Night,Night,Night
SYN-970,Source3,2,2021-11-20 00:37:00.000000000,2021-11-20 04:14:00.000000000,47.563478,-122.374285,,,0.0,Lane blocked due to accident on I-71 N.,I-71 N,Seattle,King,WA,98153-6595,US,,KBFI,2021-11-20 00:37:00.000000000,44.4,41.4,61,29.99,10.0,VAR,19.7,0.0,Thunderstorm,False,False,True,False,False,False,False,False,False,False,False,False,False,Night,Night,Night,Night
SYN-971,Source2,2,2021-10-14 22:54:00.000000000,2021-10-14 23:14:00.000000000,41.553599,-81.738128,,,0.0,Accident on I-70 E at Park Rd.,I-70 E,Cleveland,Cuyahoga,OH,44120,US,US/Eastern,KCLE,2021-10-14 22:51:00.000000000,56.0,,62,30.46,10.0,NE,2.3,,Clear,False,False,True,False,False,False,False,False,False,False,False,False,False,Night,Night,Night,Night
SYN-972,Source1,2,2017-04-02 01:50:00,2017-04-02 05:58:00,32.477576,-85.054583,,,0.0,Accident on Main St at Exit 12.,Main St,Columbus,Muscogee,GA,31984,US,US/Eastern,KCSG,2017-04-02 01:45:00,66.4,,39,29.48,10.0,NE,12.2,,Fair,False,False,False,False,False,False,False,False,False,False,False,False,False,Night,Night,Night,Night
SYN-973,Source2,2,2019-07-10 22:49:00.000000000,2019-07-10 23:23:00.000000000,29.502748,-98.554968,29.520647,-98.550180,3.199,Accident on I-10 W at 5th Ave.,I-10 W,San Antonio,Bexar,TX,78223,US,US/Central,KSAT,2019-07-10 22:32:00.000000000,84.3,,97,29.89,10.0,SE,17.6,,Thunderstorm,False,False,False,False,False,False,False,False,False,False,False,False,False,Night,Night,Night,Night
SYN-974,Source1,2,2020-12-29 03:16:00.000000000,2020-12-29 04:05:00.000000000,34.014769,-118.217927,,,0.0,Accident on Highway 99 at Oak St.,Highway 99,Los Angeles,Los Angeles,CA,90072-2845,US,US/Pacific,KCQT,,54.7,,54,29.78,10.0,SE,12.0,,Haze,False,False,False,False,False,False,False,False,False,False,False,False,False,Night,Night,Night,Night
SYN-975,Source1,4,2020-03-04 04:55:00,2020-03-04 08:31:00,43.214279,-77.543137,,,0.0,"Right lane blocked due to accident on Broadway, near Exit 108.",Broadway,Rochester,Monroe,NY,14618-7691,US,US/Eastern,KROC,2020-03-04 04:31:00,42.6,,45,29.24,10.0,NNE,12.9,,Haze,False,False,False,False,False,False,False,False,False,False,False,False,False,Night,Night,Night,Night
SYN-976,Source2,2,2020-09-09 16:24:00,2020-09-09 20:15:00,47.537645,-122.394745,47.535126,-122.393313,1.285,Accident on Highway 99 at Oak St.,Highway 99,Seattle,King,WA,98178,US,US/Pacific,KBFI,2020-09-09 15:50:00,66.7,,87,29.89,10.0,E,11.1,,Overcast,False,False,False,False,True,False,False,False,False,False,False,False,False,Day,Day,Day,Day
SYN-977,Source1,2,2021-07-28 18:32:00.000000000,2021-07-28 20:19:00.000000000,32.474151,-85.046160,,,0.0,Accident on I-71 N at Exit 12.,I-71 N,Columbus,Muscogee,GA,31954,US,US/Eastern,KCSG,2021-07-28 18:20:00.000000000,78.7,,44,29.49,10.0,S,24.4,0.38,,False,False,False,False,True,False,False,False,False,False,False,False,False,Day,Day,Day,Day
SYN-978,Source1,1,2017-04-02 04:30:00.000000000,2017-04-02 06:27:00.000000000,43.173691,-77.562329,,,0.0,Incident on I-5 N near Exit 108. Expect delays.,I-5 N,Rochester,Monroe,NY,14657,US,US/Eastern,KROC,2017-04-02 03:51:00.000000000,46.8,,37,29.62,10.0,NNE,18.3,0.0,Thunderstorm,False,False,False,False,False,False,False,False,False,False,False,False,False,Night,Night,Night,Night
SYN-979,Source3,1,2022-03-06 18:08:00,2022-03-06 22:31:00,33.711231,-84.377963,,,0.0,Lane blocked due to accident on I-70 E.,I-70 E,Atlanta,Fulton,GA,30318,US,US/Eastern,KATL,2022-03-06 17:59:00,62.2,,41,30.34,10.0,S,1.8,0.18,Heavy Rain,False,False,False,False,False,False,False,False,False,False,False,True,False,Day,Day,Day,Day
SYN-980,Source2,3,2022-08-11 03:57:00.000000000,2022-08-11 08:39:00.000000000,33.424737,-112.082646,33.433343,-112.065283,3.902,"Right lane blocked due to accident on I-75 S, near Exit 108.",I-75 S,Phoenix,Maricopa,AZ,85090-4252,US,US/Mountain,KPHX,2022-08-11 03:33:00.000000000,95.9,,90,29.40,10.0,SE,,,Mostly Cloudy,False,False,False,False,False,False,False,False,False,False,False,False,False,Night,Night,Night,Night
SYN-981,Source3,3,2022-11-21 01:17:00,2022-11-21 03:47:00,29.785203,-95.359281,,,0.0,Lane blocked due to accident on I-90 E.,I-90 E,Houston,Harris,TX,77035,US,US/Central,KHOU,2022-11-21 00:37:00,62.0,,50,30.14,2.3,NE,0.2,0.0,Overcast,False,False,False,False,False,False,False,False,False,False,False,True,False,Night,Night,Night,Night
SYN-982,Source1,2,2023-01-17 20:39:00,2023-01-17 21:06:00,47.634367,-117.448173,,,0.0,"Right lane blocked due to accident on Main St, near Park Rd.",Main St,Spokane,Spokane,WA,99212,US,US/Pacific,KGEG,2023-01-17 19:52:00,37.9,,34,30.39,10.0,CALM,18.5,0.12,Rain,False,False,False,False,False,False,False,False,False,False,False,False,False,Night,Night,Night,Day
SYN-983,Source2,2,2016-02-14 11:52:00,2016-02-14 13:38:00,40.770291,-73.979990,,,0.0,Accident on I-5 N at Park Rd.,I-5 N,New York,New York,NY,10071-2138,US,US/Eastern,KNYC,2016-02-14 11:51:00,30.7,21.1,39,29.50,10.0,NNE,0.7,,Fair,False,False,False,False,False,False,False,False,False,False,False,False,False,Day,Day,Day,Day
SYN-984,Source1,2,2018-10-23 21:05:00.000000000,2018-10-23 21:22:00.000000000,39.176988,-84.561994,,,0.0,Accident on US-101 S at Exit 12.,US-101 S,Cincinnati,Hamilton,OH,45274,US,US/Eastern,KLUK,2018-10-23 20:19:00.000000000,48.7,39.8,75,29.55,10.0,W,16.8,0.0,Overcast,False,False,True,False,False,False,False,False,False,False,False,False,False,Night,Night,Night,Night
SYN-985,Source2,4,2018-02-11 12:45:00.000000000,2018-02-11 16:12:00.000000000,33.786792,-84.406695,33.779869,-84.408499,1.376,Accident on I-5 N at Park Rd.,I-5 N,Atlanta,Fulton,GA,30343,US,US/Eastern,KATL,2018-02-11 12:21:00.000000000,43.7,,97,29.24,10.0,SW,11.7,,Clear,False,False,False,False,False,False,False,False,False,False,False,True,False,Day,Day,Day,Day
SYN-986,Source1,2,2022-12-18 19:21:00,2022-12-19 00:08:00,32.723088,-117.181520,,,0.0,"Right lane blocked due to accident on Market St, near Exit 108.",Market St,San Diego,San Diego,CA,92109-2907,US,US/Pacific,KSAN,2022-12-18 18:57:00,53.3,,23,29.76,10.0,S,16.3,,Haze,False,False,False,False,False,False,False,False,False,False,False,False,False,Night,Day,Day,Day
SYN-987,Source2,2,2018-02-07 17:41:00,2018-02-07 21:39:00,34.085563,-118.220449,34.087417,-118.201986,1.254,Lane blocked due to accident on Highway 99.,Highway 99,Los Angeles,Los Angeles,CA,90085-3652,US,US/Pacific,KCQT,2018-02-07 17:25:00,58.4,,88,29.85,10.0,NW,10.8,0.0,Fog,False,False,False,False,False,False,False,False,False,False,False,False,False,Day,Day,Day,Day
SYN-988,Source1,3,2017-08-28 04:26:00,2017-08-28 10:24:00,33.520416,-112.026670,33.507553,-112.025838,1.294,Accident on I-70 E at Oak St.,I-70 E,Phoenix,Maricopa,AZ,85010-9489,US,US/Mountain,KPHX,2017-08-28 04:04:00,88.1,,22,29.86,10.0,NE,1.9,0.0,Haze,False,False,False,False,False,False,False,False,False,False,False,False,False,Night,Night,Night,Night
SYN-989,Source1,3,2016-10-24 18:26:00,2016-10-25 00:09:00,33.524571,-112.141057,,,0.0,"Right lane blocked due to accident on Broadway, near Oak St.",Broadway,Phoenix,Maricopa,AZ,85082-3891,US,US/Mountain,KPHX,2016-10-24 17:56:00,69.9,,89,30.15,9.3,NW,24.0,0.0,Fog,False,False,False,False,False,False,False,False,False,False,False,False,False,Day,Day,Day,Day
SYN-990,Source1,3,2017-09-15 10:24:00.000000000,2017-09-15 12:42:00.000000000,32.715118,-117.090810,32.707519,-117.072637,0.210,Lane blocked due to accident on State Route 4.,State Route 4,San Diego,San Diego,CA,92117,US,US/Pacific,KSAN,2017-09-15 09:55:00.000000000,63.0,,29,29.67,10.0,,1.6,0.0,Fog,False,False,False,False,False,False,False,False,False,False,False,False,False,Day,Day,Day,Day
SYN-991,Source2,1,2021-10-25 10:17:00,2021-10-25 16:05:00,32.738515,-96.738975,32.749087,-96.737527,2.251,Accident on Main St at Exit 108.,Main St,Dallas,Dallas,TX,75273,US,US/Central,KDAL,2021-10-25 10:00:00,73.8,,95,29.94,10.0,E,22.1,0.05,Light Rain,False,False,False,False,False,False,False,False,False,False,False,False,False,Day,Day,Day,Day
SYN-992,Source2,2,2017-03-18 03:03:00,2017-03-18 07:35:00,32.698145,-117.220231,,,0.0,"Right lane blocked due to accident on Highway 99, near 5th Ave.",Highway 99,San Diego,San Diego,CA,92158,US,US/Pacific,KSAN,2017-03-18 03:03:00,64.4,,64,29.55,10.0,,3.0,0.08,Light Rain,False,False,False,False,False,False,False,False,False,False,False,False,False,Night,Night,Night,Night
SYN-993,Source2,3,2018-02-12 11:35:00,2018-02-12 13:59:00,40.642079,-74.077696,40.644005,-74.082128,3.204,Incident on N High St near Exit 12. Expect delays.,N High St,New York,New York,NY,10088,US,US/Eastern,KNYC,2018-02-12 11:04:00,32.5,30.1,59,30.39,10.0,CALM,17.8,0.0,,False,False,True,False,False,False,False,False,False,False,False,False,False,Day,Day,Day,Day
SYN-994,Source1,3,2021-09-11 18:33:00,2021-09-11 21:43:00,33.394109,-112.091002,33.408436,-112.101780,1.501,"Right lane blocked due to accident on I-10 W, near Elm St.",I-10 W,Phoenix,Maricopa,AZ,85003,US,US/Mountain,KPHX,2021-09-11 18:21:00,89.1,,70,30.10,10.0,NNE,11.5,0.0,Mostly Cloudy,False,False,False,False,False,False,False,False,False,False,False,False,False,Day,Day,Day,Day
SYN-995,Source2,2,2020-08-28 23:24:00,2020-08-29 00:59:00,27.912725,-82.458965,,,0.0,Incident on State Route 4 near Park Rd. Expect delays.,State Route 4,Tampa,Hillsborough,FL,33614,US,US/Eastern,KTPA,2020-08-28 23:02:00,,,28,29.59,1.8,CALM,23.7,,Overcast,False,False,False,False,False,False,False,False,False,False,False,False,False,Night,Night,Night,Night
SYN-996,Source2,2,2018-12-23 08:03:00,2018-12-23 13:19:00,29.682078,-95.366029,29.685931,-95.356432,2.547,"Right lane blocked due to accident on Highway 99, near Exit 12.",Highway 99,Houston,Harris,TX,77061-9639,US,US/Central,KHOU,2018-12-23 07:25:00,62.1,,39,29.23,10.0,SW,6.2,0.0,Fog,False,False,True,False,False,False,False,False,False,False,False,False,False,Day,Day,Day,Day
SYN-997,Source1,2,2020-11-20 05:12:00,2020-11-20 09:34:00,30.332657,-97.777630,30.330576,-97.760797,2.433,Accident on Main St at Exit 108.,Main St,Austin,Travis,TX,78702-4015,US,US/Central,KAUS,2020-11-20 04:36:00,65.4,,49,29.82,10.0,E,17.2,,Overcast,False,False,False,False,False,False,False,False,False,False,False,True,False,Night,Night,Night,Day
SYN-998,Source2,2,2019-05-20 22:50:00.000000000,2019-05-21 01:12:00.000000000,43.114992,-77.566826,,,0.0,Accident on Market St at 5th Ave.,Market St,Rochester,Monroe,NY,14606,US,US/Eastern,KROC,2019-05-20 22:44:00.000000000,62.0,,73,29.65,10.0,NNE,24.3,,Haze,False,False,False,False,False,False,False,False,False,False,False,False,False,Night,Night,Night,Night
SYN-999,Source2,1,2018-11-04 11:40:00.000000000,2018-11-04 16:59:00.000000000,38.555457,-121.540713,38.557800,-121.539451,3.538,Lane blocked due to accident on I-70 E.,I-70 E,Sacramento,Sacramento,CA,95893-8776,US,US/Pacific,KSAC,2018-11-04 11:34:00.000000000,62.4,,30,30.09,8.7,VAR,8.7,,Cloudy,False,False,False,False,False,False,False,False,False,False,False,False,False,Day,Day,Day,Day
SYN-1000,Source2,2,2022-04-05 22:17:00,2022-04-06 04:09:00,29.383159,-98.527219,,,0.0,Incident on I-71 N near Oak St. Expect delays.,I-71 N,,Bexar,TX,78276,US,US/Central,KSAT,2022-04-05 21:33:00,72.6,,81,29.60,10.0,N,,,Cloudy,False,False,False,False,False,False,False,False,False,False,False,False,False,Night,Night,Night,Night
